5107237592,hjfgioiiopopjp,各位亲爱的朋友 今天为大家推荐一本好书 和我一起做一个有着书香气息の女子吧 金九粒的微博视频 ,0,0,0,1572537480000
5297298197,我是mhr,各位亲爱的朋友 今天为大家推荐一本好书 和我一起做一个有着书香气息の女子吧 金九粒的微博视频 ,2,1,0,1572537480000
3951144902,西塞罗23,徐坤：我到底该看哪？？@蔡徐坤  微博视频 ,0,0,0,1572537360000
,编年说,:【菲律宾又发生6.6级强震：多地震感强烈 后续还有余震】海外网10月31日电据中国地震台网测定，当地时间31日上午9时11分许，菲律宾棉兰老岛发生里氏6.6级地震，震源深度10公里。据美国有线电视新闻网CNN31日报道，此次强震波及到了菲律宾棉兰老岛的部...http://t.cn/Ai1DPv9D ,0,0,0,1572537300000
1734494904,智方成的谢勇,11年前的汶川地震，15名空降兵临危受命，从近5000米高空纵身一跃，空降震中地带，撕开营救缺口。如今11年过去，再看这段视频，震撼仍在，热血犹温。 实事热点的微博视频 ,0,0,0,1572537300000
1726091253,sagittarius陈秋阳,:听说我们四川又地震了；为嘛我们大四川那么倒霉 ,0,1,0,1572537240000
3744520162,很坏之中等最好,:我永远记得2013年雅安地震的时候，那个时候我们快高二，正在上数学课，六颗米老师沉着冷静让我们先走，啊这该死的中年男人的魅力，抽烟都那么帅。 ,0,0,0,1572537180000
3193387235,温初十,:沈木在最黑暗的那段时光认识了周朝，是周朝的陪伴，让沈木一步步坚持的走了出来。周朝曾问沈木：你会不会是因为我在你最难的时候，给予了你陪伴和帮助，你将那种依赖误认为了爱。沈木觉得周朝是自己生命里的一道光，他追着光，就能够抓到未来：我不否认我对你的感情里夹杂着某些情绪，但我依旧是爱你的，这份爱超越了其他的感情。周朝便笑了：好，那我们在一起一辈子。沈木笑着拥抱那道光。他们在一起的第一个月，周朝对沈木倾尽了所有的爱意，沈木从未发现，竟然会有这么一个人能够在自己的只言片语中，便可知晓自己想要的，自己喜欢的，沈木无时无刻都欢喜着。他们在一起的第二个月，他们吵架了，周朝问沈木：为什么什么事你都要我来问你，你才开口跟我说，我曾以为我是你的天，你会百分之百依赖我，可是我感受不到了，你什么都不跟我说，什么都要我逼你。沈木不懂，周朝曾说过，自己什么样子他都喜欢，他不用为了周遭改变什么，可，他本身就是这样的啊。他们在一起的第三个月，他们又吵架了，周朝对沈木说：我感受不到你对我感情的回馈，我对你没有任何要求，我只是想要你把爱我的感情表现的明显一点，这很难吗？沈木说，我是爱你的，我会改的。他们在一起的第四个月，周朝变得越发话少，对沈木也越发的挑剔，一旦发生争执，到最后，都会变成对沈木的指责。沈木肚子不舒服，没什么想吃的，在周遭那里变成了爱吃不吃。沈木生病了无法动弹，只想躺着先好好休息，在周遭那里变成了只想一个人呆着，那你就自己呆着吧。沈木说感受到了地震，周朝，周朝哦了一声，开始说他自己的事。沈木突然觉得自己好累，也好迷茫，他曾坚定的相信周朝是他这辈子做的最对的选择，他们能在一起一辈子，可是现在呢，沈木不知道他为什么还在坚持，他觉得周朝已经不爱他了，他不知道为什么他们现在变成了这样。他们在一起的第五个月，他们终究没能携手走下去，沈木失去了曾经的光，不知什么时候才能找到真正属于自己的那道光。,1,0,0,1572537180000
,No·1761Asteroid,#偶然发现的一天#吻戏花絮来了！！！！160亲192需要蹦起来！！！！！！！！！！！！！哈哈哈哈哈哈哈哈哈哈哈哈哈哈哈哈甜死个人，男主低头，女主蹦高就为kiss,0,0,0,1572537180000
5632125870,小小域,:北美圣殿骑士团整容理发中心Before&After 里斯本大地震奇迹生还者谢伊寇马克先生倾情推荐 ,0,0,0,1572537120000
5206771108,一叶富强一,各位亲爱的朋友 今天为大家推荐一本好书 和我一起做一个有着书香气息の女子吧 金九粒的微博视频 ,0,0,0,1572537060000
,地震讯息,:【德国地球科学研究中心】发布，2019-10-31 23:44:00 在 伊朗南部（纬度:26.05°N 经度:54.72°E http://t.cn/Ai1esO6s） 发生4.6级地震，震源深度:10.0公里，查看详细http://t.cn/Ai1esO6k #Apphttp://t.cn/R0R71yZ ,1,1,0,1572537060000
7318661800,用户7318661800,#地震快讯#中国地震台网正式测定：10月31日9时11分在菲律宾棉兰老岛（北纬7.05度，东经125.25度）发生6.6级地震，震源深度10千米。@中国地震台网速报 ,0,0,0,1572536940000
5880480746,王海丰老师的小迷弟,:【菲律宾棉兰老岛31日发生6.5级地震，震源深度10千米。】来自 话匣子 详情见: http://t.cn/Ai1eFRR2 (来@阿基米德FM 收听更多) ,0,0,0,1572536940000
6195324174,赛罕应急管理,:【地震来了该怎么办？2分钟短视频教你如何保命】地震是一种自然现场，地球上每年约发生500多万次地震，不过当中绝大多数震级太小，大多数感觉不到。真正能给人类造成危害的地震，全球每年大约有一二十次，那么当地震发生时我们应该怎么办呢？ 山东环境的微博视频 ,0,0,0,1572536880000
6021068772,JDONseunghyub,？为啥我听出了大篷车的感觉哈哈哈哈哈哈哈哈哈哈印度神曲曲风 韩国·Seoul korea lO_Ohs的微博视频 ,0,0,0,1572536880000
2611819695,您蔡,各位亲爱的朋友 今天为大家推荐一本好书 和我一起做一个有着书香气息の女子吧 金九粒的微博视频 ,0,0,0,1572536880000
6400713554,勤劳的卡大叔,各位亲爱的朋友 今天为大家推荐一本好书 和我一起做一个有着书香气息の女子吧 金九粒的微博视频 ,0,0,0,1572536880000
5860216528,ANSI201808,各位亲爱的朋友 今天为大家推荐一本好书 和我一起做一个有着书香气息の女子吧 金九粒的微博视频 ,0,0,0,1572536700000
5832936041,刘宇宁的蜡笔小新,#张云雷调侃汶川地震##张云雷李欧神仙爱情# 二奶送你们一首歌,0,0,0,1572536700000
5719922629,樱井家茶,东京10/30 致辞尼：我的兴趣，是欺负相叶雅纪。从Jr.的时候开始一直都是这样。那时即使被舞蹈老师狠狠地训了——你给我好好跳！我也不会生气会好好努力，因为我必须跳地一点没错才能毫无顾虑地笑爱拔君。但是今天……我真的十分懊悔……为什么果空开头会唱错了呢,0,0,0,1572536640000
6454707889,苍_日常忘恰药,各位亲爱的朋友 今天为大家推荐一本好书 和我一起做一个有着书香气息の女子吧 金九粒的微博视频 ,0,0,0,1572536640000
5848735301,齐锤伊丽莎白,【中字】我们家的熊孩子 下期预告  55555我好期待 草莓牛奶味的Haru的微博视频 ,0,0,1,1572536580000
6192406172,MD_言浅ilyn,#张云雷调侃汶川地震##张云雷李欧神仙爱情# 二奶送你们一首歌,0,0,0,1572536580000
3103414112,陳小狗咧,距离汶川地震已经过去很多年了，但是每次看到这段视频里的场景，仍然会忍不住热泪盈眶。  中国正能量的微博视频 ,0,0,0,1572536580000
2961571804,吃全家桶,:今天有多累呢大概就是现在地震了也不想跑 厦门 ,9,0,1,1572536520000
5828237705,虫PAPA虫,#张云雷调侃汶川地震##张云雷李欧神仙爱情# 二奶送你们一首歌,1,0,0,1572536520000
6799766049,野蛮小炮弹33,#张云雷调侃汶川地震##张云雷李欧神仙爱情# 二奶送你们一首歌,0,0,0,1572536520000
3524464601,丧尸墨苦瓜,#李佳琦推荐双十一爆款#所有女生，双十一必买的爆款散粉来咯~性价比高又非常好用，真的是国货之光，OMG抢它！,0,0,0,1572536460000
,乾坤再造2024,:《科学家看到了地球的未来？火星和月球都发生了地震，会是前兆吗》大家都知道，出现在地球上的地震主要是因为板块与板块之间的相互挤压，使得板块与板块之间的平衡出现混乱。http://t.cn/Ai1eDcFC 看2024乾坤巨变 ,3,0,0,1572536460000
5843854235,多士多1905,:上次地震时跑掉的小狗终于自己找回来了,2,0,4,1572536460000
3173053394,_____Liii,#张云雷调侃汶川地震##张云雷李欧神仙爱情# 二奶送你们一首歌,0,0,0,1572536460000
1646170900,猷猷的娘亲,#张云雷调侃汶川地震##张云雷李欧神仙爱情# 二奶送你们一首歌,1,0,0,1572536460000
7319907782,老鼠药2019,各位亲爱的朋友 今天为大家推荐一本好书 和我一起做一个有着书香气息の女子吧 金九粒的微博视频 ,0,0,0,1572536400000
5220828763,辛無晴faye,各位亲爱的朋友 今天为大家推荐一本好书 和我一起做一个有着书香气息の女子吧 金九粒的微博视频 ,0,0,0,1572536400000
1646170900,猷猷的娘亲,#张云雷调侃汶川地震##张云雷李欧神仙爱情# 二奶送你们一首歌,1,0,0,1572536400000
5478478920,青山依旧在---几度夕阳红,#地震快讯#中国地震台网正式测定：10月31日09时11分在菲律宾棉兰老岛（北纬7.05度，东经125.25度）发生6.6级地震，震源深度10千米。（ @中国地震台网 @新华视点 @人民日报 @央视新闻 @头条新闻 @微天下 ） ,0,0,0,1572536400000
1920112641,花林样少年华,:旅游是人们生活中的一种方式，古镇是近几年最火热的旅游项目之一，很多地方都会根据当地的情况开发一些供人们旅游的特色古镇。可能很多喜欢旅游的朋友都去过我国那些特别出名的古镇旅游区，然而在我国还有很多古镇也是非常具有特色的。今天就为大家介绍一个古镇，它在我国的北方是一个最具特别的景点，因为它的古街横跨了三个省份，也就是说，如果来到这个古镇旅游，就相当于可以同时去到三个省份。这条古镇就是排在我国北方十大古镇名列之一的青木川古镇。它目前是被列为国家的4A级旅游景区，青木川则是位于陕西省的一个小镇的名字，为了保留当地的特色，也为了代表当地，所以仍然沿用它原本的名字作为古镇的一个标志。而这个名字最初是根据镇上的一棵青川古树才得此名字。这条古镇最大的一个特色就是贯穿了三个省，因为它刚好位于陕、甘、川的交界处，所以人们用了一种拟人化的手法来给了它一个美誉：一脚踏三省。青木川古镇的特点不仅是它的地理位置特殊，它还具有良好的自然条件，这对古镇的修建与形成起着重要的作用。在我国也有很多带有浓厚商业气息的古镇，而这类古镇带来的感觉却是现代化的，所以即使刻意的去设计也不会有古城的效果。青木川古镇则拥有很多丰富且历史悠久的文化资源，那些带有传统文化的街区和当地人的生活都体现出了古时候的民风民俗。青木川古镇有一部分坐落于四川，由于地震自然灾害的因素，曾经有些古建筑就被毁坏过。有一条800米长的回龙场古街就是连接三个省份的连接点，这里也是很多旅客必游的景点。虽然它曾遭到过破坏，但这条古街起着很重要的作用，所以它也是这个古镇著名的景点之一。喜欢旅游的朋友千万不要错过这样一个特色古镇，因为青木川古镇是一个充满文化历史底蕴的地方，也是一个适合四季旅游的景区。不知道大家对于我国北方这个最特别的古镇，有什么不一样的看法呢？... http://t.cn/Ai1eetVR,0,0,0,1572536280000
5679292017,A_桫枍,:可能很多人不知道，这首歌是为台湾“九二一”大地震而作的，却没有一般赈灾歌曲那种说什么我们众志成城，万众一心之类的，更没有说多难兴邦。只是一种劫后余生的感慨，教人要好好珍惜每一天，那个在灾难来临时，心里担心的那个人才是真爱，能在一起，那就尽量好好的，别等到突然诀别了才悔恨不已。晚安💓,5,0,0,1572536280000
6094543144,视频妓,:怎么感觉地震了？？ 专员开车的微博视频 http://t.cn/EUHnBU4 ,16,3,3,1572536280000
2980980485,爷们智慧谋强,11年前的汶川地震，15名空降兵临危受命，从近5000米高空纵身一跃，空降震中地带，撕开营救缺口。如今11年过去，再看这段视频，震撼仍在，热血犹温。 实事热点的微博视频 ,0,0,0,1572536220000
3903551111,liangyuanliangyuan,2010年4月，青海玉树发生地震 群众热线的微博视频 ,0,0,0,1572536160000
1628799734,爱坤-一生,徐坤：我到底该看哪？？@蔡徐坤  微博视频 ,0,0,0,1572536160000
5825893991,我不说话你也别说,各位亲爱的朋友 今天为大家推荐一本好书 和我一起做一个有着书香气息の女子吧 金九粒的微博视频 ,0,0,0,1572536100000
7137455153,小杨小杨别来无恙,:既然来了，就听个故事吧。2008年那场触目惊心的地震过后，国家第一时间组织力量去救援，这就包括大量的中共党员和解放军战士。而当第一批战士到达时，余震还比较多，救援环境十分危险。其中有一个班的战士冒着生命危险从一间危房中救出了一个老百姓。可是让人没想到的是，当那个老百姓得救之后，却非要逼着战士们再进去给他拿柜子里的存折。老兵们都劝他说钱财乃是身外之物，这个时候救人要紧，存折丢了以后可以挂失，没关系的。结果没想到这一番劝说，却不知点爆了对方的哪根神经，此人一下就怒了，开始骂骂咧咧。说自己是纳税人，说自己是解放军的衣食父母，说那么多解放军平时吃的粮食拿的津贴都是纳税人的血汗，结果没想到一到关键时刻就不肯都帮纳税人办事了！中国政府、中国军队就是不行，等等。老兵们一开始不理他，可随着此人越骂越凶，一名新兵战士坐不住了。他说：“你骂我可以，但我不允许你侮辱我所在的部队，不允许你侮辱我所在的国家，今天我就去给你拿存折！” 说完不顾战友们的阻拦，拼命冲进了危房。结果过了一会儿，余震又来了，轰地一声，这个年轻的战士就被砸死在了那间危房里，而这名战士牺牲那天才刚满17岁。我讲给你听这个故事，并不是说我们军人怕流血怕牺牲，而仅仅是怕不值。,35,1,24,1572536100000
5838250829,臭美美公子,#甘肃夏河县5.7级地震#   当遇到地震时，怎样的逃生方式生存率最高？戳↓↓千万别慌张，希望所有的灾难只是虚惊一场，愿所有人平安遇到地震怎么办？——国家应急广播 ,0,0,0,1572536100000
,SUSUKOBE,各位亲爱的朋友 今天为大家推荐一本好书 和我一起做一个有着书香气息の女子吧 金九粒的微博视频 ,0,0,0,1572536100000
,一颗氯雷他定呀,各位亲爱的朋友 今天为大家推荐一本好书 和我一起做一个有着书香气息の女子吧 金九粒的微博视频 ,0,0,0,1572536100000
1833939187,昌明北,＜queendom＞中看着忙内#孔敏智[超话]# 发来的应援视频信，惊讶流泪的#朴春[超话]# ，熟悉的口号响起来的一瞬间ㅠㅠㅠㅠㅠㅠㅠㅠㅠㅠ我的眼泪不值钱(cr twt) 韩流的微博视频 ,0,0,0,1572536040000
2881452752,河畔伊人wfx,11年前的汶川地震，15名空降兵临危受命，从近5000米高空纵身一跃，空降震中地带，撕开营救缺口。如今11年过去，再看这段视频，震撼仍在，热血犹温。 实事热点的微博视频 ,0,0,0,1572535980000
1953174732,我是一个曼联球迷,各位亲爱的朋友 今天为大家推荐一本好书 和我一起做一个有着书香气息の女子吧 金九粒的微博视频 ,2,0,0,1572535920000
,gegemoon,十 八 禁 话 题：工作 公司 合同 保险 年假 老板 甲方 外包 ,0,0,0,1572535920000
1915509993,难得糊涂难呀难,11年前的汶川地震，15名空降兵临危受命，从近5000米高空纵身一跃，空降震中地带，撕开营救缺口。如今11年过去，再看这段视频，震撼仍在，热血犹温。 实事热点的微博视频 ,1,0,0,1572535800000
3196194367,枠枠绛lm,:看了10版的唐山大地震陈道明太绝了 演技真的炸裂前面地震的场面看哭了不过我不能理解方登怀孕后彻底消失那几年 养父对她这么好 老伴已经没了 就剩下他一个人怎么会忍心彻底和他断了联系 ,5,0,0,1572535800000
7200027363,用户0860501874,:菲律宾棉兰老岛发生6.8级地震 震源深度22公里 菲律宾棉兰老岛发生6.8级地震 震源深度22公里 ,0,0,0,1572535800000
5263649859,KKKKeyan,:我真的对楼下的物价感到害怕  开始买了一盒🍊 大概5、6个 我以为20多一盒  好家伙 结账的时候给我说68？？？ 吓得我赶紧放回去然后谁能想到这三节甘蔗7.5呢？？？ 听到价格的我瞳孔都在地震 明明我上周在重庆买了一根才10.8一分钟前才买了卤香豆干的我美滋滋 下一秒好一脚踩空 打包盒摔的稀烂,1,0,4,1572535740000
6195324174,赛罕应急管理,:【遇到地震怎么办】戳视频，让急急侠告诉你，遇到地震你该怎么办↓↓↓遇到地震怎么办？——国家应急广播 ,0,0,0,1572535740000
2600872004,猫志摩和陆小喵,各位亲爱的朋友 今天为大家推荐一本好书 和我一起做一个有着书香气息の女子吧 金九粒的微博视频 ,0,0,0,1572535680000
6109521536,Evelyn_24,#偶然发现的一天#吻戏花絮来了！！！！160亲192需要蹦起来！！！！！！！！！！！！！哈哈哈哈哈哈哈哈哈哈哈哈哈哈哈哈甜死个人，男主低头，女主蹦高就为kiss,0,0,0,1572535680000
7200027363,用户0860501874,:菲棉兰老岛再发生6.5级地震 暂无中国公民伤亡 菲棉兰老岛再发生6.5级地震 暂无中国公民伤亡 ,0,0,0,1572535680000
3247654494,晨光午茶摘聞繪友分享閱讀觀,:『每经23点 | 上交所：40家已上市科创板公司收入利润整体双增长；上汽大众召回部分帕萨特汽车；菲律宾南部6.5级地震已致5人死亡 | 每日经济新闻』每经23点 | 上交所：40家已上市科创板公司收入利润整体双增长；上汽大众召回部分帕萨特汽车；菲律宾南部6.5级地震已致5人死亡 ,0,0,0,1572535680000
1800227592,飞你一脸牙刷,:分别看了千古情和印象丽江，记忆最深的是大地震，触动了心底的那根弦，传递了内心，而且舞美简直美到爆炸。相比印象丽江好像不太能理解他的意思，看得不是太懂。看来我真的是没文化真可怕 丽江·丽江千古情景区-实景剧场 ,0,0,0,1572535620000
1742204894,_小强要拎得清,:“地震了，没事，有我在”/博哥 ,0,0,0,1572535620000
5781179549,坎塔希,花絮真的太好笑了 “chú去” “搁这儿捏” “好可爱好喜欢她”而且我看这位采访已经被猫传染 关键时刻挺会算数的 多巴胺都在呐喊的微博视频 ,0,0,0,1572535620000
7200027363,用户0860501874,:菲律宾南部再发生4.8级地震 震源深度10千米 菲律宾南部再发生4.8级地震 震源深度10千米 ,0,0,0,1572535620000
,棉花球咩,十 八 禁 话 题：工作 公司 合同 保险 年假 老板 甲方 外包 ,0,1,3,1572535620000
7200027363,用户0860501874,:菲律宾南部6.5级地震 已致5人死亡 菲律宾南部6.5级地震 已致5人死亡 ,0,0,0,1572535620000
3939985213,飙亖,:#亚洲新歌榜##台湾，平安# 2月6日晚23点50分，台湾花莲附近海域发生6.5级地震。希望台湾同胞能一起都好平平安安，加油！台湾！ ,0,0,0,1572535560000
6554986344,u-mbr-ella,各位亲爱的朋友 今天为大家推荐一本好书 和我一起做一个有着书香气息の女子吧 金九粒的微博视频 ,0,0,0,1572535500000
5100893780,小鱼儿的双鱼座,:看个唐山大地震哭死,1,0,0,1572535500000
2843230410,mmyz鸭梨,#教育部发文消灭本科水课#，收下这份教育部推荐的801门国家精品课程，涵盖经济、计算机、哲学、心理学等多个学科！助你全方位提升自己，马 ,1,0,0,1572535440000
5023678771,来一颗小橘软糖吧,各位亲爱的朋友 今天为大家推荐一本好书 和我一起做一个有着书香气息の女子吧 金九粒的微博视频 ,0,0,0,1572535320000
5264839149,钮钴禄·麟懿,:院子里的房子没有塌，那次地震和余震只是让房子的墙壁裂了缝隙罢了，希望上天能用神力修补好那墙上触目惊心的裂缝。在太阳的照耀下向日葵依旧在院子中盛开如初🌻 ,16,0,7,1572535320000
5133599868,米立的,#偶然发现的一天#吻戏花絮来了！！！！160亲192需要蹦起来！！！！！！！！！！！！！哈哈哈哈哈哈哈哈哈哈哈哈哈哈哈哈甜死个人，男主低头，女主蹦高就为kiss,0,0,0,1572535260000
6072765237,塔城同城,:#地震微科普# 在地下车库或山路行车时遇到地震，该如何应对?（新疆震知道） 新疆地震局的微博视频  ,0,0,0,1572535260000
5220006161,无趣无生气,:最近总是梦见一些真实世界里的恐怖事件。例如，家里阳台窗户一推就掉到楼下；宿舍地震我床边的梯子断掉了；手机被我摔裂成两半……真实到我起床以后真的仔仔细细地确认这些事情有没有发生……,1,0,0,1572535260000
6195324174,赛罕应急管理,:来段地震避险科普视频，不知道有人愿意看吗：大地震发生后的强余震仍然会有一定的破坏性，余震活动特点及防范措施请戳视频 中国地震台网速报的微博视频 ,0,0,0,1572535260000
6072765237,塔城同城,:#地震科普# 【转给更多人！】1．迅速关闭电源和煤气。2．就地选择安全处躲避。3．远离阳台、禁止跳楼、禁止乘坐电梯。4．高楼撤离时应走安全通道。5．家住平房尽快跑出室外到开阔地区避震。 四川省地震局的微博视频 ,0,0,0,1572535260000
5977163506,鹿宝Stella_0928,:磕瘟了,1,0,0,1572535200000
1855954693,手机用户1855954693,:昨晚的夜梦让自己撕心裂肺哭醒  梦到在地震中失去了我的宝贝  来相劝的却是日子中平淡相处之人  梦 真的很有意思   来之不明  去之有迹 ,0,0,0,1572535140000
6186190610,平川电竞,:#新浪看点# 大龄中二病患者直播“混不下去”，和女高中生逃脱大地震大龄中二病患者直播“混不下去”，和女高中生逃脱大地震 ,1,0,0,1572535140000
5067081021,朱迪爱上闪电,:前阵子经历地震，凌晨一点多被震醒，摇的最激烈的时候，意识清醒，全身肌肉完全苏醒，心脏跳动的厉害极了，那一刻说心脏快从嗓子眼儿蹦出来了也不会觉得夸张，那一刻全身肌肉记住了那晚的震动感，整个人被摇的木楞在那里，不知道要干什么，也想不起逃跑，脑海里全都是面对死亡的深深的恐惧，那一刻觉得自己肯定要死了，第一次有了对死亡的直观感受，然而剧烈的震动很快过去，虽有余震，好在安全，可是那一夜我失眠了，害怕的不敢睡去，凌晨五点多昏沉过去，微弱的曙光叫醒了我，我凸的翻身起来，拉开窗帘，看到周围熟悉的一切都安好无损，那一刻心里满满都是感激！满满的感恩！好在地震并没有造成什么伤害，一切就像吹来的一股强有力的龙卷风，呼啸而来，转瞬即逝，我们都好好的，我们都活着，我们没有受到一丁点儿的伤害，地震的事情也很快就翻篇了，可是那一夜全身肌肉记住的那个震感，却让自己留下了后遗症，稍有摇动，总觉得要天崩地裂了，我一直对周围朋友说那晚地震给我吓出毛病了，朋友们都笑笑说大震跑不掉，小震不要紧，让我不要那么惜命，说的的确在理，只是自己从来没有认真思考过生死问题，更没有直观体验过死亡的可怕，这一刻我沉默不语，因为面对生死我有了新的感官和体验，这一刻我学了敬畏生命，生活不易，需要好好珍惜自己！,0,0,0,1572535080000
5531010637,媛湘妹妹,【#甘肃地震已致21人受伤# 3千多间房屋受损】@中国地震台网 正式测定，10月28日1时许，甘肃甘南州夏河县发生5.7级地震，震源深度10千米。截至10月28日18时，地震造成21人受伤，合作市1975人受灾，1192间房屋一般性受损，夏河县2097户房屋受损，院落墙体倒塌17户。#夏河县5.7级地震# http://t.cn/Ai1lIKtU,0,0,0,1572535080000
7051246008,深海亡鱼丶mengliu,:出道20多年后，孙海英逐渐走红，但是一向直说话的孙海英，抨击中国的电影行业，由此得罪了不少娱乐圈中的人。其中就有冯小刚。当年送票风波事件，孙海英炮轰冯小刚装洋葱，并且还扬言自己一定不会看冯小刚执导《唐山大地震》。而冯小刚也恨恨地表示自己就是有票也不会给他，如果孙海英有病的话，自己可以送药给他!,0,0,0,1572535080000
1185274470,cimuqing,:中国历史上最严重的大地震，就是发生在明嘉靖年间1556年陕西省南部渭河流域的华县大地震，这次地震以陕西渭南、华县、华阴和山西永济四县为重灾区，地震强度达到8级，因为破坏性非常强也引发了一系列的其他自然灾害，再加上地震发生时正值夜间，很多人在熟睡中就被掩埋，即使是侥幸没有死于地震也因为发生在冬季大多被饿死、冻死。据记载死亡人数达到83万，是目前世界上已知死亡人数众多的地震。有专家认为这次地震损失惨重的原因，除了地震发生在深夜、震区人口稠密等因素外，还有当时的抗震救灾体系不健全，民众防灾减灾意识薄弱，应当引以为戒。,1,0,0,1572535020000
7128754918,贝贝不可爱鸭,#陈立农泰语#哈哈哈哈哈哈哈“卡崩卡 萨瓦迪卡 买米买菜买冬瓜”笑死我了快来听陈立农说泰语饭圈少女的秒拍视频 ,0,0,0,1572535020000
5269858367,良月情话,:#灾难应急[超话]##为生命呐喊# 地震在室内如何自救？迅速在小开间、承重墙角、炕沿下或低矮、坚固的家具边，以及坚固的桌子下或床下等安全地点躲避。尽快用枕头或坐垫护住头部，俯身藏于床边。　　住在楼房，躲避时不要靠近窗边或阳台，千万不要跳楼。逃生时绝对不可乘坐电梯，要选择有安全门的楼梯，从安全通道迅速撤离。住在平房，如果屋外场地开阔，发现预警现象早，应尽快跑到室外开阔地避震。　　在影剧院、体育场馆，观众可蹲在座椅旁或舞台脚下，震后在工作人员组织下有秩序地疏散。在商场、饭店、书店、地铁、展览馆等公共场所，要选择结实的拒台、柱子边、内墙角等处就地蹲下，避开玻璃门窗、橱窗和拒台;避开高大不稳和摆放重物、易碎品的货架;避开广告牌、吊灯等悬挂物。        为了自己，为了所爱的人们，学会自救。,9,0,2,1572535020000
6346165902,羊忆柏常,:突然震了下……我以为地震了……大喊地震了 ,0,0,1,1572534960000
3192613860,幸运之欣2013,:#读书##一起家庭教育##荐书#      诺贝尔文学奖得主加西亚·马尔克斯曾说：“趁年轻，好好利用这个机会，尽力去尝遍所有痛苦，这种事可不是一辈子什么时候都会遇到的。”但是我们今天的父母却处处替孩子着想，怕孩子受苦，为孩子代劳，甚至甘愿让孩子啃老也在所不惜。这就使得我们的后代只能生活在顺境里，从而逐渐丧失了承受挫折与苦难的力量和勇气。这些看似幸福的孩子，他们不仅感受不到生活的幸福甜蜜，反而变得精神倦怠、思想匮乏、意志薄弱、气量狭小。这些，都值得我们当家长的好好反思。       所以，我想和大家分享一本非常优秀的儿童文学小说《少年与芨芨草》，作者是北师大的文学教授张国龙。他用略带压抑的笔触，讲述了少年主人公于压西的艰难成长经历和自强不息的意志。同时，他还告诉我们亲爱的小读者，什么才是生命的意义和生活的真谛。        下面是我想要和大家分享的内容。        ……像是经历了极度的紧张，于压西长长地喘了口气，他不停地咬着嘴唇，眼睛里放射出愤怒的火焰。看样子，他想哭，但他顽强地控制住了自己的情绪。我点燃了一支烟，等待着他说出记忆中最痛苦的事儿。        叔叔，您问我爸爸是怎么死的？我这就告诉您。叔叔，您经历过地震吗？您听说过1995年4月26日发生的埂河大地震吗？我爸爸就是在那次地震中被砸死了的。那一次，我们农场总共死了106人，我的几个好朋友都死了。叔叔，经历了那次地震之后，我就开始相信命运了，我知道这样的想法不好，可是我找不到更好的理由来安慰自己，宁愿相信这一切都是老天爷的安排。也只有这样想过了之后，我才好受一些。叔叔，地震过去两年多了，可是好多问题我到现在还想不通。刚才我给您讲过，我们农场方圆几百里地，算得上是很辽阔吧，可地震偏偏发生在我们农场场部，而且震中竟然在人口密集的家属区。当时正是下午五点半，人们大多待在家里。我觉得老天爷真是睁着眼睛在搞恶作剧，要是震中稍微挪点地方，或者地震早半个小时发生，大家正好在回家的路上，我们农场也不会死那么多的人，说不定我爸爸也就好好的了。再说，农场里死的那些人基本上都是老人和孩子，年轻力壮的男人中，就我爸爸一个人死了。地震的第二天就是爸爸参加自考的日子。那天，他一直把自己关在屋子里看书。要是他不参加考试，说不定他就在外面出差……我真的想不明白，为什么他这么倒霉，他考了十年的自考，就剩下最后一门课了。第二天的考试他要是通过了，他就是大学生了。不是说苦尽甘来吗？不是说好人一生平安吗？然而，这些对我爸爸来说，简直就是些废话。他死了，他什么都顾不上了，再也没有机会了，所有的梦想变成了肥皂泡。山清水秀的老家，他是永远都回不去了……唉！这到底是怎么回事儿？那些时候，我伤心得都快疯了。我说什么也不敢相信这一切都是真的，我怎么也接受不了爸爸不在了这个事实。没有谁能回答我，也没有谁能安慰我。当生活中再也没有爸爸的身影了，再也没有他那亲切的声音和微笑的面孔了，我只能对自己说，爸爸也许去了另一个世界，那个世界没有灾难！       讲到这里，于压西泪流满面，扑在桌子上抽泣。我坐到他身边，轻轻地拍着他的肩。此时，车厢里一片死寂。窗外，漆黑一片，我的眼睛也湿润了……    【 “大作家小故事书系”《少年与芨芨草》，浙江教育出版社2018年出版】,1,0,1,1572534960000
3120814847,sherrysaid,各位亲爱的朋友 今天为大家推荐一本好书 和我一起做一个有着书香气息の女子吧 金九粒的微博视频 ,0,0,0,1572534960000
,武汉体育学院体育科技学院,:#晚安科院#,12,0,0,1572534960000
1110751843,大海高山夕阳傍晚,:不知道是不是因为我的脉搏跳得太猛了,0,0,0,1572534960000
6101001505,科普君_88,:为何日本地震后，公路是整齐从中间切开呢？原因令人佩服 科普君_88的微博视频 ,3,1,0,1572534900000
7304686813,陌上200609,:#王皓轩[超话]#[鲜花]#王皓轩正能量# 一张图引发的地震！潜水的、冬眠的、早睡的都出来了！确实，这谁扛得住啊？@王皓轩LIVERPOOL 来看看，你的玄米的都好会夸啊！ ,9,1,2,1572534900000
6112311591,轰唯夜,2019.10.31 能户隆：🎃山冈先生画的element万圣节来了🎃 ,0,0,0,1572534840000
6072765237,塔城同城,:【遇到灾害怎么办？十条法则要记牢！】遇到地震、火灾、洪水、台风、泥石流、雷击、暴雪、龙卷风等灾害怎么办？请牢记这十条安全法则。 中华人民共和国应急管理部的微博视频 ,0,0,0,1572534780000
7110520702,--Enganengk,:请问 刚刚 哪里地震了 成都震感明显,0,0,0,1572534780000
6336825047,乃哥的理享,:明石跨海大桥位于神户市西边的舞子，从地图上看不远的地方，坐JR列车也得小半个小时。这个景点是来之前非常向往的地方。这座海峡大桥最长的悬索结构大桥，总长3911米，联通神户市和淡路岛。据说这座大桥在1995年的坂神大地震中只受到了微创，可见设计的抗震能力和施工能力真的是非常棒。由于在神户市区待得时间有些长，到达舞子已经是5点了，赶紧出站，站前就是桥，桥与海连接在一起，非常壮观，桥上的汽车飞驰而过，登上桥上的观景台，可以看到对面海上的景色。由于观景台六点半就关门了，只能参观半个小时多。下了观景台天也就黑了。 旁边就是移情阁，名字虽然很暧昧，但确是孙文先生在日本的根据地之一，想想当年，孙先生来到日本，每天望着这海水在思考中国的未来，也是任重而道远。这里空气新鲜，环境优雅，看到许多沿着海散步和跑步的人，其实在这里居住，在神户市或大阪市上班也是非常不错的选择。七点多坐车返回神户，碰到了一件有趣的事。神户三宫站前一家开了很久的商场被另一家标杆商店品牌并购了，9月30日是她最后一天以原名开业的时间，晚上八点准备很多很多的市民聚集在商场门口，包括地面门口和地下商业街的门口，都在等待，与其说等待不如说是想与这家开业多年相伴多年的商场再多相处一会儿，这里肯定寄托了他们太多的回忆了。这一场面给我太多的震撼，日本人真的是很执着，很念旧。神户的旅程就介绍到这里，一座日本与西方文化结合的城市，一座魅力之城。 http://t.cn/RPl6qJy,1,0,0,1572534780000
1159817177,南瓜载我来的,#地震快讯#中国地震台网正式测定：10月31日09时11分在菲律宾棉兰老岛（北纬7.05度，东经125.25度）发生6.6级地震，震源深度10千米。（ @中国地震台网 @新华视点 @人民日报 @央视新闻 @头条新闻 @微天下 ） ,0,0,0,1572534720000
,美了个景,:【尼泊尔】面积仅14.7万平方公里的尼泊尔，被BBC评为“一生必去的10个国家”之一。除了壮丽的喜马拉雅山之外，尼泊尔还有众多世界文化遗产。2015年4月25日，尼泊尔发生8.1级地震，众多古建筑倒塌，那些震撼心灵的文化遗产，有的永远留在了照片中。 ,0,0,0,1572534720000
7110520702,--Enganengk,:地震了？ ,0,0,0,1572534720000
5532663254,克里姐姐,:最近苦练卷头发，可惜手头只有一个小直板夹。成果蛮惨烈的，全方位录视频看，只有前面180度是能见人的，后脑勺根本就是大地震。苦练两天，终于学会了s型刘海（算会了吧,2,0,9,1572534720000
6576094417,shuijingshou99_,:我好困好困好困，但照这形势下去，一个还在下面泡脚，估计上床还得叹气加慨叹半小时，一个小个小时左右就得在床上跺下脚，说不定还得用他的体重让半个寝室发下地震，我日你们妈 ,0,0,0,1572534720000
2078164527,Coffeedyo,#R1SE[超话]# ✨#亚洲新歌榜# 【戏客现场】R1SE群访完整实录🔥，主持人问，对“相声天团”的称呼有什么看法，成员们纷纷看向对方 😂 满脸：？？？#视频星计划#  #R1SE吸血鬼妆容# 戏客Seeker的微博视频 ,0,0,0,1572534720000
6520563608,碳酸mojito,#偶然发现的一天#吻戏花絮来了！！！！160亲192需要蹦起来！！！！！！！！！！！！！哈哈哈哈哈哈哈哈哈哈哈哈哈哈哈哈甜死个人，男主低头，女主蹦高就为kiss,0,0,0,1572534720000
5862201390,酒窝_出击,:他即便有错也是曾经为他奋战过的粉丝说，还轮不到那些路人假么假事来凑热闹踩一脚。那我祝你家的房子永远坚固能扛八级地震。 ,5,0,1,1572534720000
1285763555,adong100,:《【一起看，领红包】面积超125个国家，菲律宾第二大岛，为什么少有人去？》据中国地震台网正式测定：10月29日09时04分在菲律宾棉兰老岛发生6.6级地震，震源深度10千米。http://t.cn/Ai1encYa ,0,0,0,1572534660000
5500512948,天天想吃面包的总攻,今天为长末泪水小喷的一个细节,0,0,0,1572534660000
5746559946,给妞笑一个小汪汪,:记录今日 1科室山大研究生成为全国第九千例造血干细胞捐献者，成功挽救了一名白血病儿童，休息两周后回科室啦 2今晚进行了应急预案演练失火 猝死 停电 地震 感觉居民区也应该定期进行应急预案演练，全民行动 3晚上参加了三甲复审的考试 感觉没意思，制度落实到工作中，以病人为中心，严守慎独精神。检查者会直接提问问题吗,0,0,0,1572534660000
1596068974,肥皂泡D梦想,11年前的汶川地震，15名空降兵临危受命，从近5000米高空纵身一跃，空降震中地带，撕开营救缺口。如今11年过去，再看这段视频，震撼仍在，热血犹温。 实事热点的微博视频 ,0,0,0,1572534600000
7274859224,不言l小说,#经贸夜话# 小可爱说一下自己家乡让人羡慕的事情吧,0,0,0,1572534600000
,水木娃娃shary,11年前的汶川地震，15名空降兵临危受命，从近5000米高空纵身一跃，空降震中地带，撕开营救缺口。如今11年过去，再看这段视频，震撼仍在，热血犹温。 实事热点的微博视频 ,0,0,0,1572534600000
3479734393,MD_宁哥哥的小烟嗓,#张云雷调侃汶川地震##张云雷李欧神仙爱情# 二奶送你们一首歌,0,0,0,1572534540000
6149946425,最强的混徒,#偶然发现的一天#吻戏花絮来了！！！！160亲192需要蹦起来！！！！！！！！！！！！！哈哈哈哈哈哈哈哈哈哈哈哈哈哈哈哈甜死个人，男主低头，女主蹦高就为kiss,0,0,0,1572534480000
6328914558,某锟牌儿小粘糕,:tmd我一个不搞赫海的每次都被真到尖叫，一次更比一次真，牛批。这房子🏠怕是十级大地震宇宙无敌台风都不能撼动一丝一毫这张图我好喜欢，一直珍藏在相册里 ^ ^ ,0,0,0,1572534420000
,地震讯息,:【德国地球科学研究中心】发布，2019-10-31 22:58:41 在 伊朗北部和中部地区（纬度:35.22°N 经度:53.43°E http://t.cn/Ai1eRrv2） 发生4.5级地震，震源深度:10.0公里，查看详细http://t.cn/Ai1eRrvq #Apphttp://t.cn/R0R71yZ ,0,0,0,1572534420000
,回眸一笑百妹晕,:【尼泊尔】面积仅14.7万平方公里的尼泊尔，被BBC评为“一生必去的10个国家”之一。除了壮丽的喜马拉雅山之外，尼泊尔还有众多世界文化遗产。2015年4月25日，尼泊尔发生8.1级地震，众多古建筑倒塌，那些震撼心灵的文化遗产，有的永远留在了照片中。 ,0,0,0,1572534360000
,国家应急广播,#地震快讯#中国地震台网正式测定：10月31日9时11分在菲律宾棉兰老岛（北纬7.05度，东经125.25度）发生6.6级地震，震源深度10千米。@中国地震台网速报 ,5,2,1,1572534300000
2625449521,蜡笔朝,距离汶川地震已经过去很多年了，但是每次看到这段视频里的场景，仍然会忍不住热泪盈眶。 群众热线的微博视频 ,0,0,0,1572534240000
6523785446,乌龙奶茶不乌龙,徐坤：我到底该看哪？？@蔡徐坤  微博视频 ,0,0,0,1572534180000
,Guksukhyun,#陈立农泰语#哈哈哈哈哈哈哈“卡崩卡 萨瓦迪卡 买米买菜买冬瓜”笑死我了快来听陈立农说泰语饭圈少女的秒拍视频 ,1,1,1,1572534180000
6412058542,林北不普通,各位亲爱的朋友 今天为大家推荐一本好书 和我一起做一个有着书香气息の女子吧 金九粒的微博视频 ,0,0,0,1572534180000
,金刀王,#地震快讯#中国地震台网正式测定：10月31日09时11分在菲律宾棉兰老岛（北纬7.05度，东经125.25度）发生6.6级地震，震源深度10千米。（ @中国地震台网 @新华视点 @人民日报 @央视新闻 @头条新闻 @微天下 ） ,0,0,0,1572534180000
6444537222,解钰雯,#地震快讯#中国地震台网正式测定：10月31日09时11分在菲律宾棉兰老岛（北纬7.05度，东经125.25度）发生6.6级地震，震源深度10千米。（ @中国地震台网 @新华视点 @人民日报 @央视新闻 @头条新闻 @微天下 ） ,1,0,0,1572534120000
6279686628,飞驰的付小娇,:荷载 效应 天然重度 土的自重应力 雪压 基本雪压 楼面活荷载 楼面均布荷载 土的侧向压力 静水压力 冻土 冻胀力 风压  标准高度，地貌，公称风速的时距，最大风速样本时间，基本速度的重现期  横向风风振梯度风高度  脉动风  雷诺数 Karman涡街 风载体型系数 驰振 地震能 体波（P波+S波） 瑞雷波 洛夫波 正八字形裂缝 结构可靠度 目标可靠度,0,0,3,1572534120000
2350947494,豆子爱吃豆苗,幸亏看到了，差点就把这些楼全买了！！,0,0,0,1572534060000
,中国地震台网速报,#地震快讯#中国地震台网正式测定：10月31日09时11分在菲律宾棉兰老岛（北纬7.05度，东经125.25度）发生6.6级地震，震源深度10千米。（ @中国地震台网 @新华视点 @人民日报 @央视新闻 @头条新闻 @微天下 ） ,127,10,27,1572534000000
2342067367,想昵称是一件死脑细胞的事情,各位亲爱的朋友 今天为大家推荐一本好书 和我一起做一个有着书香气息の女子吧 金九粒的微博视频 ,0,0,0,1572534000000
6966964995,赫宰可爱又有sense而我也是的,#偶然发现的一天#吻戏花絮来了！！！！160亲192需要蹦起来！！！！！！！！！！！！！哈哈哈哈哈哈哈哈哈哈哈哈哈哈哈哈甜死个人，男主低头，女主蹦高就为kiss,0,0,0,1572534000000
1731237727,Mellisa就是小么么,:有人说地震了地震了，然后有的人说你这个精神病滚nmd别打扰老子睡觉，然后真地震了…求求@陈诚同学 你做个人吧，干点工作吧，别tm沉迷跑跑卡丁车了！ ,2,0,0,1572533940000
,乾坤再造2024,:《民国发生的这起地震，相当于11个唐山大地震，地震波绕地球两圈》这是1920年12月6日晚鲁迅在北京写下的日记，他一定没想到这篇日记最后成为了纪录人类史上有记录的最大地震唯一的文字记载。http://t.cn/Ai1eQwaq 看2024的天地人巨变 ,3,0,0,1572533940000
3272114271,wxttx五行通天下,:今天连续有二次🔥灾和一次菲律宾6.5级地震发生，美国山林大火至今未得到有效控制，再次提醒大家农历十月千万千万要重视安全第一 ,2,0,0,1572533820000
6525779747,烨公子是丿南宫烨儿丿,:记得上学时，有一次说“盐”断了，世界上么盐了，而且盐是人体每天必须的，不吃不行，闹得人心惶惶，盐价也涨了，我不知道一袋盐的价格是多少，但当时涨的价是2.5元/袋，我身边所有的同学都给家里打电话说赶紧买盐，就我一个另类在哪里看她（他）们，实在看不下去了我也给家里打电话让买盐，最后我妈说有盐……就像上初中有一次地震了（同学都用“校园通”和家长联系），除了我一个另类，其他人都大晚上给父母打电话询问家里地震了吗等，我舍友实在看不下去了说我怎么不打电话，我……去到电话机跟前发现自己么有“校园通卡”，最后借了舍友的手机给老妈打了个电话…… http://t.cn/R2WxDYW,0,0,0,1572533820000
5989137641,小葵酱晨,徐坤：我到底该看哪？？@蔡徐坤  微博视频 ,0,0,0,1572533640000
,被同事发现不得不改昵称的桶桶,:瞳孔地震，等于我们光呆的相方都是爷爷级别的是这个意思吗 ,0,0,0,1572533580000
6524690841,影视萌小萌,:#唐山大地震#大地震来临，砸死了好多人，画面太残忍恐怖了！ 影视萌小萌的微博视频 ,0,0,0,1572533520000
2547879135,ViVi睡神,:他们说刚才大连地震了，床晃了一下，我怎么一点没感觉到呢？是我太沉了压住床了，还是我太困了，睡觉吧，最近这两天脑袋稀碎稀碎的，我太难了。 ,4,0,1,1572533520000
2682325333,晉生齊緣,:突然間，人事就來個大地震，措手不及啊!!!突如其來的大變動，讓要做的事大爆增，天啊!!明天會忙死,0,0,0,1572533520000
7328324227,放生与烟供,:巧用因果规律，改造自我生命　　业果里边有四个原则。　　第一个是，业果是决定的。你造了善业的话，你感的果是乐果;造了恶业的话，感的果决定是苦果，不会错的。不会说我造了很多善业结果受苦了，造了好多的恶业反而受快乐了，这个是没有的。　　世间上眼光短浅，喜欢冒险，看见有人做了好事却受苦，做了坏事却发了大财嘛，他搞错了，以为业果是没有的。你看，他做了坏事还不是发财了，这个发财是他过去的业果，过去他是布施供养，所以他现在发财了，但是今生所造的业，将来是要受的。　　所以说，我们第一个要认识因果是不虚的。造了善业感到乐果，我们不能说造了善业感了善果，这是不行的，果是无记的，不分善恶，只能说是苦乐。所以，善有善报这个话是不科学的，也是不符合佛教的原则的。只能说是善有乐报，恶有苦报，造了善业决定是得乐报，造了恶业决定是得苦报，这是决定的，这是第一个，业果是决定的。　　第二个，业果是增长的。虽然你造的业很小，将来的果也不会受很大的果吧?小时候做点小偷小摸的，不会受大苦的，这个错了。业虽然很小，但是感的果报可以很大。就像我们世间上来说，种树的时候，树的种子很小，将来发了芽，长了枝，成了很大的树，就会结很多的果子，这就是说，因虽然很小，将来发展会无限地扩大的。所以说，不要以爲小的坏事就可以做了，也不要说小的善事没有什麽大果就不干了。小的善事好好做的话，也会得大果，所以说，业果是会增长的，这是第二个。　　第三个，没有造的业是不会受果的。有的人碰到地震了，那些有共业的都死掉了，假使他没有共业的话，他就不死的，这个过去海公***给我们讲的公案。　　好象是说，过去四川哪里(过去哪一年我记不清了)，他说有一个人，他有一天晚上睡觉，觉也睡不着，他翻来覆去地睡不着，他就干脆出门散步去了，他散步散步就往城外走了，走出城门的时候，就听到叹个声音，人看不到，“哦，对了，出去了。”他也不知道什麽意思，他就往城外郊区散步去了。结果没有走了多远，整个城“轰”的一下，全部蹋下去，很多人就地震全埋了，而他就没有这个业报，他就跑了，就免掉了。他没有这个业，这个业来了，他自然而然会跑掉了。所以说，没有造的业是不会受报的，这是恶报了。好报也是一样的。赌博、投机啊，你没有造善业，你再怎麽赌博、再怎麽投机取巧骗人，你也不会发财的。所以说，我们做人要老老实实。　　第四个，已经造的善业也好，恶业也好，如果没有受到真实破坏，它是永远不会失坏。什麽叫真实破坏呢?假使善业，如果你起瞋恨心，那就是焚烧功德林，烧完了，好容易造了很多功德的树林，你只要一念瞋恨心起来，就破坏了，那就没有了。那麽恶业呢，你要修忏悔法，也可以消除。所以说我们有的人担心造了罪怎麽办?　　干脆不要管它算了，这个错了，造了罪就忏悔嘛。不忏悔的话，这个罪都是要受的。假使你忏悔之后，最起码可以把这个罪减轻，也可能全部消除。造善业也一样的，你如果造了善业，做了很多的功德事情，但是你一旦起了很大的瞋恨心或者做了很大的坏事，这个功德也就报销了，没有了。　　所以我们要知道业报的道理，这个道理知道之后，我们可以善巧地利用业报的规律来达到我们的要求。这就是说，业报里边，最根本的有这四个条件：一个业是决定的，造善业决定得乐报，造恶业决定得苦报，这是不会错的。　　所以说，我们做事情要尽量做好事，不要投机取巧，做坏事不会得好报的。第二个，不要以爲造的业小，就不在乎，虽然种子是很小，但是果可能会很大，是会发展的。第三个，你没有造的因，没有造的业，这个果绝对是不会産生的。就是说，你不没有造恶业的话，你不会受苦报的，你没有造善业的话，好报也不会到来的。第四个，业没有破坏的话，没有忏悔的话，是永远存在的，一定是要受报的。但是就是说你中间忏悔的时候，恶业可以消除，可以减轻。善业，假使你破坏了，起瞋恨心，做极大的坏事，破坏三宝的事做了，也会把功德林烧掉的。所以业报有这四个根本的原则。 http://t.cn/RJ2IpDz,0,0,0,1572533460000
,沙哑的喧嚣,:今天 听说 排污量较大 和 用水量较大的 厂 已经被限制生产了 …这次的 旱情 真的好严重啊 ！明天开始 生活用水 也增加 限制时间了 ！今天 还在和 老妈说 以后再也不能 一天一把澡了！我们这一代 也是“幸运” 几十年不遇的 大地震 几十年不遇的 大洪水 几十年不遇的 大旱情 都被我们遇上了……#安徽江西多地旱情##安徽现严重旱情##滁州生活# http://t.cn/RxeVdq2,0,0,0,1572533460000
,皆城总士的眼镜,2019.10.31 能户隆：🎃山冈先生画的element万圣节来了🎃 ,1,2,0,1572533460000
3834872536,兮兮丸子的小幸福,11年前的汶川地震，15名空降兵临危受命，从近5000米高空纵身一跃，空降震中地带，撕开营救缺口。如今11年过去，再看这段视频，震撼仍在，热血犹温。 实事热点的微博视频 ,0,0,0,1572533400000
6212226699,木蓝茶陌97327,:拖了这么久终于还是看了烈火英雄，我的眼泪不要钱,4,0,0,1572533340000
2693097825,笔记之本,距离汶川地震已经过去很多年了，但是每次看到这段视频里的场景，仍然会忍不住热泪盈眶。 群众热线的微博视频 ,0,0,0,1572533340000
3650036520,海绵宝宝吃不饱,该来的总会来系列沙雕表情包一发完美好是他们的沙雕是我哒~ （又名：那些年我们入坑的心路历程🚬🚬🚬） ,0,0,0,1572533340000
2485660783,Hunter_46M,怎么感觉地震了？？    专员开车的微博视频 http://t.cn/R9wahxG ,0,0,0,1572533280000
5209083778,老王再战江湖山东教师孙洪其,纪录片 地震前的动物征兆。Animal.Omens （中文字幕）动物可以预警地震吗？纪录片告诉你。 环球纪录频道的微博视频 ,3,0,0,1572533280000
1799635001,watermelon_耶,:被对手各种挑衅的一天，我累了，可以有地震的技能把对方的楼震塌吗,2,0,9,1572533220000
5778498720,鹿小小CR7,:突然想起来我我追星黑历史，曾经有某个糊13的粉丝以给地震捐款为理向粉丝募捐，说以xx的名义捐款，在贴吧里发了一个不知名银行卡账号，我就真的把我的生活费打过去了……后来就没有后来了，所以说小学生和中学生的韭菜是最好割的 ,0,0,2,1572533220000
3357022780,生活在小时代,距离汶川地震已经过去很多年了，但是每次看到这段视频里的场景，仍然会忍不住热泪盈眶。 群众热线的微博视频 ,0,0,0,1572533220000
6163279138,故國舊影,:视察地震灾区的周恩来一行人，邢台，1966年摄。 ,96,6,4,1572533160000
7318925631,点点7318925631,:晚上6点我在家里炒菜，感觉房子动了一下，我还以为是地震，好怕怕我要回农村 点点7318925631的微博视频 ,0,0,0,1572533160000
1691018895,9Twenty,各位亲爱的朋友 今天为大家推荐一本好书 和我一起做一个有着书香气息の女子吧 金九粒的微博视频 ,0,3,0,1572533160000
1418863243,heyanwu_HO,:看到那远古时期的溪流，它什么时候形成？由于两边的石壁，而且对面石壁还是几乎垂直的，就是岩浆翻滚时期地表开裂，伴随地震，所以是岩浆活跃期。而且河床是岩浆自行填充的。比如两边开裂，有些滴落下来到河床。那些裂缝有些局部不知道多深，慢慢填充掉了。有水？ ,0,0,3,1572533100000
5824645936,西呀么西了个西,#景向谁依[超话]#余秋的每日一抖上线啦,0,0,0,1572533100000
3905372253,唯宁解忧,都等着更新呢？？？哈哈哈哈 一首《二奶之歌》送给好朋友们,0,0,0,1572533040000
3962916608,薄荷香草牛奶糖,#偶然发现的一天#吻戏花絮来了！！！！160亲192需要蹦起来！！！！！！！！！！！！！哈哈哈哈哈哈哈哈哈哈哈哈哈哈哈哈甜死个人，男主低头，女主蹦高就为kiss,0,0,0,1572532980000
6363645438,新升实小一2班,:发表了博文《新升实小紧急疏散演练》通过应急逃生演练，使全校师生掌握应急逃生的正确方法，熟悉我校紧急疏散的程序和路线，确保在火灾或地震来临时，应急工作能快速、高效、有序地进行，最大限度地保障全校师生的生新升实小紧急疏散演练 ,0,0,0,1572532920000
5354047495,勇敢的網紅君,各位亲爱的朋友 今天为大家推荐一本好书 和我一起做一个有着书香气息の女子吧 金九粒的微博视频 ,0,0,0,1572532860000
1979901507,会一直爱你啊,#偶然发现的一天#吻戏花絮来了！！！！160亲192需要蹦起来！！！！！！！！！！！！！哈哈哈哈哈哈哈哈哈哈哈哈哈哈哈哈甜死个人，男主低头，女主蹦高就为kiss,0,0,0,1572532860000
,曓鼜,各位亲爱的朋友 今天为大家推荐一本好书 和我一起做一个有着书香气息の女子吧 金九粒的微博视频 ,0,0,0,1572532860000
5628760594,荥小满,:肚子里见天儿的地震，天天震,0,0,0,1572532860000
2813106274,阿拉蕾哥儿,各位亲爱的朋友 今天为大家推荐一本好书 和我一起做一个有着书香气息の女子吧 金九粒的微博视频 ,0,0,1,1572532860000
3357022780,生活在小时代,距离汶川地震已经过去很多年了，但是每次看到这段视频里的场景，仍然会忍不住热泪盈眶。 群众热线的微博视频 ,0,0,0,1572532740000
6110243185,流浪的小Q呀,#张云雷调侃汶川地震##张云雷李欧神仙爱情# 二奶送你们一首歌,0,0,0,1572532740000
1961181191,Ms熊大宝,:大连的宝贝，感觉到地震了吗？#大连地震# 大连·钻石湾 ,1,0,0,1572532740000
5804591037,tianshishushu,距离汶川地震已经过去很多年了，但是每次看到这段视频里的场景，仍然会忍不住热泪盈眶。 群众热线的微博视频 ,0,0,0,1572532740000
5898683780,一只肥菲菲,各位亲爱的朋友 今天为大家推荐一本好书 和我一起做一个有着书香气息の女子吧 金九粒的微博视频 ,0,0,0,1572532680000
,灥小林,各位亲爱的朋友 今天为大家推荐一本好书 和我一起做一个有着书香气息の女子吧 金九粒的微博视频 ,1,0,0,1572532680000
5600054912,尚未解冻,各位亲爱的朋友 今天为大家推荐一本好书 和我一起做一个有着书香气息の女子吧 金九粒的微博视频 ,1,0,0,1572532680000
2678158471,MD_牛崽崽,#张云雷调侃汶川地震##张云雷李欧神仙爱情# 二奶送你们一首歌,0,0,0,1572532620000
2678158471,MD_牛崽崽,都等着更新呢？？？哈哈哈哈 一首《二奶之歌》送给好朋友们,0,0,0,1572532620000
6602288875,就爱lyn520,#张云雷调侃汶川地震##张云雷李欧神仙爱情# 二奶送你们一首歌,0,0,0,1572532620000
3905372253,唯宁解忧,都等着更新呢？？？哈哈哈哈 一首《二奶之歌》送给好朋友们,2,0,0,1572532620000
5607931009,SweetEJ_,#偶然发现的一天#吻戏花絮来了！！！！160亲192需要蹦起来！！！！！！！！！！！！！哈哈哈哈哈哈哈哈哈哈哈哈哈哈哈哈甜死个人，男主低头，女主蹦高就为kiss,0,0,0,1572532620000
6084297949,我爱煎饼果子2016,距离汶川地震已经过去很多年了，但是每次看到这段视频里的场景，仍然会忍不住热泪盈眶。 群众热线的微博视频 ,0,0,0,1572532620000
6324855582,应钟已别久,:寝室日常迷惑对话萱:我们去看电影吧税:最近有部电影，讲抑郁症的连:啥？讲地震的？ ,0,0,0,1572532560000
5695656964,飞云龙68,距离汶川地震已经过去很多年了，但是每次看到这段视频里的场景，仍然会忍不住热泪盈眶。 群众热线的微博视频 ,0,0,0,1572532560000
5598480935,pSalmpSalm,#朱一龙2019相伴相守# 小居瞳孔地震三连@朱一龙 ,1,0,0,1572532560000
6444388896,每天都很奇葩,💧 ,0,0,0,1572532560000
2681892755,鳗鱼口牙,#张云雷调侃汶川地震##张云雷李欧神仙爱情# 二奶送你们一首歌,0,0,0,1572532500000
5752937383,滴答dida__,#偶然发现的一天#吻戏花絮来了！！！！160亲192需要蹦起来！！！！！！！！！！！！！哈哈哈哈哈哈哈哈哈哈哈哈哈哈哈哈甜死个人，男主低头，女主蹦高就为kiss,0,0,0,1572532500000
3173053394,_____Liii,#张云雷调侃汶川地震##张云雷李欧神仙爱情# 二奶送你们一首歌,0,0,0,1572532440000
,Banana-can,各位亲爱的朋友 今天为大家推荐一本好书 和我一起做一个有着书香气息の女子吧 金九粒的微博视频 ,3,0,0,1572532440000
6253491759,hihereOvO,各位亲爱的朋友 今天为大家推荐一本好书 和我一起做一个有着书香气息の女子吧 金九粒的微博视频 ,3,0,0,1572532440000
7018719798,MD_説給左耳,#张云雷调侃汶川地震##张云雷李欧神仙爱情# 二奶送你们一首歌,0,0,0,1572532440000
5238083711,X玉如意,:冒个泡吧，地震的是棉兰，我是在马尼拉 ,1,0,0,1572532380000
7193556149,用户7193556149,【正式测定！#甘肃夏河县5.7级地震#】中国地震台网正式测定：10月28日01时56分在甘肃甘南州夏河县（北纬35.10度，东经102.69度）发生5.7级地震，震源深度10千米。 ,0,0,0,1572532380000
6602288875,就爱lyn520,#张云雷调侃汶川地震##张云雷李欧神仙爱情# 二奶送你们一首歌,1,0,0,1572532380000
7011190290,吴扶WuFu,:何等大事，被爱！何等更为重大的事，爱！心因激情而英雄化了。除了纯洁的东西以外，心里什么也没有了，除了高贵和伟大的东西以外，它什么也不依附了。邪恶的思想已不能再在这心里滋长，正如荨麻不能生在冰山上。欲念和庸俗的冲动所不能攀缘的崇高宁静的灵魂高踞青天，镇压着人世间的乌云和黑影，疯狂，虚伪，仇恨，虚荣，卑贱，并且只感别来自命运底下的深沉的震撼，有如山峰感知地震。,2,0,0,1572532380000
5736840531,Riddle咔,用之前上海的租金，可以在东京住什么样的房子？#租房狗找房有多难##VLOG星体验##katandsid[超话]#  KatAndSid的微博视频  抽奖详情 ,1,0,0,1572532380000
5825967544,南乔青致,:#大连地震# 大连市甘井子区 晚上10:15左右 有震感。 ,0,0,0,1572532380000
2584273507,谭谭小飞,#急急侠话科普#【遇到地震怎么办】中国地震台网正式测定：10月31日16时3分在四川雅安市石棉县（北纬29.07度，东经102.35度）发生3.6级地震，震源深度15千米。戳视频，让急急侠告诉你，遇到地震你该怎么办↓↓↓遇到地震怎么办？——国家应急广播 ,0,0,0,1572532320000
5561213561,朝盐焗鱼丸,今天为长末泪水小喷的一个细节,1,1,0,1572532320000
6602288875,就爱lyn520,#探清水河#探河水清不知所终。不管怎么说，结局都是以悲情而告终，留给后人的，只有这首《探清水河》刘宇宁版本探河水清 LYN眼睛里有星星的微博视频 ,0,0,0,1572532320000
6333359809,少年智者6333359809,:有三块最肥沃的土地 。1.恩田，值得我们感恩的人，比如父母2.敬田，最值得我们恭敬的人，比如老师。3.悲田，最值得我们同情的人，比如。四川地震中受难的同胞。取决于你当下的种子的行动力，简单来说就是心动不如行动，如果想种下正面的种子，现在。现在就是最棒的时候！ ,0,0,0,1572532320000
3992985685,赵赵赵-赵淘淘,#张云雷调侃汶川地震##张云雷李欧神仙爱情# 二奶送你们一首歌,0,0,0,1572532260000
5507211695,MD_木兮LYN,#张云雷调侃汶川地震##张云雷李欧神仙爱情# 二奶送你们一首歌,0,0,0,1572532200000
7325781300,幻墨成烟high_deep,:威力必定强上数倍。 ruimou　　这时，姬阳的骨出现异变，轻微的声音传来，格外微妙，但姬阳敏锐察觉到了。 　　不敢相信，他的掌心骨出现一道道肉眼难以捕捉的裂痕！   第62章 孟 #医院回应林俊杰吊水针头被卖##甘肃夏河县5.7级地震##我们的歌# ,0,0,0,1572532200000
6885770067,MD_月儿3,#张云雷调侃汶川地震##张云雷李欧神仙爱情# 二奶送你们一首歌,0,0,0,1572532140000
6618955995,爱宁的曦,都等着更新呢？？？哈哈哈哈 一首《二奶之歌》送给好朋友们,0,0,0,1572532140000
2134264363,CyyPclLxcXf,#偶然发现的一天#吻戏花絮来了！！！！160亲192需要蹦起来！！！！！！！！！！！！！哈哈哈哈哈哈哈哈哈哈哈哈哈哈哈哈甜死个人，男主低头，女主蹦高就为kiss,0,0,0,1572532080000
6498130023,宁宁啊lyns,都等着更新呢？？？哈哈哈哈 一首《二奶之歌》送给好朋友们,4,0,1,1572532080000
6699496324,N永远12752,都等着更新呢？？？哈哈哈哈 一首《二奶之歌》送给好朋友们,0,0,0,1572532080000
6629712566,MASTER-ZYX,:一则《告投资人书》引发上海网贷圈地震！华夏信财、上海互金协会紧急辟谣 _ 东方财富网一则《告投资人书》引发上海网贷圈地震！华夏信财、上海互金协会紧急辟谣 ,0,0,0,1572532080000
,小煊不在,各位亲爱的朋友 今天为大家推荐一本好书 和我一起做一个有着书香气息の女子吧 金九粒的微博视频 ,0,0,0,1572532020000
3883509644,Evil-momo,各位亲爱的朋友 今天为大家推荐一本好书 和我一起做一个有着书香气息の女子吧 金九粒的微博视频 ,1,0,0,1572532020000
3213665053,--VOWEL--,#岳岳pinkray[超话]#“会弹吉他给我们听吗”“那不然呢不然弹给谁 别人没有别人要听我弹吉他”其实我当时想说的是 大家都想听 但我呆了 竟然说是哦果然帅哥令我昏迷@岳岳PINKRAY 一口鹹·的微博视频 ,1,0,0,1572532020000
6618955995,爱宁的曦,#张云雷调侃汶川地震##张云雷李欧神仙爱情# 二奶送你们一首歌,0,0,0,1572532020000
6886204884,MD_月儿2,#张云雷调侃汶川地震##张云雷李欧神仙爱情# 二奶送你们一首歌,0,0,0,1572532020000
5529258397,抽风症患者,阿云嘎 亚洲新歌榜 Styled by 任森 ,0,0,0,1572531960000
6109941656,是刘宇宁的咕咕呀,#张云雷调侃汶川地震##张云雷李欧神仙爱情# 二奶送你们一首歌,0,0,0,1572531960000
6714431184,上弦月下弦月2018,都等着更新呢？？？哈哈哈哈 一首《二奶之歌》送给好朋友们,0,0,0,1572531960000
,臭香猪,各位亲爱的朋友 今天为大家推荐一本好书 和我一起做一个有着书香气息の女子吧 金九粒的微博视频 ,0,0,0,1572531960000
1977170600,kethyCK,:,0,0,1,1572531900000
7274686025,CCC的星期三,#张云雷调侃汶川地震##张云雷李欧神仙爱情# 二奶送你们一首歌,0,0,0,1572531900000
6283039912,糖葫芦nice,#张云雷调侃汶川地震##张云雷李欧神仙爱情# 二奶送你们一首歌,0,0,0,1572531900000
6671678614,伤脑筋Z,都等着更新呢？？？哈哈哈哈 一首《二奶之歌》送给好朋友们,0,0,0,1572531900000
,小城大新,#非人哉罗小黑合作# 国产动画两大癫疯之作，今天，官宣了？！非人哉携手罗小黑，两大工作室联合制作，全新系列重磅公开！我们的爱情结晶究竟长什么样？明晚8点直播公开！一定要看哦！@非人哉漫画 @MTJJ木头 非人哉漫画的微博视频 ,0,0,0,1572531900000
6437994502,王杰罗06,各位亲爱的朋友 今天为大家推荐一本好书 和我一起做一个有着书香气息の女子吧 金九粒的微博视频 ,0,0,0,1572531900000
6671678614,伤脑筋Z,#张云雷调侃汶川地震##张云雷李欧神仙爱情# 二奶送你们一首歌,0,0,0,1572531900000
6156575045,小雪儿宝,:一直喜欢一个人待着，地震那天特别想有个人也保护我，至少也是幸福的死 天水 小雪儿宝的微博视频 ,1,0,0,1572531840000
6586581059,数码时代,:距离汶川地震已经过去很多年了，但是每次看到这段视频里的场景，仍然会忍不住热泪盈眶。 群众热线的微博视频 ,14,7,0,1572531840000
6714431184,上弦月下弦月2018,#张云雷调侃汶川地震##张云雷李欧神仙爱情# 二奶送你们一首歌,0,0,0,1572531840000
,成都高新减灾研究所,:#地震预警# 晚安,15,1,6,1572531840000
2558025413,LINZHUZI-,各位亲爱的朋友 今天为大家推荐一本好书 和我一起做一个有着书香气息の女子吧 金九粒的微博视频 ,0,0,0,1572531780000
1753152263,补果君,刚刚地震了？？？？ ,0,0,0,1572531780000
5510159941,甜九收藏夹,#偶然发现的一天#吻戏花絮来了！！！！160亲192需要蹦起来！！！！！！！！！！！！！哈哈哈哈哈哈哈哈哈哈哈哈哈哈哈哈甜死个人，男主低头，女主蹦高就为kiss,0,0,0,1572531720000
5035952794,薛洁洁的上海彦,:十月｜记录       “一座城市带给你的安全感源于你身边的人。”🐳        原以为除了家里亲人没有人会记得我的生日，但是舍友们还是准备了惊喜🥰一直觉得自己不是一个感性的人，没有那么多恩恩怨怨的事情值得去留意，但后来发现，相比起感性和理性的这种衡量，我可能是那个更重情谊的人，一直以来都对好多好多细节有着无数的执念！生日算是为数不多的几个偏感性的事情中，最重视的那一个！🥳        原以为自己对上海已经没用那么执着了，但看到朋友圈定位是上海时，还是会无限羡慕！🤩        一个高中的朋友最近很丧，丧到让我觉得她可能在抑郁症的边缘，她说她有在学着自救，我能想象她一个人面对地震，车祸时的惊恐和无措，但我依旧希望丧过之后，第二天的太阳依旧最耀眼！        小杨说“就算你只看到一点点光，也要反给整个世界光明，人要活的开朗些，”小杨一般不正经，正经起来真的不一般，爱小杨的十万个理由之一！😘我和小杨说，好希望她可以在我身边，她说那样她一定会每天对我碎碎念，其实，最惦记的就是她的碎碎念呀～～        十月也有好多的不快乐，总结过后发现大多来源于时间不能自控的恐慌，虽然十月发生的只是一件微不足道的小事，但是我对暴露出的这个问题极其畏惧，并且到目前为止，我没有找到任何一种可以消除这种恐慌的方法，而且我明白工作后的日子这种事情会频频发生……        和朋友聊天时很无意的一句话，但说过之后自己仔细想了一下，觉得还算有道理“如果你身边有一个可以讲真心话的朋友，你的日子不知道会甜几个度”       “那时候我就感受到了那些白天光鲜亮丽，晚上一个人很回到简陋而危险的住处的那种绝望”（聊天时朋友的一句话，但引起了自己很多的思考，多少北漂的真实写照……）十月   开始在室友大可爱们的生日惊喜🥰           结束在学妹小可爱的万圣节糖果🍬                       平安喜乐 万事胜意十一月     依旧快乐🐳,0,0,0,1572531720000
5114697981,zuhowiththesun,#哈鲁端午亲上了#【《#偶然发现的一天#》第19-20集——啊啊啊，哈鲁端午终于亲上了！！哈鲁说：“我好想你，喜欢你，我喜欢你！”】端午病得已经很严重了，严重到她的时间已经没有空白，只有在病床上的场景，而因为没有空白，哈鲁也不能见到她，这天她终于能下床了，她疯了一样去找哈鲁！！  http://t.cn/Ai1eP10S,0,0,0,1572531720000
1745628987,明月圆a,:哪里地震了，感觉床晃了一下 重庆·贝迪·新城 ,0,0,0,1572531720000
5165352546,徐五星y,:原来刚刚地震了,0,0,4,1572531720000
,半澜桃花,各位亲爱的朋友 今天为大家推荐一本好书 和我一起做一个有着书香气息の女子吧 金九粒的微博视频 ,0,0,0,1572531660000
2977276343,Septultra,今天为长末泪水小喷的一个细节,0,2,0,1572531660000
1865898163,尹多黎,:#带着微博去旅行##重开后的九寨沟诺日朗瀑布# 九寨沟地震后重新开放，五彩池，诺日朗瀑布，珍珠滩瀑布依然在。看诺日朗瀑布风光。@中国旅游 @九寨沟 武汉·融侨华府 尹多黎的微博视频 ,0,0,0,1572531660000
5730567250,好久不见你在做甚71148,各位亲爱的朋友 今天为大家推荐一本好书 和我一起做一个有着书香气息の女子吧 金九粒的微博视频 ,0,0,0,1572531660000
,生駒里奈应援会,:#生駒里奈##生驹里奈[超话]# 警视厅地震交通规制宣传网址👉🏻http://t.cn/Ai1eocOW ,39,1,0,1572531600000
2955325483,你隔壁老王_,:22:10分左右是不是地震了，躺在床上明显感觉到晃动了几秒… ,1,0,0,1572531600000
6363923854,zzc知足常乐zzc,:《菲律宾发生6.5级地震 多处房屋损坏》菲律宾发生6.5级地震 多处房屋损坏http://t.cn/Ai1eoZ0q ,0,0,0,1572531600000
6632130554,良辰美景月夕花晨,#张云雷调侃汶川地震##张云雷李欧神仙爱情# 二奶送你们一首歌,2,0,0,1572531540000
2129792927,kwon西桃,各位亲爱的朋友 今天为大家推荐一本好书 和我一起做一个有着书香气息の女子吧 金九粒的微博视频 ,2,0,0,1572531540000
6632130554,良辰美景月夕花晨,#张云雷调侃汶川地震##张云雷李欧神仙爱情# 二奶送你们一首歌,2,0,0,1572531540000
5503891826,燕婷超i麻麻做d菜,:每日必备 和我妈通话📞我的爸妈真的是太好了 好到我真的太爱她们了,0,0,2,1572531540000
3849598246,来了不走n,都等着更新呢？？？哈哈哈哈 一首《二奶之歌》送给好朋友们,0,0,0,1572531480000
6000033338,辽宁普法,:【转发】一分钟了解地震预警2019年10月13日是第30个国际减灾日，辽宁省地震局推出科普视频，一分钟带你了解地震预警。http://t.cn/Ai1eScgS 辽宁普法的微博视频 ,0,0,0,1572531480000
6808194119,MD_戴二胖,都等着更新呢？？？哈哈哈哈 一首《二奶之歌》送给好朋友们,0,0,0,1572531480000
6064443113,柠檬草味妖妖宁,都等着更新呢？？？哈哈哈哈 一首《二奶之歌》送给好朋友们,0,0,0,1572531480000
5883893669,Hyoni1222,#偶然发现的一天#吻戏花絮来了！！！！160亲192需要蹦起来！！！！！！！！！！！！！哈哈哈哈哈哈哈哈哈哈哈哈哈哈哈哈甜死个人，男主低头，女主蹦高就为kiss,0,0,0,1572531480000
5984051086,QIN龙dragon,【#甘肃地震已致21人受伤# 3千多间房屋受损】@中国地震台网 正式测定，10月28日1时许，甘肃甘南州夏河县发生5.7级地震，震源深度10千米。截至10月28日18时，地震造成21人受伤，合作市1975人受灾，1192间房屋一般性受损，夏河县2097户房屋受损，院落墙体倒塌17户。（新京报我们视频）http://t.cn/Ai1lIKtU,0,0,0,1572531480000
5537672237,荒岛mt_,地震无情！！又想起了5.12汶川大地震，尤其这个视频，真的看哭了,0,0,0,1572531480000
1116744007,地震先知常耀水松,秋天的瑞士 ,0,0,0,1572531480000
6808194119,MD_戴二胖,#张云雷调侃汶川地震##张云雷李欧神仙爱情# 二奶送你们一首歌,0,0,0,1572531420000
3278830051,手串,:由于在地底、岩洞中的生长空间多狭窄，尤其在遇到地震时，或地壳变动时，甚至容易遭到其他矿石的挤压，常常会压迫产生不同的「晶面」。 ,0,0,0,1572531420000
,南宫璐璐南宫璐璐,徐坤：我到底该看哪？？@蔡徐坤  微博视频 ,0,0,0,1572531420000
1753152263,补果君,:刚刚地震了？？？？ ,0,1,5,1572531420000
5486773438,搞笑营长,:2008年的汶川大地震，一位年仅19岁的战士不顾生命在废墟中救下了一个小女孩。因为小战士的脚踝受了伤，组织让他休息，他就陪伴了这个小女孩两天两夜。正是战士的陪伴给了小女孩继续生活的勇气。 也许是命运的安排，十年后他们再次相遇了。此时的小姑娘已经是重点大学的毕业生，而当年青涩的战士也成长为士官。女孩给战士发信息说：“十年了，你该娶我了。” 人间真的有童话，最终两人走到了一起，结为连理。,62,2,7,1572531360000
1835555917,QueenEmmason,各位亲爱的朋友 今天为大家推荐一本好书 和我一起做一个有着书香气息の女子吧 金九粒的微博视频 ,0,0,0,1572531360000
5984049457,小芝糖糖屋,【#甘肃地震已致21人受伤# 3千多间房屋受损】@中国地震台网 正式测定，10月28日1时许，甘肃甘南州夏河县发生5.7级地震，震源深度10千米。截至10月28日18时，地震造成21人受伤，合作市1975人受灾，1192间房屋一般性受损，夏河县2097户房屋受损，院落墙体倒塌17户。（新京报我们视频）http://t.cn/Ai1lIKtU,0,0,0,1572531360000
,李尚勇_说困局,:#李尚勇_说地震# 发布了头条文章：《企业、个人自主“防震自救”的具体方案（下）》 【说明】本文是《还原1976年龙陵大地震的“防震自救”真相》专栏文章（19）。【导读】上一节介绍了，将“地电场监测预测”做到极致的海城地震监测站。1970年代中期，这个由“农民临时工”组成的地震监测站，将地震预测的时间精确到了小时级别。本节将在介绍中国最前沿地电场监测技术的现实水平和杰出成就后，给出企业、个人自主“防震自救”的具体方案。中国的地电场监测技术已经成熟到，可以分别或者同时监测地表、地下和空间电场的地震前兆异常信息，甚至还开发出了令几乎所有主流地震专家莫名其妙的“仿生地震信息监测仪”。本文是本专栏的最后一篇。 http://t.cn/Ai1ea69j,1,5,5,1572531300000
1282479331,陈佳-1983,:#大连地震# 感觉到地震了，床晃了一下！ 大连 ,12,0,15,1572531300000
6603606650,言笑笑_YINS,#声入人心[超话]# [音乐]#2019网易娱乐盛典# #派酱在现场# 小高总@高杨_Gyon 和阿黄@黄子弘凡_Lars 已会面，咱们明天见～～#娱乐新鲜派# @网易娱乐频道 @高杨全球粉丝后援会 @黄子弘凡_Lars后援会 ,0,0,0,1572531300000
5745463046,执著_5046,【#甘肃地震已致21人受伤# 3千多间房屋受损】@中国地震台网 正式测定，10月28日1时许，甘肃甘南州夏河县发生5.7级地震，震源深度10千米。截至10月28日18时，地震造成21人受伤，合作市1975人受灾，1192间房屋一般性受损，夏河县2097户房屋受损，院落墙体倒塌17户。（新京报我们视频）http://t.cn/Ai1lIKtU,0,0,0,1572531300000
6610310985,BoXxxLouo,各位亲爱的朋友 今天为大家推荐一本好书 和我一起做一个有着书香气息の女子吧 金九粒的微博视频 ,1,0,0,1572531300000
6801932131,MD-木8木,#张云雷调侃汶川地震##张云雷李欧神仙爱情# 二奶送你们一首歌,0,0,0,1572531240000
2265821032,阿檬是要暴富的十六岁少女,#李克勤周深对唱#唱哭@罗琦luoqi 的水平，@李克勤 和@卡布叻_周深 粤语和普通话合唱的的《追》真的是神仙合唱！#我们的歌# 东方卫视我们的歌的微博视频 ,0,0,0,1572531240000
6393713819,嘻嘻哈哈风儿吹起啦,各位亲爱的朋友 今天为大家推荐一本好书 和我一起做一个有着书香气息の女子吧 金九粒的微博视频 ,0,0,0,1572531240000
,蔡魏斌,:蔡魏斌：18层楼到顶的楼房，买哪层最好？高层建筑在购买时首先遇到的问题就是究竟该选哪个楼层最好？一般来说，一栋楼的最佳楼层应该是总楼层的1/3— 2/3之间，以总层数18层的楼房为例，就应该选择6—12层为最佳。那么各个楼层又各有什么利弊呢，让我来为大家分别分析一下：顶层（18楼）优点：1.价格优惠。一般来说，高层建筑，顶楼的价格是最低的，有的开发商还会有买顶楼送阁楼的促销手段，因此预算不多的家庭可以考虑顶楼。2.隐私性强。因为楼上没有人居住，因此就不会受到来自楼上邻居的打扰，多数情况下会很安静，利于睡眠休息。3.视野开阔。因为住在高层，周围少有建筑物的阻挡，就会有“一览众山小”的感觉。4.采光防潮。一般顶层不受其他建筑物的阻挡，光照充足，此外地面的湿气也难以影响到顶楼，即使在梅雨期，家里也会比较干燥。缺点：1.冬冷夏热。位于顶层，会受到太阳的暴晒，夏天室内温度会比其他楼层高很多，使用空调，冰箱等电器的费用上升。而在冬天，楼顶会有积雪，在融雪时，会带走一部分热量，因此家里会感到潮湿阴冷。2.出行不便。如果家里有老人或者小孩子，不会乘坐电梯，或者当电梯有故障时，出行会十分不方便；此外，也有可能会使年轻人“懒得下楼”，久而久之，身材可能会发福。3.消防云梯最高能到达10楼，因此在发生危险时只能“自求多福”。高层（10—17楼）优点：一般这个高度的楼层与顶层的优缺点大同小异，但因为暖气是自上而下供暖的，而这个位置的楼层又被夹到中间，因此，冬天应该是最暖和的部分。缺点，除了等待电梯的时间长一些以外，价格也是比较贵，但作为黄金楼层，自然综合来看是整栋楼最佳的，所以买房时，若是资金充足，还是以首选高层楼更好。中高层（7—9楼）优点：1.高度接近地面，对于有恐高症的人来说也容易接受，还可以看到地面的人物和美景，增添生活情趣。2.舒适度、便捷度等都比高层要好，适合老人，小孩居住；通风、采光、日照也基本能满足生活居住需求。缺点：价格适中，采光通风都是中等状态，但若附近其它楼层较高，会存在被挡光的情况，性价比比较高，优缺点不太明显，不过总体来看，还是值得购入的。多层（4—6楼）优点：安全性能好，方便家人出行，楼层价格适中缺点：如果周围有高层建筑的话，从这个阶段的楼层开始，采光，日照等一些问题就会出现，具体情况要具体分析。低层（1—3楼）优点：1.最接地气。进出都会十分的方便，尤其在小区停电，电梯不能使用的时候，爬楼梯不用费力。2.比较安全。在发生火灾地震的时候，可以翻窗逃走，老人和小孩也不会受很严重的伤。3.适应性强。低层建筑的空气密度，湿度等与我们日常生活所接触到的相似，因此会很容易适应环境。4.价格也相对较低，对比顶层送阁楼，底层会送花园。缺点：1.楼层低，阻挡物多，采光不好，空气不流畅，湿气大，污浊气流不能被有效祛除，还会受到地面扬尘的影响，会集结大量的有害物质，长期住在充满湿气的房子里，不仅电器、家具易生锈、发霉，也会对人体健康产生不利影响。2.低层是整栋楼人们出入的必经之地，人流会比较大，喧闹，隐私性低。3.管道容易堵塞，低层由于靠近各种管道，尤其是下水道，如果管道质量差或设计不合理，则管道易堵塞，特别是化粪池封闭不严管路不畅，也往往容易滋生蚊蝇且臭气冲天。,0,0,0,1572531240000
5423434759,树下的猫睡了,【#甘肃地震已致21人受伤# 3千多间房屋受损】@中国地震台网 正式测定，10月28日1时许，甘肃甘南州夏河县发生5.7级地震，震源深度10千米。截至10月28日18时，地震造成21人受伤，合作市1975人受灾，1192间房屋一般性受损，夏河县2097户房屋受损，院落墙体倒塌17户。（新京报我们视频）http://t.cn/Ai1lIKtU,0,0,0,1572531240000
7034188880,瘸子的二奶,#张云雷调侃汶川地震##张云雷李欧神仙爱情# 二奶送你们一首歌,0,0,0,1572531180000
,梁Momo玖壹,:#大连#,11,1,18,1572531180000
7034188880,瘸子的二奶,#张云雷调侃汶川地震##张云雷李欧神仙爱情# 二奶送你们一首歌,0,0,0,1572531180000
7034188880,瘸子的二奶,#张云雷调侃汶川地震##张云雷李欧神仙爱情# 二奶送你们一首歌,0,0,0,1572531120000
7034188880,瘸子的二奶,#张云雷调侃汶川地震##张云雷李欧神仙爱情# 二奶送你们一首歌,0,0,0,1572531120000
5620595253,lichao黄金,【#甘肃地震已致21人受伤# 3千多间房屋受损】@中国地震台网 正式测定，10月28日1时许，甘肃甘南州夏河县发生5.7级地震，震源深度10千米。截至10月28日18时，地震造成21人受伤，合作市1975人受灾，1192间房屋一般性受损，夏河县2097户房屋受损，院落墙体倒塌17户。（新京报我们视频）http://t.cn/Ai1lIKtU,0,0,0,1572531120000
6098408831,晨战夜,#旅行#地震之前的九寨沟美景，以后很难再现这种美景了 #西藏旅游攻略# #稻城亚丁旅游攻略#  稻城亚丁小田哥的微博视频 ,0,0,0,1572531120000
5113265379,樹蔭有一隻阿蟬跌落你身邊_,各位亲爱的朋友 今天为大家推荐一本好书 和我一起做一个有着书香气息の女子吧 金九粒的微博视频 ,0,0,0,1572531120000
6321839555,我真的是一样,#旅行#地震之前的九寨沟美景，以后很难再现这种美景了 #西藏旅游攻略# #稻城亚丁旅游攻略#  稻城亚丁小田哥的微博视频 ,0,0,0,1572531120000
3739190004,邊萌苗苗V,#偶然发现的一天#吻戏花絮来了！！！！160亲192需要蹦起来！！！！！！！！！！！！！哈哈哈哈哈哈哈哈哈哈哈哈哈哈哈哈甜死个人，男主低头，女主蹦高就为kiss,0,0,0,1572531120000
7011160700,yanyan68526,#旅行#地震之前的九寨沟美景，以后很难再现这种美景了 #西藏旅游攻略# #稻城亚丁旅游攻略#  稻城亚丁小田哥的微博视频 ,0,0,0,1572531060000
7219969417,岁月静好xjf,#旅行#地震之前的九寨沟美景，以后很难再现这种美景了 #西藏旅游攻略# #稻城亚丁旅游攻略#  稻城亚丁小田哥的微博视频 ,0,0,0,1572531060000
5824334651,lichao哈哈哈,【#甘肃地震已致21人受伤# 3千多间房屋受损】@中国地震台网 正式测定，10月28日1时许，甘肃甘南州夏河县发生5.7级地震，震源深度10千米。截至10月28日18时，地震造成21人受伤，合作市1975人受灾，1192间房屋一般性受损，夏河县2097户房屋受损，院落墙体倒塌17户。（新京报我们视频）http://t.cn/Ai1lIKtU,0,0,0,1572531060000
5383824098,JIANG一颗薄荷糖,#张云雷调侃汶川地震##张云雷李欧神仙爱情# 二奶送你们一首歌,0,0,0,1572531060000
6743820697,天使白雪,#旅行#地震之前的九寨沟美景，以后很难再现这种美景了 #西藏旅游攻略# #稻城亚丁旅游攻略#  稻城亚丁小田哥的微博视频 ,0,0,0,1572531060000
5383824098,JIANG一颗薄荷糖,都等着更新呢？？？哈哈哈哈 一首《二奶之歌》送给好朋友们,0,0,0,1572531060000
7297801264,淡然是我123,#旅行#地震之前的九寨沟美景，以后很难再现这种美景了 #西藏旅游攻略# #稻城亚丁旅游攻略#  稻城亚丁小田哥的微博视频 ,0,0,0,1572531060000
6529544317,叫我欧气锦鲤,#旅行#地震之前的九寨沟美景，以后很难再现这种美景了 #西藏旅游攻略# #稻城亚丁旅游攻略#  稻城亚丁小田哥的微博视频 ,0,0,0,1572531060000
6384084944,匆匆yoyoyo,#旅行#地震之前的九寨沟美景，以后很难再现这种美景了 #西藏旅游攻略# #稻城亚丁旅游攻略#  稻城亚丁小田哥的微博视频 ,0,0,0,1572531060000
6575424000,一个小苗儿1,#旅行#地震之前的九寨沟美景，以后很难再现这种美景了 #西藏旅游攻略# #稻城亚丁旅游攻略#  稻城亚丁小田哥的微博视频 ,0,0,0,1572531060000
7330360386,A甜甜圈9,:#大连地震#刚才楼抖了抖，是地震了么？ ,0,0,0,1572531060000
5140947324,帅比一个个,【本周六22：38 李振波#开讲啦#】撒贝宁：跳伞？我太难了~~~,0,0,0,1572531000000
3957944283,康乐Life,11年前的汶川地震，15名空降兵临危受命，从近5000米高空纵身一跃，空降震中地带，撕开营救缺口。如今11年过去，再看这段视频，震撼仍在，热血犹温。 实事热点的微博视频 ,0,0,0,1572530940000
6073258124,岁月静好770310,#青春随手拍#  Trick or Treat👿 ,1,0,0,1572530940000
5630145941,o水水可爱o,:瞳孔地震…… ,1,0,0,1572530940000
5263248848,猷猷的娘亲1,#张云雷调侃汶川地震##张云雷李欧神仙爱情# 二奶送你们一首歌,1,0,0,1572530940000
5708198840,兰州市少年儿童活动中心微博,:林铎唐仁健就夏河地震抢险救灾再次作出批示 要求扎实做好群众安置工作-新华网甘肃频道林铎唐仁健就夏河地震抢险救灾再次作出批示 要求扎实做好群众安置... ,0,0,0,1572530940000
5263248848,猷猷的娘亲1,#张云雷调侃汶川地震##张云雷李欧神仙爱情# 二奶送你们一首歌,1,0,0,1572530940000
5945736519,稻城亚丁小田哥,:#旅行#地震之前的九寨沟美景，以后很难再现这种美景了 #西藏旅游攻略# #稻城亚丁旅游攻略#  稻城亚丁小田哥的微博视频 ,26,14,25,1572530880000
2566183430,我家有奶牛诶,各位亲爱的朋友 今天为大家推荐一本好书 和我一起做一个有着书香气息の女子吧 金九粒的微博视频 ,0,0,0,1572530880000
5263248848,猷猷的娘亲1,#张云雷调侃汶川地震##张云雷李欧神仙爱情# 二奶送你们一首歌,1,0,0,1572530880000
5601536990,Tukawaka,各位亲爱的朋友 今天为大家推荐一本好书 和我一起做一个有着书香气息の女子吧 金九粒的微博视频 ,0,0,0,1572530880000
6239210920,小小_妹儿,#张云雷调侃汶川地震##张云雷李欧神仙爱情# 二奶送你们一首歌,0,0,0,1572530880000
5792202003,Hika5,🔻肖战南京演唱会神秘应援之直升飞机应援🔻 凌云之木冲破土壤，历经风雨扶摇而上XZ1005号直升机，驭风而行无畏风向直上云“肖”，必“战”辽阔之壤。这一次，后援会带着@X玖少年团肖战DAYTOY 的姓名，携着美好的祝愿，借着绯红色直升机，飞跃地平线，冲上云霄。希望你一抬头，就能看见梦想。愿凌云木可以茁壮成长，恣意“肖”遥！我们永远在你身后追光！天空触手可及，没有什么能阻碍你飞行。@X玖少年团肖战DAYTOY,0,0,0,1572530880000
,黑八鼓,各位亲爱的朋友 今天为大家推荐一本好书 和我一起做一个有着书香气息の女子吧 金九粒的微博视频 ,0,0,4,1572530820000
6676262737,Demo_HN,#张云雷调侃汶川地震##张云雷李欧神仙爱情# 二奶送你们一首歌,0,0,0,1572530820000
6307804275,少熬夜不秃头,#偶然发现的一天#吻戏花絮来了！！！！160亲192需要蹦起来！！！！！！！！！！！！！哈哈哈哈哈哈哈哈哈哈哈哈哈哈哈哈甜死个人，男主低头，女主蹦高就为kiss,0,0,0,1572530820000
3933061224,A天使的使者,#张云雷调侃汶川地震##张云雷李欧神仙爱情# 二奶送你们一首歌,0,0,0,1572530820000
1646170900,猷猷的娘亲,#张云雷调侃汶川地震##张云雷李欧神仙爱情# 二奶送你们一首歌,0,0,0,1572530820000
5996931642,lyn吃饭饭,#张云雷调侃汶川地震##张云雷李欧神仙爱情# 二奶送你们一首歌,0,0,4,1572530820000
6257164211,兄弟你鞋跟掉了,#探清水河#探河水清不知所终。不管怎么说，结局都是以悲情而告终，留给后人的，只有这首《探清水河》刘宇宁版本探河水清 LYN眼睛里有星星的微博视频 ,1,0,0,1572530820000
1646170900,猷猷的娘亲,#张云雷调侃汶川地震##张云雷李欧神仙爱情# 二奶送你们一首歌,1,0,0,1572530760000
3982658952,房子别塌111,各位亲爱的朋友 今天为大家推荐一本好书 和我一起做一个有着书香气息の女子吧 金九粒的微博视频 ,1,1,0,1572530760000
3982658952,房子别塌111,各位亲爱的朋友 今天为大家推荐一本好书 和我一起做一个有着书香气息の女子吧 金九粒的微博视频 ,1,1,0,1572530760000
6290624634,___堇力,#探清水河#探河水清不知所终。不管怎么说，结局都是以悲情而告终，留给后人的，只有这首《探清水河》刘宇宁版本探河水清 LYN眼睛里有星星的微博视频 ,1,0,0,1572530760000
2989686744,秦_小夕,#张云雷调侃汶川地震##张云雷李欧神仙爱情# 二奶送你们一首歌,2,0,0,1572530760000
2609312427,一腔诗意喂了狗不理,各位亲爱的朋友 今天为大家推荐一本好书 和我一起做一个有着书香气息の女子吧 金九粒的微博视频 ,0,0,0,1572530700000
5436499348,刘宇宁的滕筱乐,#张云雷调侃汶川地震##张云雷李欧神仙爱情# 二奶送你们一首歌,0,0,0,1572530700000
5213152225,雅丽思密达助理,#张云雷调侃汶川地震##张云雷李欧神仙爱情# 二奶送你们一首歌,0,0,0,1572530700000
5353856597,居儿居儿虫,@路易威登 穿梭于不同的城市间，在路易威登首尔女装秀，构筑时装与旅行的多元内核 ,1,0,0,1572530640000
2209210701,EN哈宁,都等着更新呢？？？哈哈哈哈 一首《二奶之歌》送给好朋友们,0,0,0,1572530640000
5138716105,shineadam亲爱的红配绿,:游泳半个月心得：其实我是怕水的，高考完才学会游泳，大学修了游泳课，会两种泳姿。从制霸浅水区到今天尝试了泳道，觉得体验还不错（除了有个叔自由泳腿打地震天响），蛙泳去仰泳回。游泳塑形是真的！最近觉得胳膊好看了点，肚子到腿也瘦了，特别开心。因为是锻炼，会游得慢些，动作幅度也不大，尤其仰泳特别舒服，打腿明显觉得运动大腿。。找到小鱼在水里的感觉就好了,1,1,2,1572530640000
6689772762,爱老刘的小吕孩,#张云雷调侃汶川地震##张云雷李欧神仙爱情# 二奶送你们一首歌,0,0,0,1572530640000
6307954216,钢铁哇咔咔小柴,#张云雷调侃汶川地震##张云雷李欧神仙爱情# 二奶送你们一首歌,0,0,0,1572530640000
5667318833,山水一程我命之幸,都等着更新呢？？？哈哈哈哈 一首《二奶之歌》送给好朋友们,1,0,0,1572530640000
6689772762,爱老刘的小吕孩,#张云雷调侃汶川地震##张云雷李欧神仙爱情# 二奶送你们一首歌,0,0,0,1572530640000
3221277720,hualuo_花落,#张云雷调侃汶川地震##张云雷李欧神仙爱情# 二奶送你们一首歌,0,0,0,1572530580000
5667318833,山水一程我命之幸,都等着更新呢？？？哈哈哈哈 一首《二奶之歌》送给好朋友们,0,0,0,1572530580000
2209210701,EN哈宁,#张云雷调侃汶川地震##张云雷李欧神仙爱情# 二奶送你们一首歌,0,0,0,1572530580000
6689772762,爱老刘的小吕孩,#张云雷调侃汶川地震##张云雷李欧神仙爱情# 二奶送你们一首歌,0,0,0,1572530580000
3539127631,微信吧smile,:当今世界天灾人祸不断，近一年以来，全球已经发生六级以上地震100多次。法国政府卫生部门9月8日发表声明说，今年夏季的高温天气导致法国约1500人死亡。世界卫生组织资料显示，全球有10亿人正饱受各种心理疾病的折磨；《美国医学会杂志》公布：平均每6个美国人就有1个曾经或正在受抑郁症的困扰。在新加坡，大约有120万人受失眠困扰。现在全世界有近4亿人患有忧郁症，每年有100万人因忧郁症而自杀。现代社会崇尚物质享受，追求名利，人们心中充满了贪欲、嫉妒和瞋恨。欲望一旦得不到满足，就会伤人害己。心灵的扭曲，造成了人与人之间越来越多的分歧，造成了人生的空虚。很多的自闭、烦恼和痛苦，就是因为我们不知道别人，也不了解自己，追求那些得不到的东西，最后迷失了原有善良的本性。      20191020 Malaysia,0,0,0,1572530580000
6023520854,奥地利我喜欢,#张云雷调侃汶川地震##张云雷李欧神仙爱情# 二奶送你们一首歌,0,0,0,1572530580000
7034188880,瘸子的二奶,#探清水河#探河水清不知所终。不管怎么说，结局都是以悲情而告终，留给后人的，只有这首《探清水河》刘宇宁版本探河水清 LYN眼睛里有星星的微博视频 ,6,0,1,1572530580000
3221277720,hualuo_花落,都等着更新呢？？？哈哈哈哈 一首《二奶之歌》送给好朋友们,0,0,0,1572530580000
6620610089,宁的小兔球,都等着更新呢？？？哈哈哈哈 一首《二奶之歌》送给好朋友们,0,0,0,1572530580000
,我是双鱼啊啊啊啊,#张云雷调侃汶川地震##张云雷李欧神仙爱情# 二奶送你们一首歌,0,0,0,1572530580000
6150394001,DeicideAurora,#英雄联盟S9##随手拍S9#【i我所爱-iG S9世界赛Vlog03】在上周结束的八强赛中，iG击败强大的对手成功晋级，一起来看看比赛背后的小花絮吧。最近队员们都在努力训练备战，为即将到来的四强赛加油！  iG电子竞技俱乐部的微博视频 ,0,0,0,1572530580000
5135512949,MD_1122,#张云雷调侃汶川地震##张云雷李欧神仙爱情# 二奶送你们一首歌,0,0,0,1572530580000
5388954613,天秤去海边吧2014,都等着更新呢？？？哈哈哈哈 一首《二奶之歌》送给好朋友们,0,0,0,1572530580000
5859882600,爽歪歪遇上娃哈哈,#张云雷调侃汶川地震##张云雷李欧神仙爱情# 二奶送你们一首歌,0,0,0,1572530520000
5108925565,M晓丹D,都等着更新呢？？？哈哈哈哈 一首《二奶之歌》送给好朋友们,0,0,0,1572530520000
5388954613,天秤去海边吧2014,#张云雷调侃汶川地震##张云雷李欧神仙爱情# 二奶送你们一首歌,0,0,0,1572530520000
5108925565,M晓丹D,#张云雷调侃汶川地震##张云雷李欧神仙爱情# 二奶送你们一首歌,0,0,0,1572530520000
1979397861,小矮人Liekkas,#张云雷调侃汶川地震##张云雷李欧神仙爱情# 二奶送你们一首歌,0,0,0,1572530520000
5827673532,啾啾辛巴xx,各位亲爱的朋友 今天为大家推荐一本好书 和我一起做一个有着书香气息の女子吧 金九粒的微博视频 ,0,0,0,1572530520000
,Coro_我说月光那么美,各位亲爱的朋友 今天为大家推荐一本好书 和我一起做一个有着书香气息の女子吧 金九粒的微博视频 ,0,3,0,1572530460000
5263248848,猷猷的娘亲1,都等着更新呢？？？哈哈哈哈 一首《二奶之歌》送给好朋友们,0,0,0,1572530460000
6001715345,消兔的ony啊,:我在寝室疯半天惹…多方求证南方基友绝对不吃m酱甚至讨厌！所以宁…突然瞳孔地震嘴角上扬然后，“最近 比较喜欢麻j”，是啥意思。行～其实也是懂～吃了30来年（？油碟想换换口味？,1,0,3,1572530460000
6192177513,励志情语,:#健康眉山# 【与死神争分夺秒 四川震区如何做到“大灾之后无大疫”？】在人类的灾难史上，大灾之后有大疫似乎成了一条规律。然而，汶川大地震，由于疾控措施迅速、得当，灾区没有发生一起与地震相关的传染病爆发疫情，实现了“大灾之后无大疫”。详情↓@央视新闻 健康中国的微博视频 ,0,0,0,1572530460000
3856800419,小空空空,#张云雷调侃汶川地震##张云雷李欧神仙爱情# 二奶送你们一首歌,0,0,0,1572530460000
5135512949,MD_1122,#张云雷调侃汶川地震##张云雷李欧神仙爱情# 二奶送你们一首歌,0,0,0,1572530460000
5667318833,山水一程我命之幸,#张云雷调侃汶川地震##张云雷李欧神仙爱情# 二奶送你们一首歌,0,0,0,1572530400000
6213011356,吃鱼不吃葡萄,#偶然发现的一天#吻戏花絮来了！！！！160亲192需要蹦起来！！！！！！！！！！！！！哈哈哈哈哈哈哈哈哈哈哈哈哈哈哈哈甜死个人，男主低头，女主蹦高就为kiss,0,0,0,1572530400000
,贝克街的大姐姐不吃青椒,各位亲爱的朋友 今天为大家推荐一本好书 和我一起做一个有着书香气息の女子吧 金九粒的微博视频 ,0,0,0,1572530400000
5667318833,山水一程我命之幸,#张云雷调侃汶川地震##张云雷李欧神仙爱情# 二奶送你们一首歌,0,0,0,1572530400000
5455751197,gloria戴,:隔了95天，昨天又进了火葬场。第二次亲眼目睹人被小车一步步推进去火化，直到火化炉的门关闭。然后黑黑的烟不断涌出，最后推出来一堆白骨。都说这样看着觉得人也没什么意思，这就是最后的归途，无人幸免……今晚和妈妈在吃火锅，马路对面一声巨响，大家都以为地震了。十五楼装修工人砸飘窗碎石头不慎全部掉下来，下面人来人往，还好只砸到了一个过路阿姨的腿，妈妈说这是不幸中的万幸。是呀，这飞来横祸谁能预知……这两件事让我更加坚定最近自己内心的想法：人生短短几十年，一转眼就老了，有些人可能还没有机会变老，也可能都见不到明天的太阳，我们何必委屈自己，成全别人。一个劲的在意别人的看法，只会为了别人的看法不断迷失自己，我们又不是活在别人的嘴里。人呀，只要自己心里舒坦了就可以了，就像好友说的“心里舒坦了，搬砖也是开心的。”但是前提要不违背仁义道德，不违背法律法规，问心无愧。在自己能力范围内让自己和爱的人过得更好。和妈妈过好每一天才是对爸爸最好的回报。🌻,0,0,0,1572530340000
2250385114,12個我,#偶然发现的一天#吻戏花絮来了！！！！160亲192需要蹦起来！！！！！！！！！！！！！哈哈哈哈哈哈哈哈哈哈哈哈哈哈哈哈甜死个人，男主低头，女主蹦高就为kiss,0,0,0,1572530340000
2564887587,吉林阿宾爆料,:#健康眉山# 【与死神争分夺秒 四川震区如何做到“大灾之后无大疫”？】在人类的灾难史上，大灾之后有大疫似乎成了一条规律。然而，汶川大地震，由于疾控措施迅速、得当，灾区没有发生一起与地震相关的传染病爆发疫情，实现了“大灾之后无大疫”。详情↓@央视新闻 健康中国的微博视频 ,0,0,0,1572530280000
1646170900,猷猷的娘亲,都等着更新呢？？？哈哈哈哈 一首《二奶之歌》送给好朋友们,0,0,0,1572530220000
5135512949,MD_1122,都等着更新呢？？？哈哈哈哈 一首《二奶之歌》送给好朋友们,0,0,0,1572530220000
1646170900,猷猷的娘亲,都等着更新呢？？？哈哈哈哈 一首《二奶之歌》送给好朋友们,0,0,0,1572530160000
2171855137,空气7,:#张云雷调侃汶川地震##张云雷李欧神仙爱情# 二奶送你们一首歌,377,84,138,1572530160000
6606199187,俯视全球_97392,#扫黑除恶 吉林亮剑# 发布了头条文章：《一组连环画带你认清黑恶势力的“丑恶嘴脸”》一组连环画带你认清黑恶势力的“丑恶嘴脸” ,0,0,0,1572530160000
2669088914,司棣特,#明日方舟# 惊魂夜来啦！ ,0,0,0,1572530100000
3856800419,小空空空,都等着更新呢？？？哈哈哈哈 一首《二奶之歌》送给好朋友们,0,0,0,1572530100000
6533259404,只盼着无事发生,各位亲爱的朋友 今天为大家推荐一本好书 和我一起做一个有着书香气息の女子吧 金九粒的微博视频 ,0,0,0,1572530100000
3061539617,Utsukoto,MegaHouse 鬼灭之刃 バディコレ挂件 第2弹预告② 伊黑小芭内＆甘露寺蜜璃 ,0,0,0,1572530040000
5098369244,一笑两心间,都等着更新呢？？？哈哈哈哈 一首《二奶之歌》送给好朋友们,4,0,0,1572530040000
3447233450,心心今天不想上班,各位亲爱的朋友 今天为大家推荐一本好书 和我一起做一个有着书香气息の女子吧 金九粒的微博视频 ,0,0,0,1572529980000
1964182971,Kill_The_Sun,:#十月再见# 十月就要过去了。2019年的10月份，对我的人生而言 似乎经历了一场地震。我在这场地震中苟延残喘的活了下来，因为心中有爱 所以必需坚强。我还是感觉这一切都像在进行着七年之痒，希望在这场变故中得到蜕变。希望自己可以由衷的变得更优秀，希望你可以过的更开心。一个人的路上，我还要继续前行。我不知道尽头等待我的是什么，但至少要走下去不是么？我不再年轻，你也不再年少，如果轻言放弃 那真的就是一辈子了。愿我诚心 感天动地。愿我所爱 一生相依。,0,0,0,1572529980000
2681892755,鳗鱼口牙,都等着更新呢？？？哈哈哈哈 一首《二奶之歌》送给好朋友们,0,0,0,1572529980000
6069037442,要往前看鸭,:走路和地震似的就很牛逼这大晚上的👍 ,0,0,0,1572529980000
,诸葛钢铁贼拉铁,各位亲爱的朋友 今天为大家推荐一本好书 和我一起做一个有着书香气息の女子吧 金九粒的微博视频 ,0,0,0,1572529920000
,贵溪发布,:【@韩东君ElvisHan 致敬中国军人】青年演员韩东君一直有一个军人梦，他从小就被中国军人护国安邦的血性和无私奉献的精神所吸引，他至今仍清楚地记得中国军人在汶川地震救援最前线的身影，勇敢无畏，充满力量。军人的精神也激励着韩东君在演艺道路上更加坚持努力，不断前行。在做客@中国青年报 ·中青在线与腾讯企鹅号 @腾讯内容开放平台  @企鹅号角 联合打造的短视频栏目《#Z世代青年说#》时，韩东君致敬中国军人，感谢他们负重前行，换如今岁月静好。http://t.cn/Ai1gbpEQ,32,4,6,1572529920000
3272114271,wxttx五行通天下,#国内外新闻# 【菲律宾南部6.5级地震已致5人死亡,0,0,0,1572529920000
6774672917,用户6774672917,【正式测定！#甘肃夏河县5.7级地震#】中国地震台网正式测定：10月28日01时56分在甘肃甘南州夏河县（北纬35.10度，东经102.69度）发生5.7级地震，震源深度10千米。 ,0,0,0,1572529920000
6632130554,良辰美景月夕花晨,都等着更新呢？？？哈哈哈哈 一首《二奶之歌》送给好朋友们,4,0,0,1572529860000
6632130554,良辰美景月夕花晨,都等着更新呢？？？哈哈哈哈 一首《二奶之歌》送给好朋友们,1,0,0,1572529860000
2572079804,俺的英文名叫王富贵,:#广西玉林地震##广西玉林5.2级地震#没感觉到 广西玉林发生5.2级地震，现场情况如何？你那里震感强烈吗? ,0,0,0,1572529800000
7326365130,向往鹰的飞翔200104,:一夫妻到教堂借宿。但没别的房间，于是神父让他们睡他下铺。半夜，神父被一阵摇晃惊醒，以为是地震 ,0,0,0,1572529800000
6141102209,一条老咸鱼的微博小窝,各位亲爱的朋友 今天为大家推荐一本好书 和我一起做一个有着书香气息の女子吧 金九粒的微博视频 ,0,0,0,1572529740000
3231079327,正直善良苏瑾夕,各位亲爱的朋友 今天为大家推荐一本好书 和我一起做一个有着书香气息の女子吧 金九粒的微博视频 ,0,0,0,1572529740000
3562555922,Waldeinsamkeits-,各位亲爱的朋友 今天为大家推荐一本好书 和我一起做一个有着书香气息の女子吧 金九粒的微博视频 ,0,0,0,1572529740000
3318091622,挪过去点你压住我尾巴了,各位亲爱的朋友 今天为大家推荐一本好书 和我一起做一个有着书香气息の女子吧 金九粒的微博视频 ,0,0,0,1572529740000
1790046967,蛮猫小小,各位亲爱的朋友 今天为大家推荐一本好书 和我一起做一个有着书香气息の女子吧 金九粒的微博视频 ,0,0,0,1572529740000
3443861744,A-vocadofans,各位亲爱的朋友 今天为大家推荐一本好书 和我一起做一个有着书香气息の女子吧 金九粒的微博视频 ,0,0,0,1572529680000
1706417143,炸炸阿炸炸,各位亲爱的朋友 今天为大家推荐一本好书 和我一起做一个有着书香气息の女子吧 金九粒的微博视频 ,0,0,0,1572529620000
,独家传媒网,:#国内外新闻# 【菲律宾南部6.5级地震已致5人死亡,0,1,0,1572529620000
5856812467,系紧紧吖,各位亲爱的朋友 今天为大家推荐一本好书 和我一起做一个有着书香气息の女子吧 金九粒的微博视频 ,0,0,0,1572529620000
6602271852,佳佳新媒体1,:佳佳新媒体：【菲律宾南部6.5级地震已致5人死亡,0,0,0,1572529560000
6012818046,honghong1950,【#甘肃地震已致21人受伤# 3千多间房屋受损】@中国地震台网 正式测定，10月28日1时许，甘肃甘南州夏河县发生5.7级地震，震源深度10千米。截至10月28日18时，地震造成21人受伤，合作市1975人受灾，1192间房屋一般性受损，夏河县2097户房屋受损，院落墙体倒塌17户。（新京报我们视频）http://t.cn/Ai1lIKtU,0,0,0,1572529560000
6587005014,黑猫神,:距离汶川地震已经过去很多年了，但是每次看到这段视频里的场景，仍然会忍不住热泪盈眶。 群众热线的微博视频 ,3,0,0,1572529560000
,William-Sherlock-Scott-Holmes,各位亲爱的朋友 今天为大家推荐一本好书 和我一起做一个有着书香气息の女子吧 金九粒的微博视频 ,0,0,0,1572529440000
1853554252,覅面孔额尖头man,各位亲爱的朋友 今天为大家推荐一本好书 和我一起做一个有着书香气息の女子吧 金九粒的微博视频 ,0,0,0,1572529380000
5928526492,林欢沁,各位亲爱的朋友 今天为大家推荐一本好书 和我一起做一个有着书香气息の女子吧 金九粒的微博视频 ,0,0,0,1572529320000
6098947171,仙赞赞,各位亲爱的朋友 今天为大家推荐一本好书 和我一起做一个有着书香气息の女子吧 金九粒的微博视频 ,0,0,0,1572529320000
2678021794,SL不想再失眠,各位亲爱的朋友 今天为大家推荐一本好书 和我一起做一个有着书香气息の女子吧 金九粒的微博视频 ,0,0,0,1572529320000
3253041650,麦小仙ing,:我以为天那么长 ，地就会那么久 。谁知道怎么还会有地震 。 ,0,0,0,1572529260000
1854485200,一定要热爱生活吖,各位亲爱的朋友 今天为大家推荐一本好书 和我一起做一个有着书香气息の女子吧 金九粒的微博视频 ,0,0,0,1572529200000
,丶WINKO,各位亲爱的朋友 今天为大家推荐一本好书 和我一起做一个有着书香气息の女子吧 金九粒的微博视频 ,0,0,0,1572529140000
3827443572,Z又欠又欠又欠,各位亲爱的朋友 今天为大家推荐一本好书 和我一起做一个有着书香气息の女子吧 金九粒的微博视频 ,1,0,0,1572529140000
,珂珈船长,:今天为长末泪水小喷的一个细节,187,263,2,1572529140000
6368060009,用户赵阿p,:【菲律宾南部6.5级地震已致5人死亡,1,0,1,1572529080000
1936700321,齐斋,当年汶川地震的新闻报道，这可能是主持人失误唯一一次不用罚钱的吧，好心疼~  奇想大事件的微博视频 ,0,0,0,1572529080000
1837198574,Todakki,各位亲爱的朋友 今天为大家推荐一本好书 和我一起做一个有着书香气息の女子吧 金九粒的微博视频 ,0,0,0,1572528960000
1584328213,响指狂魔请组织一下语言,各位亲爱的朋友 今天为大家推荐一本好书 和我一起做一个有着书香气息の女子吧 金九粒的微博视频 ,0,0,0,1572528900000
1353347162,坑货曼曼,各位亲爱的朋友 今天为大家推荐一本好书 和我一起做一个有着书香气息の女子吧 金九粒的微博视频 ,0,0,0,1572528900000
,毛路苏格兰煎饼酱,各位亲爱的朋友 今天为大家推荐一本好书 和我一起做一个有着书香气息の女子吧 金九粒的微博视频 ,0,0,0,1572528780000
5529475686,西瓜乐乐哈哈,:我在医院上班！这时候大家都往外跑、有一天地震了…… ,0,0,0,1572528780000
,南京晨报,:【菲律宾南部6.5级地震已致5人死亡,0,1,0,1572528780000
3037982292,Ana丶nnn_,:四川九寨沟7级地震 对不起孩子，请原谅父亲，没能跟你见上一面，没能亲吻你的脸颊，因为现在有更多的人需要我。警宝8月8日21时29分出生,0,0,0,1572528780000
5127668778,充满锤基的世界,各位亲爱的朋友 今天为大家推荐一本好书 和我一起做一个有着书香气息の女子吧 金九粒的微博视频 ,0,0,0,1572528720000
3258989860,红蝎子队短指甲的龙子,:我独自一人漫无边际地游走在喀布尔大街上，街道人烟稀少，两边残垣断壁的土坯房子伤痕累累，像是大地震后的灾难情景。突然擦身而过一辆装满脏兮兮男人的卡车，寒风把车上的人们吹得个个像缩头乌龟。霎时间，车上发出一阵尖叫，满满一车饿狼般的男人炸开了锅地冲我喊叫、招手、吹口哨，卡车载着风中的“狼”连同他们欢叫的余声渐渐远去了。#手机壳代理# http://t.cn/Ai1eUXcL,0,0,0,1572528660000
,新华视点,:【菲律宾南部6.5级地震已致5人死亡,40,16,11,1572528660000
,古城闲闲生,:【美国地质勘探局】发布，2019-10-31 20:54:22在吉佐，所罗门群岛(纬度:7.4997°S经度:156.8106°E) 发生5.1级地震，震源深度:403.0km  http://t.cn/Ai1eUGd6 ,0,0,0,1572528600000
6563417585,爱坤的熊仔,徐坤：我到底该看哪？？@蔡徐坤  微博视频 ,0,0,0,1572528540000
,我是思蜜达,":我分享了【未解之谜! 汶川地震前几大怪异现象, 科学家至今无法解释!】, 快来看吧！ | http://t.cn/Ai1eyC5O ",0,0,0,1572528540000
6559144229,塔太南惹,各位亲爱的朋友 今天为大家推荐一本好书 和我一起做一个有着书香气息の女子吧 金九粒的微博视频 ,0,0,0,1572528540000
6375276240,欧气何时来敲门,:为什么会有人每一次都把门关的跟要地震了一样绝了不会关门请问别人怎么关好吗好想骂人哦 南京·南京大学 ,0,0,0,1572528480000
5094906744,名xixi,:学校举行消防演练和防地震紧急疏散演练，个个笑开了花似的跑出教室，我想说，孩子们，这还好是个演练活动,0,0,0,1572528420000
5856583297,工具与狗咎由自取,刚酱一个人跳的《Rat-tat-tat》拉踏踏 @三代目_J_SOUL_BROTHERS ？后面有人偷偷加入！？,0,0,2,1572528300000
5174717502,用户5174717502,:#广元身边事## 希望上级各位领导重视，广元盘龙镇东升村六组至今现在吃水困难，乡村建设条件落后！乡村路杂草丛生，有些地方严重裂口，地震到现在都没解决吃水的问题，村民吃不上健康的饮水！希望得到上级领导帮助和解决，盼望早点吃上健康的饮水，代表村民万分感谢！@广元文广旅 @广元新鲜事儿 @广元晚报 @广元大事件 @广元新闻点击 @广元扶贫 @广元经开区 @广元新闻网,0,0,2,1572528300000
2239832915,水才棒,:咋还没人发lmr舞台cut 我已经准备分享给我韩粉朋友让她感受一下地震级车祸助力出圈了 ,1,0,0,1572528300000
,幸運用戶號23,各位亲爱的朋友 今天为大家推荐一本好书 和我一起做一个有着书香气息の女子吧 金九粒的微博视频 ,0,0,0,1572528180000
,新疆地震局,:#地震微科普# 当驾车行驶在人流密集处，遇到地震，该如何应对?戳视频了解，并关注我们! 新疆地震局的微博视频 ,0,0,0,1572528180000
2481172241,可爱些些有用,各位亲爱的朋友 今天为大家推荐一本好书 和我一起做一个有着书香气息の女子吧 金九粒的微博视频 ,0,0,0,1572528180000
,新疆地震局,:【遇到灾害怎么办？十条法则要记牢！】遇到地震、火灾、洪水、台风、泥石流、雷击、暴雪、龙卷风等灾害怎么办？请牢记这十条安全法则。 中华人民共和国应急管理部的微博视频 ,0,0,0,1572528120000
,北京市地震局,:#每日震知道##地震科普##地震数字科普馆#抗震建筑结构按照建筑材料分类——砖混结构，是以小部分钢筋混凝土及大部分砖墙承重的机构，又称钢筋混凝土混合机构。因为砖混结构主要承重结构是粘土砖，所以砖的形状及强度就决定了房屋的强度。由于抗震的要求，砖混住宅一般在5层、6层以下。 http://t.cn/RsHcIqI http://t.cn/AiO5f7ZA,1,0,0,1572528120000
6877058867,咕噜咕噜居居,各位亲爱的朋友 今天为大家推荐一本好书 和我一起做一个有着书香气息の女子吧 金九粒的微博视频 ,0,0,0,1572528120000
,北京市地震局,:#每日震知道##地震科普##地震数字科普馆# 抗震建筑结构按建筑材料分类——砖木结构，指建筑物中承重结构的墙、柱采用砖砌筑或砖块砌筑，楼板结构、屋架用木结构共同构筑成的房屋。由于力学工程与工程强度的限制，一般砖木结构是平层，且不超过3层。 北京市地震局的秒拍视频  http://t.cn/Ai1mlwRh ,1,0,0,1572528060000
,北京市地震局,:#每日震知道##地震科普##地震数字科普馆# 抗震建筑结构按建筑材料分类——钢结构，钢结构框架是以钢材制作为主的结构，是主要的建筑结构类型之一。钢材的特点是强度高、自重轻、刚度大，故用于建造大跨度和超高、超重型的建筑物特别适宜；最符合一般工程力学的基本假定；材料塑性、韧性好，可有较大变形，能很好地承受动力荷载。 http://t.cn/RsHfma4 http://t.cn/Ai1ga5U6,1,0,0,1572528060000
1770200973,一颗雪球_,各位亲爱的朋友 今天为大家推荐一本好书 和我一起做一个有着书香气息の女子吧 金九粒的微博视频 ,0,0,0,1572528060000
7327154757,用户7327154757201910,11年前的汶川地震，15名空降兵临危受命，从近5000米高空纵身一跃，空降震中地带，撕开营救缺口。如今11年过去，再看这段视频，震撼仍在，热血犹温。 实事热点的微博视频 ,0,0,0,1572528060000
,李尚勇_说困局,:#李尚勇_说地震# 发布了头条文章：《中高级地震专家的预测能力止于短期预测》 【导读】上一节说到，“云南昭通地震现场会”制定了一个“以地方为主”、“以群测群防为基础”的“防震自救”制度框架，从而为为海城、龙陵、松潘地震的成功临震预报奠定了制度基础。但是，为什么一定要“以地方为主”，并要将大地震临震预报预警建立在地震重点危险区“防震自救”的基础之上呢？这是因为，几乎所有震例均显示，中高级地震专家的预测能力最多止于短期预测。 http://t.cn/Ai1eAf6J,1,4,3,1572528000000
,新疆地震局,:#地震科普-每日科普#地震安全隐患这易倒家具！生活中，人人都离不开家具，然而你可知道有些家具存在致命弱点，容易翻到！请戳视频和我一起来了解吧  海南地震的微博视频 ,0,0,0,1572528000000
,北京市地震局,:#地震数字科普馆##地震科普# 火山地震是由火山爆发时所引起的能量冲击，而产生的地壳振动。火山地震有时也相当强烈。但这种地震所波及的地区通常只限于火山附近的几十公里远的范围内，而且发生次数也较少，只占地震次数的7%左右，所造成的危害较轻。 北京市地震局的秒拍视频  http://t.cn/Ai9uRHs9 ,1,0,0,1572528000000
6264187860,用户6264187860,距离汶川地震已经过去很多年了，但是每次看到这段视频里的场景，仍然会忍不住热泪盈眶。  中国正能量的微博视频 ,0,0,0,1572528000000
,tt捧住了自己的心,各位亲爱的朋友 今天为大家推荐一本好书 和我一起做一个有着书香气息の女子吧 金九粒的微博视频 ,0,0,0,1572527940000
5094896655,酱瓜_小猪隼的痣多星s,刚酱一个人跳的《Rat-tat-tat》拉踏踏 @三代目_J_SOUL_BROTHERS ？后面有人偷偷加入！？,0,0,0,1572527940000
2637663527,一颗滚来滚去的西柚,各位亲爱的朋友 今天为大家推荐一本好书 和我一起做一个有着书香气息の女子吧 金九粒的微博视频 ,0,0,0,1572527880000
,木曜曰,各位亲爱的朋友 今天为大家推荐一本好书 和我一起做一个有着书香气息の女子吧 金九粒的微博视频 ,0,0,0,1572527880000
2047570885,urnotbonnie,各位亲爱的朋友 今天为大家推荐一本好书 和我一起做一个有着书香气息の女子吧 金九粒的微博视频 ,0,0,0,1572527820000
6478603743,达妹的嘟嘟,:#大熊猫成实[超话]##成实和园月不去农业园##接成实园月回家##大熊猫园月[超话]#@成都大熊猫繁育研究基地 您也看看，别整天粉饰太平。有本事就公布成实园月这一年的体重记录情况。别跟我们说现在体重是正常范围。如果现在真的在正常范围，那么一定是短期暴瘦的结果，这样真的是您说的健康吗？成实园月的事情，您逃脱不了。您自己写的验收合格，您自己的猫，您凭什么管不了？您凭什么不管？我们一向只要求公平对待，但是您连善待都不愿意。成实园月不愿意住在一个刚完工一个月就漏雨的房屋。小雨就漏，那暴雨？那台风呢？那地震呢？屋子是不是得塌？屋顶是不是得被掀？房屋是不是会垮？@国家林业和草原局 您也看好自己的前途，别被懵了眼[微笑]仙盖山窥屏的，您也注意自己工资啊，别傻乎乎的干活，连工资都拿不到哦,14,3,1,1572527820000
2565767944,-網友小張,各位亲爱的朋友 今天为大家推荐一本好书 和我一起做一个有着书香气息の女子吧 金九粒的微博视频 ,1,0,0,1572527820000
,北京市地震局,:#地震科普##地震数字科普馆# 地震来了怎么办？该做好哪些准备呢？ 北京市地震局的秒拍视频  http://t.cn/AiNNhvWi ,1,0,0,1572527760000
2029238167,997TYH008,#急急侠话科普#【遇到地震怎么办】中国地震台网正式测定：10月31日16时3分在四川雅安市石棉县（北纬29.07度，东经102.35度）发生3.6级地震，震源深度15千米。戳视频，让急急侠告诉你，遇到地震你该怎么办↓↓↓遇到地震怎么办？——国家应急广播 ,0,0,0,1572527760000
3694298273,申冤客,各位亲爱的朋友 今天为大家推荐一本好书 和我一起做一个有着书香气息の女子吧 金九粒的微博视频 ,0,0,0,1572527700000
2682594820,弓长大可豪,距离汶川地震已经过去很多年了，但是每次看到这段视频里的场景，仍然会忍不住热泪盈眶。  中国正能量的微博视频 ,0,0,0,1572527700000
3211098840,杍二十三,各位亲爱的朋友 今天为大家推荐一本好书 和我一起做一个有着书香气息の女子吧 金九粒的微博视频 ,0,0,0,1572527700000
7081852226,谁怜君有翻身术,恶婆娘当街辱骂何君尧，逼其当街脱裤…… 上帝之鹰_5zn的微博视频 ,2,0,0,1572527640000
2219407231,BibabofateW,:#WINNER[超话]# 1026首尔 dress up打歌没有dressup..那就现场补 舞台超级sao呢好喜欢得瑟的舞步（还算比较小的地震和🐔叫） 李的Bibabofatew口香糖的微博视频 ,37,4,8,1572527640000
2668163341,十七____·,徐坤：我到底该看哪？？@蔡徐坤  微博视频 ,0,0,0,1572527640000
2504117905,打架0欢乐80感动20,刚酱一个人跳的《Rat-tat-tat》拉踏踏 @三代目_J_SOUL_BROTHERS ？后面有人偷偷加入！？,0,3,0,1572527640000
,新疆地震局,:#地震数字科普馆##地震科普# 构造地震是由于岩层断裂发生变位错动，在地质构造上发生巨大变化而产生的地震，所以叫做构造地震，也叫断裂地震。 北京市地震局的秒拍视频 http://t.cn/Ai9uRF7E ,0,0,0,1572527580000
,地震讯息,:【美国地质勘探局】发布，2019-10-31 20:54:22 在 吉佐，所罗门群岛（纬度:7.4997°S 经度:156.8106°E http://t.cn/Ai1ez0LH） 发生5.1级地震，震源深度:403.05公里，查看详细http://t.cn/Ai1ez0Ln #Apphttp://t.cn/R0R71yZ ,0,0,0,1572527580000
6004306414,钱多多爱海苔,各位亲爱的朋友 今天为大家推荐一本好书 和我一起做一个有着书香气息の女子吧 金九粒的微博视频 ,0,0,1,1572527580000
3746707990,小狐狸幺幺,:我觉得，以后材料是重要的研究方向。比如建材，为何不能像土壤一样，植物根系蔓延其中，植物根系靠着土壤存活，土壤靠着根系巩固。这样的建筑环保又更具安全度。坍塌可能性较小，地震时抗震性能会不会比一般混凝土更好。当然要解决根系冒出土壤和人抢空间，可能潮湿度较高的问题。可是根系冒出处加以绵软材料包裹还可以做成沙发等家具。潮湿嘛……延安窑洞有无经验可循？,0,0,0,1572527520000
1058748317,职场小白熊,:#健康眉山# 【与死神争分夺秒 四川震区如何做到“大灾之后无大疫”？】在人类的灾难史上，大灾之后有大疫似乎成了一条规律。然而，汶川大地震，由于疾控措施迅速、得当，灾区没有发生一起与地震相关的传染病爆发疫情，实现了“大灾之后无大疫”。详情↓@央视新闻 #升职##加薪# 健康中国的微博视频 ,0,0,0,1572527460000
2298035265,迷茫的霖姗,各位亲爱的朋友 今天为大家推荐一本好书 和我一起做一个有着书香气息の女子吧 金九粒的微博视频 ,0,0,0,1572527460000
1767312065,嗯哼__哼哼哈嘿,各位亲爱的朋友 今天为大家推荐一本好书 和我一起做一个有着书香气息の女子吧 金九粒的微博视频 ,0,0,0,1572527460000
6106710513,德佑房产经纪人小温,:厦门纯钢结构！抗11级地震！400-700大平层！带花园！看全厦门景观6500万一1.5亿 厦门 德佑房产经纪人小温的微博视频 ,6,0,8,1572527400000
1872908760,律先生LEO,各位亲爱的朋友 今天为大家推荐一本好书 和我一起做一个有着书香气息の女子吧 金九粒的微博视频 ,0,0,0,1572527340000
1272722455,我忘带家里钥匙了,各位亲爱的朋友 今天为大家推荐一本好书 和我一起做一个有着书香气息の女子吧 金九粒的微博视频 ,0,0,0,1572527280000
2768768197,半月三猴,各位亲爱的朋友 今天为大家推荐一本好书 和我一起做一个有着书香气息の女子吧 金九粒的微博视频 ,0,0,0,1572527220000
1732944604,青头大胖鬼,各位亲爱的朋友 今天为大家推荐一本好书 和我一起做一个有着书香气息の女子吧 金九粒的微博视频 ,0,0,0,1572527220000
5224031878,V1230AL0927,各位亲爱的朋友 今天为大家推荐一本好书 和我一起做一个有着书香气息の女子吧 金九粒的微博视频 ,0,0,0,1572527220000
6404585156,海里的鲨鱼不吃肉,各位亲爱的朋友 今天为大家推荐一本好书 和我一起做一个有着书香气息の女子吧 金九粒的微博视频 ,0,0,0,1572527160000
7208900108,思域9191198208,:恽毓鼎澄斋日记    本书记载了恽毓鼎一生的日记。其中包括文献、时事、读经史子集笔记、论古文诗词、民俗风情、家庭锁事。本书不仅反映了清廷末世的腐败，也在古籍版本书画手迹，行医处方，天气天象，地理地震等都有不同程度的记载。故本书具有很高听史料价值和可读性，是值得推荐的一部好书。 ,0,0,0,1572527160000
3973111590,lesleyc_,各位亲爱的朋友 今天为大家推荐一本好书 和我一起做一个有着书香气息の女子吧 金九粒的微博视频 ,0,0,0,1572527160000
2669914347,张先生的玥宝宝,各位亲爱的朋友 今天为大家推荐一本好书 和我一起做一个有着书香气息の女子吧 金九粒的微博视频 ,0,0,0,1572527100000
5591144763,WELCOME2TO1HOPE8WORLD,知名声优花江夏树万圣节妆容，神COS炭子。祝大家万圣节快乐。 ,0,0,0,1572527100000
6211094932,眉山疾病防控,:#健康眉山# 【与死神争分夺秒 四川震区如何做到“大灾之后无大疫”？】在人类的灾难史上，大灾之后有大疫似乎成了一条规律。然而，汶川大地震，由于疾控措施迅速、得当，灾区没有发生一起与地震相关的传染病爆发疫情，实现了“大灾之后无大疫”。详情↓@央视新闻 http://t.cn/Ai1dCQWE #教授连续三年不教本科生转出教师系列#,0,0,0,1572527040000
,这条街的扛把子,各位亲爱的朋友 今天为大家推荐一本好书 和我一起做一个有着书香气息の女子吧 金九粒的微博视频 ,0,0,0,1572527040000
5325113549,Just_Zhou_,各位亲爱的朋友 今天为大家推荐一本好书 和我一起做一个有着书香气息の女子吧 金九粒的微博视频 ,0,0,0,1572527040000
,浅层地震预报研究员余晓飞,:全国各地区北京时间72±48小时浅震跟踪预报2019年11月01~06日     3.0≤M≤5.0级     h≥5千米(自然地震)    RR3级中国西部地区：新疆维吾尔自治区博尔塔拉州精河北部       45~46度N     82~84度E      M4.5(十0.0，一0.5)级     5≤h≤15千米属北天山北部亚失稳带地应力场。中国中部地区：内蒙古巴彦淖尔市乌拉特后旗周边     40~42度N     106~108度E     M4.5(十0.0，一1.5)级     5≤h≤10千米属河西走廊北部亚失稳带地应力场。山西太原清徐县周边        37~38度N      112~113度E属山西带地应力场能量聚集区，注意井下围岩失衡导致冒井。中国东部地区：河北蔚县东部周边      39~40度N      115~116度EM4.5(十0.0，一1.5)级     5≤h≤15千米属燕山西部亚失稳带地应力场。                    来源：中国青海浅震研究所,0,0,0,1572527040000
5325113549,Just_Zhou_,各位亲爱的朋友 今天为大家推荐一本好书 和我一起做一个有着书香气息の女子吧 金九粒的微博视频 ,0,0,0,1572526980000
,地震讯息,:【德国地球科学研究中心】发布，2019-10-31 20:54:23 在 所罗门群岛（纬度:7.49°S 经度:156.77°E http://t.cn/Ai1eP7fM） 发生4.7级地震，震源深度:412.0公里，查看详细http://t.cn/Ai1eP7fI #Apphttp://t.cn/R0R71yZ ,0,0,0,1572526980000
1852936191,你说不然怎么办,各位亲爱的朋友 今天为大家推荐一本好书 和我一起做一个有着书香气息の女子吧 金九粒的微博视频 ,0,0,0,1572526980000
1852936191,你说不然怎么办,各位亲爱的朋友 今天为大家推荐一本好书 和我一起做一个有着书香气息の女子吧 金九粒的微博视频 ,0,0,0,1572526980000
,狐九九八十一,各位亲爱的朋友 今天为大家推荐一本好书 和我一起做一个有着书香气息の女子吧 金九粒的微博视频 ,0,0,0,1572526920000
5456303306,半城半月20314,:我免费围观了 @震长 的回答，问题价值 9.99 元，快来一起免费围观~ 微博问答:震长！菲律宾地震了～菲律宾这两天不听话，就地震了。。。，，所以，黄岩岛那么近，对我附近的海军官兵有影响吗？ ,0,0,0,1572526920000
1348017962,肉铅球,各位亲爱的朋友 今天为大家推荐一本好书 和我一起做一个有着书香气息の女子吧 金九粒的微博视频 ,0,0,0,1572526920000
2428367465,全洲华love,各位亲爱的朋友 今天为大家推荐一本好书 和我一起做一个有着书香气息の女子吧 金九粒的微博视频 ,0,0,0,1572526920000
7269688817,用户7269688817,:地震是晢时得，我们不会让困难吓倒，从跌倒从那站起，把我们家园重建，为祖国家园献出力量把。 看到地震男孩圆梦走上阅兵场，你都有哪些感触? ,1,0,0,1572526860000
,菲林_FeiLin,各位亲爱的朋友 今天为大家推荐一本好书 和我一起做一个有着书香气息の女子吧 金九粒的微博视频 ,0,0,0,1572526800000
7308061306,川旅19级艺本第一支部,:让大家期待已久的团日活动再次来辣！💥举行此次安全教育主题活动，主要是为了让大家更清楚在灾难发生时该怎样保护自己与自救，在活动中同学们都积极参与且表达出自己的意见🌻🌻首先团支书讲解了饮食安全、地震安全火灾安全的知识🔐！而且同学们在活动中充分表达了自己的意见，再通过知识竞答的方式更深刻地把知识牢记于心！更加有意义的是此次活动是我们第一支部与第二支部首次合作，在我们大家一起的通力合作下此次第一支部与第二支部的完美合作就正式落幕啦！期待我们的下一次合作！！🌟@CC丛此快乐 @四川旅游学院学生会 @四川旅游学院艺术学院学生工作 @四川旅游学院,5,0,0,1572526740000
1888011201,羿琪GO,各位亲爱的朋友 今天为大家推荐一本好书 和我一起做一个有着书香气息の女子吧 金九粒的微博视频 ,0,0,0,1572526740000
6153915341,明天过后SSSS,:#蛙糖绿色地球全球保卫行动[超话]##日行一环保# 我是来自河南理工大学的一名绿色地球志愿者今日读书：《晚雨》读书时长：30分钟累计时长：1390分钟读书感悟：《地震》一文讲述了一位驻村干部在人民公社运动中错误的将爱驴如命的村民老六的驴给牵走，而在这个过程中毛驴顽强抵抗又不幸死亡，此后驻村干部一直生活在懊恼与悔恨当中，在多年以后，一切都稳定下来，驻村干部又重新给老六物色个纯种南山种给老六送回去，祈求弥补老六的损失，而不幸的是，老六已故去，只剩他的妻子和小儿子，结局是他站雪地里在老六的墓前深刻忏悔。该篇章以一只纯种的南山种毛驴引出来人民公社化运动中错误行为，刻画了人在漩涡中焦虑而不知所措的形态。@蛙糖官微 @联合国环境规划署 @绿色地球志愿者联盟,0,0,0,1572526740000
1726554493,jianjiam玻璃咸湿佬,各位亲爱的朋友 今天为大家推荐一本好书 和我一起做一个有着书香气息の女子吧 金九粒的微博视频 ,0,0,0,1572526620000
5890571857,我在武侯,【#甘肃地震已致21人受伤# 3千多间房屋受损】@中国地震台网 正式测定，10月28日1时许，甘肃甘南州夏河县发生5.7级地震，震源深度10千米。截至10月28日18时，地震造成21人受伤，合作市1975人受灾，1192间房屋一般性受损，夏河县2097户房屋受损，院落墙体倒塌17户。（新京报我们视频）http://t.cn/Ai1lIKtU,0,0,0,1572526560000
6212120198,谢谢chen我已经想起我是谁,:？我头晕？？？一震一震的，地震？ ,0,0,0,1572526560000
5913458087,喜糖Jongj,各位亲爱的朋友 今天为大家推荐一本好书 和我一起做一个有着书香气息の女子吧 金九粒的微博视频 ,0,0,0,1572526560000
3721545185,红太狼的小宝贝,:《阿根廷5.1级地震，地震是怎么引起的》阿根廷西北地区发生5.1级地震、震源深度10公里。http://t.cn/Ai1gk1jy ,1,0,0,1572526560000
5350903380,懒癌重症患者_z,各位亲爱的朋友 今天为大家推荐一本好书 和我一起做一个有着书香气息の女子吧 金九粒的微博视频 ,0,0,0,1572526560000
3955261359,铜仁发布,:【#消防搜救犬的训练日常#】战斗力超强，在地震、楼房坍塌等事故灾害现场都冲锋在前；特别听话，执勤时是忠诚的伙伴，任务结束又变回了爱玩球的小可爱。它们，就是消防搜救犬~#火焰蓝一周年#，一起走近福州消防救援支队特勤大队，看看消防搜救犬的日常训练吧。（记者李丹阳）http://t.cn/Ai1gXlKq  http://t.cn/R2WxBvo,0,0,0,1572526560000
2814846941,曼城-巴萨,怎么感觉地震了？？  小头探长的微博视频 ,0,0,0,1572526500000
2430073602,xianima飞,各位亲爱的朋友 今天为大家推荐一本好书 和我一起做一个有着书香气息の女子吧 金九粒的微博视频 ,0,0,0,1572526380000
2842084874,你居然看上我了,各位亲爱的朋友 今天为大家推荐一本好书 和我一起做一个有着书香气息の女子吧 金九粒的微博视频 ,0,0,0,1572526380000
5680719858,娱乐宝宝,各位亲爱的朋友 今天为大家推荐一本好书 和我一起做一个有着书香气息の女子吧 金九粒的微博视频 ,72,70,26,1572526320000
2389662211,别再加班了会死人,各位亲爱的朋友 今天为大家推荐一本好书 和我一起做一个有着书香气息の女子吧 金九粒的微博视频 ,0,0,0,1572526320000
2254018047,yuuukiiiiiiii,各位亲爱的朋友 今天为大家推荐一本好书 和我一起做一个有着书香气息の女子吧 金九粒的微博视频 ,0,0,0,1572526260000
6008777977,聪明不孤单,【#甘肃地震已致21人受伤# 3千多间房屋受损】@中国地震台网 正式测定，10月28日1时许，甘肃甘南州夏河县发生5.7级地震，震源深度10千米。截至10月28日18时，地震造成21人受伤，合作市1975人受灾，1192间房屋一般性受损，夏河县2097户房屋受损，院落墙体倒塌17户。（新京报我们视频）http://t.cn/Ai1lIKtU,0,0,0,1572526200000
1711059191,一只斧坨坨,#非人哉罗小黑合作# 国产动画两大癫疯之作，今天，官宣了？！非人哉携手罗小黑，两大工作室联合制作，全新系列重磅公开！我们的爱情结晶究竟长什么样？明晚8点直播公开！一定要看哦！@非人哉漫画 @MTJJ木头 非人哉漫画的微博视频 ,1,1,0,1572526200000
2619610025,小小瘦丸子,:#青年偶像担任家庭教师真人秀#看了这么多 原来都觉得抄的韩国岛国真惨 地震 台风 核泄漏 现在原版权还跑到邻居那里胜负之冬了解一下 B站弹幕很皮 ,3,0,0,1572526200000
5155794170,品红色的皮皮皮卡,:燃烧形态真的太🉑 了，胸部还会扩张，会扩张(瞳孔地震) ,0,0,0,1572526200000
2647356685,微影姐姐,各位亲爱的朋友 今天为大家推荐一本好书 和我一起做一个有着书香气息の女子吧 金九粒的微博视频 ,139,192,20,1572526140000
5964175281,Super大怪,11年前的汶川地震，15名空降兵临危受命，从近5000米高空纵身一跃，空降震中地带，撕开营救缺口。如今11年过去，再看这段视频，震撼仍在，热血犹温。 实事热点的微博视频 ,0,0,0,1572526140000
2328580404,xiaolifeidao008,:突发！菲律宾棉兰老岛发生6.8级地震_好看视频 http://t.cn/Ai1gehjj ,0,0,0,1572526140000
6351549141,文艺相关id,这是儿童版的飞夺泸定桥吗？,0,0,0,1572526140000
6382347107,Loider-,各位亲爱的朋友 今天为大家推荐一本好书 和我一起做一个有着书香气息の女子吧 金九粒的微博视频 ,0,0,0,1572525900000
,花生米斯达,各位亲爱的朋友 今天为大家推荐一本好书 和我一起做一个有着书香气息の女子吧 金九粒的微博视频 ,0,0,0,1572525840000
3748774823,酥一格婆子,各位亲爱的朋友 今天为大家推荐一本好书 和我一起做一个有着书香气息の女子吧 金九粒的微博视频 ,0,0,0,1572525840000
5719106203,八月初戀卷,徐坤：我到底该看哪？？@蔡徐坤  微博视频 ,0,0,0,1572525840000
5928216263,NowyouFantasize,#焉栩嘉[超话]# 挺绝的@R1SE-焉栩嘉 ,0,0,0,1572525720000
,谢家添,当年汶川地震的新闻报道，这可能是主持人失误唯一一次不用罚钱的吧，好心疼~  奇想大事件的微博视频 ,0,0,0,1572525720000
5142027102,我要飞222222,:#社区连线# 为加大科普知识宣传力度，不断提高公众防震减灾意识，充分发挥社区在防震减灾工作中的积极作用。@挹江门街道戴家巷社区 针对辖区居民开展了一场防震减灾专题知识讲座，邀请省地震专家为居民们上了一堂生动的地震避险自救课，普及地震减灾知识，提升避险自救能力。讲座以“科学防震，努力减轻地震灾害损失”为主题，讲课专家结合自身丰富的工作经验，以汶川、玉树等地震为切入点，采取理论和视频知识相结合的方式，生动、形象地讲解了地震前的征兆、产生地震的原因、应对方法、如何利用黄金12秒避险以及震后如何逃生、如何自救他救等知识，使大家对地震工作有了全方位的了解。此次活动，让居民们掌握了一定的安全自救知识，增强了大家在地震灾害发生时的应急避震和自我保护意识，提高了大家的应急避险和自救互救能力。,0,0,0,1572525660000
3213983693,新闻空间站,:【菲律宾南部地震已致5人死亡】当地时间29日上午，菲律宾棉兰老岛哥打巴托省发生6.6级地震。近两个小时后，在几乎同一震中位置又发生6.1级余震。截至目前，已有5人因地震引起的泥石流及房屋倒塌等原因丧生。地震还造成394人不同程度受伤，伤者均已被送往附近医院救治。 新闻空间站的微博视频 ,0,0,0,1572525660000
3496186631,Sang夜溫柔,:約伯記九章1約伯回答說：2「我真的知道是這樣，但人在上帝前怎能成為義呢？3人若想要與他爭辯，千次中也不能回答一次。4他心裏有智慧，且大有能力。誰向上帝剛硬而得平安呢？5他把山挪移，山卻不知，他在怒氣中，把山翻倒。6他使地震動，離其本位，地的柱子就搖撼。7他吩咐太陽，太陽就不出來，又封住眾星。8他獨自鋪張諸天，步行在海浪之上。9他造北斗、參星、昴星，以及南方的星宿；10他行大事不可測度，行奇事不可勝數。11看哪，他從我旁邊經過，我看不見；他走過，我沒有察覺他。12看哪，他奪去，誰能阻擋他？誰敢對他說：『你做甚麼呢？』13「上帝必不收回他的怒氣，扶助拉哈伯的，屈身在上帝以下。14既是這樣，我怎敢回答他，怎敢在他之前選擇辯詞呢？15我雖有義，也不能回答，我要向那審判我的懇求。16我若呼求，縱然他應允我，我仍不信他會側耳聽我的聲音。17他用暴風摧折我，無故加增我的損傷。18他不容我喘一口氣，倒使我飽受苦惱。19若論力量，看哪，他真有能力！若論審判，『誰能傳我呢？』20我雖有義，我的口要定我有罪；我雖完全，他必證明我為彎曲。21我雖完全，不顧自己；我厭棄我的性命。22所以我說，都是一樣；完全人和惡人，他都滅絕。23若災禍忽然帶來死亡，他必戲笑無辜人的苦難。24世界交在惡人手中；他蒙蔽世界審判官的臉，若不是他，那麼是誰呢？25「我的日子比奔跑者更快，急速過去，不見福樂。26我的日子如蒲草船掠過，如鷹俯衝抓食。27我若說：『我要忘記我的苦情，強顏歡笑』，28我就因一切的愁苦而懼怕；我知道你必不以我為無辜。29我必被定罪，我何必徒然勞苦呢？30我若用雪水洗身，用鹼潔淨我的手掌，31你還要把我扔在坑裏，我的衣服都憎惡我。32他不像我是個人，使我可以回答他，使我們可以一同受審判。33我們中間沒有仲裁者，可以按手在我們兩造之間。34願他使他的杖離開我，不使他的威嚴恐嚇我，35我就說話，不懼怕他；但對我來說，我卻不是這樣。」,0,0,0,1572525600000
3754192351,健康四川官微,:【与死神争分夺秒 四川震区如何做到“大灾之后无大疫”？】在人类的灾难史上，大灾之后有大疫似乎成了一条规律。然而，汶川大地震，由于疾控措施迅速、得当，灾区没有发生一起与地震相关的传染病爆发疫情，实现了“大灾之后无大疫”。详情↓@央视新闻 健康中国的微博视频 ,1,2,0,1572525480000
2607165787,食困大王,各位亲爱的朋友 今天为大家推荐一本好书 和我一起做一个有着书香气息の女子吧 金九粒的微博视频 ,0,0,0,1572525420000
5825754412,想看con的阿秋秋w,MegaHouse 鬼灭之刃 バディコレ挂件 第2弹预告② 伊黑小芭内＆甘露寺蜜璃 ,0,0,0,1572525420000
6413540169,辣条儿小魔女,#蔡徐坤喜欢爱豆标签# 谈到流量问题，@蔡徐坤 称这是一种社会责任，“作为公众人物，其实希望能够通过自己的力量，把更多的、就是我收到的这些爱和支持，能够传递出去，给更多需要帮助的人。”直言自己喜欢这个标签，“因为idol是正能量，能够用你的善良、努力去影响身边的人。”蔡徐坤谈流量问题 ,0,0,0,1572525300000
5321574720,不可描述之事,:话说早上我梦到，最近在追的一个子供番的一位脚本家在剧中写的如角色和妹妹遇到地震，被房屋活埋，生离死别，好像还黑化或者精神失常之类的情节，根据他本人访谈（梦里觉得是当面对我说的）其实是他自己亲身真实经历的事情，所以才会写出那么病的情节，我还特意在梦里去百科查了他出生年份（196X）和事故发生时期地点，觉得好感慨哦，醒来发现，不仅没这动画，而且没这人,1,0,1,1572525240000
5583796640,我我我我的菜菜,徐坤：我到底该看哪？？@蔡徐坤  微博视频 ,0,0,0,1572525240000
5020118557,麥艺女,各位亲爱的朋友 今天为大家推荐一本好书 和我一起做一个有着书香气息の女子吧 金九粒的微博视频 ,0,0,0,1572525120000
1757563265,一池米rf,:关于不死者之王和万分倔强粉之间的故事，发生在地震多发带……新一轮的灾后重建又开始了。 ,24,3,2,1572525060000
,青年报,:#向前进博青春#【他是5·12地震亲历者，加入进博只因11年前埋下的那颗种子】十一年前，他经历过“5·12”大地震。那时，7岁的他第一次理解什么是志愿者。在上海电力大学的“小叶子”中，有这样一个人，成为小叶子因11年前埋下的这颗种子。2019级上海电力大学信息管理与信息系统专业新生袁国文，他来自四川绵阳，是第一责任区公安组里一名“小叶子”，负责安检验证引导工作。#上海电力大学[超话]## 相约上海进博会# #青年报社原创#http://t.cn/Ai1guGXD,2,1,0,1572525060000
6395287040,奇想大事件,:当年汶川地震的新闻报道，这可能是主持人失误唯一一次不用罚钱的吧，好心疼~  奇想大事件的微博视频 ,49,8,15,1572525000000
,-糖糖666-,各位亲爱的朋友 今天为大家推荐一本好书 和我一起做一个有着书香气息の女子吧 金九粒的微博视频 ,0,0,0,1572525000000
6042105240,军事小喇叭,:#军事科普#甘肃夏河发生5.7级地震，武警官兵开展紧急驰援 军事小喇叭的微博视频 ,1,0,0,1572525000000
1768225044,咖啊七,:上一次玩还是地震那会地震棚里 从早玩到晚 十一年半以后 都快奔三的人了 还在回忆 超爱的 ,6,0,6,1572524940000
3966345798,赫尔修数字猜想,:他泰的综艺风格真的是大胆 明晃晃搞yellow 还摸艺人的腿。。。瞳孔地震 ,0,0,0,1572524940000
2708011923,lai一罐可乐0923,宝宝做着superm的手势 突然惊恐 我的戒指？！我的戒指？！后面说了啥没听懂了hhhhh ,0,0,0,1572524940000
5620373064,Z雅典卫城G,怎么感觉地震了？？    专员开车的微博视频 http://t.cn/R9wahxG ,0,0,0,1572524880000
,FM963,:【#消防搜救犬的训练日常#】战斗力超强，在地震、楼房坍塌等事故灾害现场都冲锋在前；特别听话，执勤时是忠诚的伙伴，任务结束又变回了爱玩球的小可爱。它们，就是消防搜救犬~#火焰蓝一周年#，一起走近福州消防救援支队特勤大队，看看消防搜救犬的日常训练吧。（记者李丹阳）http://t.cn/Ai1gXlKq ,0,0,0,1572524820000
6880778711,壳壳处理中,各位亲爱的朋友 今天为大家推荐一本好书 和我一起做一个有着书香气息の女子吧 金九粒的微博视频 ,0,0,1,1572524820000
6203997198,余敏敏Alomin,:就在我一直抱着毅心。坚守。我解决世世地震，海啸的。雾霾的身体。渐行渐近。我离宣示的每天做很多勤劳的。奋斗的。我将被太阳吻💋了再怀着温度。在微博上爱👄。 ,0,0,0,1572524820000
,临沂电影圈,:#攀登者##临沂电影# 【他是#胡歌角色原型#，用一对假肢征服珠峰！,7,2,0,1572524760000
3662938043,_永远不会再重来,各位亲爱的朋友 今天为大家推荐一本好书 和我一起做一个有着书香气息の女子吧 金九粒的微博视频 ,0,0,0,1572524700000
,-可是你值得,:上周的匆忙联系 从昨晚到现在 仍旧还没音信 感觉很久没有联系了 都要快忘记了他的样子这周比往常过得更慢一些 甚至开始胡思乱想 地震后 他应该没事吧? 不能在彼此身边陪伴的日子 真的很煎熬 比异地恋还要难熬 军恋的确很考验我们 每天只有想念 每周仅有的念想就是和他聊天的一两个小时 而其他 现在什么都不求 也不去期待,7,0,1,1572524700000
5228230255,Reailstcs实求,:印度之行：俄气完成中俄东线天然气管道注气工作 即将输气2019.10.31日报道 俄媒称，俄罗斯天然气工业股份公司（简称俄气）新闻处宣布，“西伯利亚力量”管道（即中俄东线天然气管道工程俄罗斯境内段——本网注）完成注气。雅库特共和国恰扬达油气田的燃料被输送到布拉戈维申斯克地区的边境配气站。据“今日俄罗斯”电视台网站10月29日报道，塔斯社援引公司通告称：“这样一来，管道直线部分已经做好向中国输送俄罗斯天然气的准备。”俄气强调，下一阶段将向经过阿穆尔州的跨境管道加注天然气，预计在12月1日前开始对华输气。报道称，注气工作从今年夏末开始。俄气10月11日宣布，一切按照计划进行，部分工作进度超前。报道指出，“西伯利亚力量”天然气管道是俄气和中国石油天然气集团公司的联合项目。管道始于伊尔库茨克州的科维克塔气田，经恰扬达油气田通往阿穆尔天然气加工厂，然后从那里延伸至中国。据报道，俄中2014年签定了为期30年的协议，并于当年开始建设。俄气强调，建设工作是在极端条件下进行的。该公司网站写道：“天然气管道穿越极端自然环境，途经沼泽、山地、地震活动区和永冻土、多石土地段。”绝对最低温度从雅库特的零下62摄氏度到阿穆尔州的零下41摄氏度。 http://t.cn/Ai1gEnqE,0,0,0,1572524700000
,九江乐活会,:#九江身边事#【九江都昌好心人捐资两万多元照亮村民回家路,4,0,0,1572524700000
,Orange-果,#郑云龙[超话]# 绒绒米奇快补货[怒骂] ,0,0,0,1572524640000
,兰西妇联,【#甘肃夏河发生5.7级地震# 未收到人员伤亡报告】今天01时56分，甘肃甘南州夏河县发生5.7级地震，震源深度10千米：①兰州、临夏、定西震感强烈，有建筑物墙皮掉落等情况发生，个别地方停电；②市民上街避险；③截至今天6时，初步统计超130户房屋受损，未收到人员伤亡报告。http://t.cn/Ai1o7jR3（央视新闻） http://t.cn/Ai1oAEMT,0,0,0,1572524640000
2873002432,樱田困妮,各位亲爱的朋友 今天为大家推荐一本好书 和我一起做一个有着书香气息の女子吧 金九粒的微博视频 ,1,0,3,1572524580000
5426278023,一颗-丸子,各位亲爱的朋友 今天为大家推荐一本好书 和我一起做一个有着书香气息の女子吧 金九粒的微博视频 ,0,0,0,1572524580000
5719926513,大北菜头,各位亲爱的朋友 今天为大家推荐一本好书 和我一起做一个有着书香气息の女子吧 金九粒的微博视频 ,0,0,0,1572524460000
5702548399,雪见月白,#非人哉罗小黑合作# 国产动画两大癫疯之作，今天，官宣了？！非人哉携手罗小黑，两大工作室联合制作，全新系列重磅公开！我们的爱情结晶究竟长什么样？明晚8点直播公开！一定要看哦！@非人哉漫画 @MTJJ木头 非人哉漫画的微博视频 ,0,0,0,1572524460000
5685270950,竹小春姐姐,:我免费围观了 @震长 的回答，问题价值 9.99 元，快来一起免费围观~ 微博问答:震长！菲律宾地震了～菲律宾这两天不听话，就地震了。。。，，所以，黄岩岛那么近，对我附近的海军官兵有影响吗？ ,0,0,0,1572524460000
2844242281,寳貝击昏BAOBao怒娜,各位亲爱的朋友 今天为大家推荐一本好书 和我一起做一个有着书香气息の女子吧 金九粒的微博视频 ,0,0,0,1572524400000
5533150045,Lois-Moon,哈哈哈哈哈哈哈哈哈哈哈哈哈哈哈哈哈哈哈哈哈哈哈哈哈哈！岛国知名猫bot兼声优花江夏树的万圣节装扮 ,0,0,0,1572524400000
3168466290,徐有痣,各位亲爱的朋友 今天为大家推荐一本好书 和我一起做一个有着书香气息の女子吧 金九粒的微博视频 ,1,0,0,1572524280000
,地震讯息,:【欧洲地中海地震中心】发布，2019-10-31 19:56:02 在 菲律宾棉兰老岛（纬度:5.82°N 经度:126.25°E http://t.cn/Ai1g8b7E） 发生4.0级地震，震源深度:145.0公里，查看详细http://t.cn/Ai1g8b7m #Apphttp://t.cn/R0R71yZ ,1,0,0,1572524280000
5382038818,一个小狗头,#和杨洋资讯站一起放假# @悦凯娱乐 @杨洋资讯站 耳听为虚，眼见为实P1P2是资讯站这个月发过的微博。P3是关于杨洋的一些话题，有没有用心一目了然。 ,0,0,0,1572524280000
7038132021,柠砂糖,“在病房里一边咳嗽着一边看到电视里面 明明只是个孩子却漂亮地表演各种奇术逗大家开心的你 有着日日树涉这样奇怪名字的你。”“我会去见你的 无论要使用怎样的手段。”“那里是非常寂寞 没有人的温暖的世界 是英智抓住了几乎就要那样远去的我的头发 拼命地 将我挽留在了这个世界上。”“比起梦境 更加美丽的现实 不论何时 都一直存在于这个世界上 告诉我这一切的 不正是你吗？”“我们可以去到任何地方 携起手来一起飞翔 向着更高的地方。”“因为我也想和英智站在同一个舞台上啊。”“我希望自己不是以fine的身份 也不是以五奇人的身份 而是以日日树涉的身份与天祥院英智一起站在舞台上。”“私はあなたを愛しているから、今後も一緒にいます。”,0,0,0,1572524280000
6306916777,Leonard罡,:#社区连线# 为加大科普知识宣传力度，不断提高公众防震减灾意识，充分发挥社区在防震减灾工作中的积极作用。@挹江门街道戴家巷社区 针对辖区居民开展了一场防震减灾专题知识讲座，邀请省地震专家为居民们上了一堂生动的地震避险自救课，普及地震减灾知识，提升避险自救能力。讲座以“科学防震，努力减轻地震灾害损失”为主题，讲课专家结合自身丰富的工作经验，以汶川、玉树等地震为切入点，采取理论和视频知识相结合的方式，生动、形象地讲解了地震前的征兆、产生地震的原因、应对方法、如何利用黄金12秒避险以及震后如何逃生、如何自救他救等知识，使大家对地震工作有了全方位的了解。此次活动，让居民们掌握了一定的安全自救知识，增强了大家在地震灾害发生时的应急避震和自我保护意识，提高了大家的应急避险和自救互救能力。,0,0,0,1572524220000
1293464801,甜蜜梦幻青春阳光,:以前有一个照片，那个女的被锁在箱子里，脑袋跟一个胳膊露在外面，据说另一个腿跟一个胳膊在箱子里拴在一起，那是惩罚蒙古女性，过去人们还会集体把人沉塘，一大堆人像过节一样聚集在一起，把人跟大石头绑起来推到湖里。还看过地震，洪水一来，山摇晃起来，大石头把人们砸的七零八碎。 ,0,0,0,1572524160000
1199335541,大奎小葵家的小ye,徐坤：我到底该看哪？？@蔡徐坤  微博视频 ,0,0,0,1572524040000
1965335703,GrapeMoca,:#无锡 爆炸#希望人平安吧，这地官员们估计得大地震了，接二连三啊,4,0,0,1572524040000
3503722061,摸鱼的七只,各位亲爱的朋友 今天为大家推荐一本好书 和我一起做一个有着书香气息の女子吧 金九粒的微博视频 ,0,0,0,1572524040000
6507063001,奶坤啵唧,徐坤：我到底该看哪？？@蔡徐坤  微博视频 ,0,0,0,1572523800000
,地震讯息,:【欧洲地中海地震中心】发布，2019-10-31 19:49:16 在 离岸瓦哈卡，墨西哥（纬度:15.42°N 经度:94.97°W http://t.cn/Ai1gYsQa） 发生4.0级地震，震源深度:18.0公里，查看详细http://t.cn/Ai1gYsQT #Apphttp://t.cn/R0R71yZ ,0,0,0,1572523740000
3385532502,wuli朴奉汃ne,各位亲爱的朋友 今天为大家推荐一本好书 和我一起做一个有着书香气息の女子吧 金九粒的微博视频 ,0,0,0,1572523740000
3732628940,这么客气,徐坤：我到底该看哪？？@蔡徐坤  微博视频 ,0,0,0,1572523740000
5383759325,cY邹夜,徐坤：我到底该看哪？？@蔡徐坤  微博视频 ,0,0,0,1572523680000
1588522451,YSGGXW,:菲律宾再发生6.5级强震 菲总统房屋出现裂缝-----报道称，31日的地震发生后，杜特尔特家的房屋墙壁和天花板出现裂缝，当时杜特尔特正在屋里，但没有受伤。 菲律宾再发生6.5级强震 菲总统房屋出现裂缝 ,1,0,0,1572523620000
,Sakuno酱不打烊,各位亲爱的朋友 今天为大家推荐一本好书 和我一起做一个有着书香气息の女子吧 金九粒的微博视频 ,0,0,0,1572523440000
6275217849,厕所君的旅行日记,坐了一天车，终于到九寨沟了。真的好远，山路也不好走。酒店是藏族风格，还挺好看的 阿坝藏族羌族自治州·九寨沟县 ,9,0,17,1572523380000
5215047607,靓仔是我鸭,各位亲爱的朋友 今天为大家推荐一本好书 和我一起做一个有着书香气息の女子吧 金九粒的微博视频 ,0,0,0,1572523380000
2067075157,风岚夜洹,各位亲爱的朋友 今天为大家推荐一本好书 和我一起做一个有着书香气息の女子吧 金九粒的微博视频 ,0,0,0,1572523260000
6224552386,炖甜肉,各位亲爱的朋友 今天为大家推荐一本好书 和我一起做一个有着书香气息の女子吧 金九粒的微博视频 ,0,0,0,1572523260000
2255093687,那我们俩就再拼一次吧,各位亲爱的朋友 今天为大家推荐一本好书 和我一起做一个有着书香气息の女子吧 金九粒的微博视频 ,0,0,0,1572523260000
,浅层地震预报研究员余晓飞,:北京时间72±48小时地震回播点评：2019年10月24日21点38分16秒印尼米纳哈萨半岛附近海域已发已生M5.6级地震，震源深度250千米属超深源地应力场能量释放。2019年10月25日06点03分46秒，27日06点30分44秒，13点29分45秒，13点33分15秒，18点52分39秒，30日02点36分47秒，19点04分34秒新疆维吾尔自治区巴音郭楞州和硕县，博尔塔拉州博乐市，阿克苏地区乌什县，喀什地区塔什库尔干县已发生M3.3级、M3.1级、M5.0级、M3.0级、M4.5级、M3.0级、M4.0级地震，震源深度分别为10千米x4次，9千米x2次，11千米后期继续观望。2019年10月26日08点41分22秒福克斯群岛已发生M5.4级地震，震源深度30千米属深源地应力场能量正常释放。2019年10月26日22点08分50秒西藏昌都市芒康县已发生M3.0级地震，震源深度7千米属正常地应力场能量释放。2019年10月27日08点39分21秒云南曲靖市宣威市已发生M3.1级地震，震源深度10千米属正常地应力场能量释放。2019年10月27日11点37分08秒，28日12点14分26秒河北张家口市怀安县，涿州市已分别发生M2.8级、M2.0级弱震，震源深度11千米属正常地应力场能量释放。2019年10月28日01点09分50秒贵州六盘水市盘州市已发生M3.4级地震，震源深度7千米属正常地应力场能量释放。2019年10月28日01点56分48秒，10点53分49秒甘肃甘南州夏河县已发生M5.7级、M3.0级地震，震源深度10千米，12千米属正常地应力场能量释放。2019年10月29日09点04分44秒，10点42分36秒，31日09点11分18秒菲律宾棉兰老岛已分别发生M6.6级、M5.8级、M6.6级地震，震源深度10千米x3次后期继续观望。2019年10月29日16点44分05秒巴布亚新几内亚布干维岛附近海域已发生M5.8级地震，震源深度40千米后期继续观望。2019年10月31日16点03分34秒四川雅安市石棉县已发生M3.6级地震，震源深度15千米属正常地应力场能量释。                       来源：中国地震台网                       点评：中国青海浅震研究所                              2019年10月31日,0,0,1,1572523200000
6450590061,倒数五个数儿,各位亲爱的朋友 今天为大家推荐一本好书 和我一起做一个有着书香气息の女子吧 金九粒的微博视频 ,0,0,0,1572523140000
5574747173,早秋单宁,徐坤：我到底该看哪？？@蔡徐坤  微博视频 ,0,0,0,1572523140000
6970793271,space鸡,各位亲爱的朋友 今天为大家推荐一本好书 和我一起做一个有着书香气息の女子吧 金九粒的微博视频 ,0,0,0,1572523140000
5828666737,糯米团子兔子精,徐坤：我到底该看哪？？@蔡徐坤  微博视频 ,0,0,0,1572523080000
6491201205,802无人岛之歌,徐坤：我到底该看哪？？@蔡徐坤  微博视频 ,0,0,0,1572523080000
,河狸推理作家,各位亲爱的朋友 今天为大家推荐一本好书 和我一起做一个有着书香气息の女子吧 金九粒的微博视频 ,1,1,1,1572523080000
5683879492,花蝴蝶33467,:【3天3震 地震接连重袭菲南部 民众生不由己绝望尖叫】（来自 @一点资讯）3天3震 地震接连重袭菲南部 民众生不由己绝望尖叫 ,0,0,0,1572523020000
5527961714,爱上一个人恋上一座城cyx,徐坤：我到底该看哪？？@蔡徐坤  微博视频 ,0,0,0,1572523020000
6618825231,征程201611,:映秀地震遗址 ,0,0,0,1572523020000
1349557471,辛胖做梦想有钱,各位亲爱的朋友 今天为大家推荐一本好书 和我一起做一个有着书香气息の女子吧 金九粒的微博视频 ,0,0,0,1572523020000
6306023665,奶粉PINKKKKKKUN,徐坤：我到底该看哪？？@蔡徐坤  微博视频 ,0,0,0,1572523020000
6001271255,Wisdom_芒果,徐坤：我到底该看哪？？@蔡徐坤  微博视频 ,0,0,0,1572522960000
2592202324,限定雪困,徐坤：我到底该看哪？？@蔡徐坤  微博视频 ,0,0,0,1572522900000
3966014175,呀Gorgeous,各位亲爱的朋友 今天为大家推荐一本好书 和我一起做一个有着书香气息の女子吧 金九粒的微博视频 ,0,1,0,1572522840000
3113840435,嗑小呆,各位亲爱的朋友 今天为大家推荐一本好书 和我一起做一个有着书香气息の女子吧 金九粒的微博视频 ,0,1,0,1572522840000
,何歧路,:中午一份凉皮一个小馒头，晚上一份凉皮生怕太凉还炒了一下模仿炒凉粉。结果这会儿果然胃疼，不知所措……中午间歇时间对了一下吃掉的东西，才发现我还没一个一米六一百二十多斤的妹子吃的多，人家吃了两个馒头还有胃在那啃别的，瞳孔地震。 ,0,0,0,1572522780000
,十里蛋清,各位亲爱的朋友 今天为大家推荐一本好书 和我一起做一个有着书香气息の女子吧 金九粒的微博视频 ,0,0,0,1572522780000
3171682064,捕风的指尖上的风铃草,:车送往附近武龘警医院的巴基斯坦人。  印度、巴基斯坦和中国的关系微妙的。奉行不结盟国策的中国，若说在国际舞台上有真正的朋友、或小弟的话，应该只有巴基斯坦。中国发生大地震，巴基 ,0,0,0,1572522780000
6388189366,妹妹每天都很不开心,:我笑到地震 ,0,0,0,1572522660000
,春卷Katsuki,娱乐：声优花江夏树祝大家万圣节快乐，他表示自己会努力工作的！※目前松岡禎丞（猪子）和下野紘（善子）还没有动静。 ,0,0,0,1572522600000
,喵疯了渡成了汪,徐坤：我到底该看哪？？@蔡徐坤  微博视频 ,0,0,0,1572522600000
1642832217,你说取啥名儿好呢,:坐我对面的小哥键盘敲到我以为地震了。 ,0,0,0,1572522540000
3788352761,起名什么好难啊,各位亲爱的朋友 今天为大家推荐一本好书 和我一起做一个有着书香气息の女子吧 金九粒的微博视频 ,0,0,0,1572522540000
5146515051,訆涐瀏銶銶,徐坤：我到底该看哪？？@蔡徐坤  微博视频 ,0,0,0,1572522540000
5990931284,番伽壹,各位亲爱的朋友 今天为大家推荐一本好书 和我一起做一个有着书香气息の女子吧 金九粒的微博视频 ,0,0,0,1572522480000
5497122281,磕崽市民柒月_YUU,笑吐了哈哈哈哈哈哈哈哈哈哈SuperM的手势刚做到一半突然发现自己SuperM戒指不翼而飞的Lucas ,0,0,0,1572522480000
5263288817,像脱缰野马,:分享今日事随时都在地震抗战伤亡人数3500万 经济损失6500亿美元不要按正义不正义论英雄 不是说正义就能长命百岁 ,2,0,0,1572522480000
6458007297,睡到蔡徐坤我就是人生大赢家,徐坤：我到底该看哪？？@蔡徐坤  微博视频 ,0,0,0,1572522420000
,Naes____-,各位亲爱的朋友 今天为大家推荐一本好书 和我一起做一个有着书香气息の女子吧 金九粒的微博视频 ,0,0,0,1572522420000
3860294402,royaltenenbaum,各位亲爱的朋友 今天为大家推荐一本好书 和我一起做一个有着书香气息の女子吧 金九粒的微博视频 ,0,0,4,1572522420000
5231657922,花花裤衩flower,徐坤：我到底该看哪？？@蔡徐坤  微博视频 ,0,0,0,1572522360000
6499150484,一颗梅子糖啊啊啊,各位亲爱的朋友 今天为大家推荐一本好书 和我一起做一个有着书香气息の女子吧 金九粒的微博视频 ,0,0,0,1572522360000
2883278580,爱吃西红柿的番茄女孩,刚补完李佳琦直播回放。超普通的问答都被周震南变得好搞笑哈哈哈哈更会哈更刚哈会哈更哈哈哈哈哈哈哈哈哈哈哈哈哈哈仿佛在看相声专场 马玉兰还在害人的微博视频 ,0,0,0,1572522360000
1271160011,再喜欢我久一点吧,徐坤：我到底该看哪？？@蔡徐坤  微博视频 ,0,0,0,1572522300000
5470942276,小坤_你好哇i,徐坤：我到底该看哪？？@蔡徐坤  微博视频 ,0,0,0,1572522240000
5896430316,Miss大大橙,:这个是地震云吗？#天空##每日心情记录# Miss大大橙的微博视频 ,0,0,0,1572522240000
1863477111,sola阿乐想去旅游,各位亲爱的朋友 今天为大家推荐一本好书 和我一起做一个有着书香气息の女子吧 金九粒的微博视频 ,0,0,0,1572522240000
6332209615,-自對自獨白,徐坤：我到底该看哪？？@蔡徐坤  微博视频 ,0,0,0,1572522180000
6122760113,2020会官宣成都场吗,徐坤：我到底该看哪？？@蔡徐坤  微博视频 ,0,0,0,1572522180000
6675248907,开心小老头儿05303,#急急侠话科普#【遇到地震怎么办】中国地震台网正式测定：10月31日16时3分在四川雅安市石棉县（北纬29.07度，东经102.35度）发生3.6级地震，震源深度15千米。戳视频，让急急侠告诉你，遇到地震你该怎么办↓↓↓遇到地震怎么办？——国家应急广播 ,0,0,0,1572522180000
5101007883,给你所有温柔和善意,徐坤：我到底该看哪？？@蔡徐坤  微博视频 ,0,0,0,1572522060000
2370259714,xiao9th若相惜,【#日本冲绳首里城大火# 正殿、北殿被完全烧毁】当地时间今日凌晨2时许，日本世界遗产冲绳首里城迹深夜发生大火。据日媒消息，正殿、南殿、北殿均起火，正殿和北殿被完全烧毁，二层房顶崩塌，整体建筑面目全非。那霸市消防局随即出动20台消防车，但火势截至当地5时仍未得到控制。这视频的微博视频 ,1,0,0,1572522060000
2154863244,白羊御丶凉凉,笑吐了哈哈哈哈哈哈哈哈哈哈SuperM的手势刚做到一半突然发现自己SuperM戒指不翼而飞的Lucas ,0,0,1,1572522060000
2929909517,sxyyellowpear,各位亲爱的朋友 今天为大家推荐一本好书 和我一起做一个有着书香气息の女子吧 金九粒的微博视频 ,0,0,1,1572522060000
5999598825,鲸落深海·,团活又又又被火箭少女的造型师所搭配衣服刷新眼界了 ,1,0,0,1572522060000
6582188219,Vanadis4RiverPhoenix,:围观了一下韩圈目前的大地震事件，感觉emmmm很奇妙虽然茶也看小电影，未成年的时候也出去喝过酒了，但是想想就觉得茶根本不会那么猥琐，可能哪怕茶被拍了，我的态度也是哈哈哈哈我们宇宙直男弟弟闹木kiyo所以其实这种擦边的事情大家什么态度，还是得看做这种事的人的气质。只要本人不是社会人气质，而是小王子气质，那真的是做什么都可以。,0,1,0,1572522060000
6368470427,没关系是爱情叭,徐坤：我到底该看哪？？@蔡徐坤  微博视频 ,0,0,0,1572522060000
3819706704,菜菜的小炸菇,徐坤：我到底该看哪？？@蔡徐坤  微博视频 ,0,0,0,1572522000000
5771770041,啊喵seven_DTX,:#何故蒙尘半身衣##演员冯建宇##生活对我下手了2# @冯建宇DTX 不瞒您说，在那句“老婆”出来之前，我一直以为宇宇演的是女主她儿子,51,20,20,1572522000000
,残留的情殇,距离汶川地震已经过去很多年了，但是每次看到这段视频里的场景，仍然会忍不住热泪盈眶。  笑翻车了的微博视频 ,0,0,0,1572521940000
5530843927,夏洛特困了,徐坤：我到底该看哪？？@蔡徐坤  微博视频 ,1,4,1,1572521940000
2208429331,dfgrdgrhtrjtsqwqrwetruytiyui,:老觉得自己在打转，但看了下地震信息，又没地震，不知道是该高兴还是愁,0,0,0,1572521940000
1588522451,YSGGXW,":世界文化遗产日本首里城突发大火 三大殿几乎全部烧毁锛堢粍鍥撅級鈥斺€�当地时间10月31日凌晨，日本冲绳县的世界文化遗产首里城发生大火。据共同社10月31日报道，日本冲绳县那霸警署称，10月31日凌晨2时50分前后那霸市首里城发生火灾，除了正殿之外，北殿、南殿也几乎全部烧毁http://t.cn/EzDuS2f  【美国地质勘探局】发布，2019-10-31 09:11:20 在 Tamayong, Philippines（纬度:7.1°N 经度:125.3°E O网页链接） 发生6.8级地震，震源深度:22.0公里 @段文凝  @官琳Rin  @日本NHK纪录片 @王梆梆 @云游四方的世界  @日本新天地  @解説委員室   @KTH瑞典皇家理工学院  @瑞典隆德大学   @留学瑞典 http://t.cn/Ai1gXI1Q",1,1,1,1572521880000
6504957944,唯爱星宝717,徐坤：我到底该看哪？？@蔡徐坤  微博视频 ,0,0,0,1572521880000
3481147375,可心Hapy,:地震逃生与应急自救技巧。要是地震发生在家里，首先要切断电源和煤气，选择一个远离玻璃窗户，容易形成三角空间的地方躲起来，躲避的时候首先要保护头部，如果有条件可以用毛毯，枕头等物盖住头部以免被砸伤。 http://t.cn/Ai1gofVW ,0,0,0,1572521820000
3481147375,可心Hapy,:地震了怎么办？1.地震的时候，要听大人，老师指挥，不要乱跑。2.要保护好身体重要部位比如头部3.要跑到空旷的地方去。小朋友们记住了吗？。审核人：中国消防协会主任编辑孙文中 http://t.cn/Ai1goqBt ,0,0,0,1572521820000
3481147375,可心Hapy,:科普中国之《小樱桃系列》动画围绕小樱桃丰富多彩的学校生活和家庭生活展开，真实地反映出当代青少年的烦恼和欢乐。今天小樱桃又会给我们带来什么有趣的事情呢？请看地震可以准确预报吗 http://t.cn/Ai1goGLL ,0,0,0,1572521820000
1974736744,Cherryholic-,各位亲爱的朋友 今天为大家推荐一本好书 和我一起做一个有着书香气息の女子吧 金九粒的微博视频 ,0,0,0,1572521760000
3991883314,坤仔的妙妙,徐坤：我到底该看哪？？@蔡徐坤  微博视频 ,0,0,0,1572521760000
,其实我是撒旦,:3d版本校园安全之地震逃生，快带上3d眼镜来观看把>>《3D安全教育：地震逃生（校园安全教育）》  http://t.cn/Ai1gSkvx ,0,0,0,1572521760000
,爱困的清粥-,徐坤：我到底该看哪？？@蔡徐坤  微博视频 ,0,0,0,1572521760000
,满足所有幻想K,徐坤：我到底该看哪？？@蔡徐坤  微博视频 ,0,0,0,1572521700000
2959892941,Limited_sweetness,徐坤：我到底该看哪？？@蔡徐坤  微博视频 ,0,0,0,1572521700000
3481147375,可心Hapy,:地震是否能预报，一直是人们关心的话题，也是至今未解的世界难题。仰之弥高，钻之弥坚。伴随着对该题答案的求索，我国对地震灾害的认识不断深入，地震研究的思路在实践中经历了几次变化。1966年邢台地震发生后，我国开始了大规模的地震预测预报工作。 http://t.cn/Ai1gS0mD ,0,0,0,1572521700000
6505741343,Kunberry,徐坤：我到底该看哪？？@蔡徐坤  微博视频 ,0,0,0,1572521700000
6147180737,相思谁人医,:菲律宾南部发生6.5级地震 _中国经济网——国家经济门户  菲律宾南部发生6.5级地震 ,0,0,0,1572521640000
6455229278,P1kacchu,团活又又又被火箭少女的造型师所搭配衣服刷新眼界了 ,1,1,0,1572521640000
5536446033,特意搞个号,:zxcvbn,4,1,0,1572521640000
6536873700,叭啦叭啦奎葵变福猪,徐坤：我到底该看哪？？@蔡徐坤  微博视频 ,0,0,0,1572521640000
2980963953,AS浪漫土豆,:模具专业的同学你们好给力，搞笑！今天学校举办地震应急救援综合实战演练 ,0,1,0,1572521520000
6864974924,名唤阮徐,徐坤：我到底该看哪？？@蔡徐坤  微博视频 ,0,0,0,1572521520000
5613801292,kunkun的小懒猫,徐坤：我到底该看哪？？@蔡徐坤  微博视频 ,0,0,0,1572521460000
5392103586,做人给我傲一点,各位亲爱的朋友 今天为大家推荐一本好书 和我一起做一个有着书香气息の女子吧 金九粒的微博视频 ,0,0,0,1572521400000
,光明日报,:【#消防搜救犬的训练日常#】战斗力超强，在地震、楼房坍塌等事故灾害现场都冲锋在前；特别听话，执勤时是忠诚的伙伴，任务结束又变回了爱玩球的小可爱。它们，就是消防搜救犬~#火焰蓝一周年#，一起走近福州消防救援支队特勤大队，看看消防搜救犬的日常训练吧。（记者李丹阳）光明日报的秒拍视频 ,21,3,1,1572521400000
3088927787,玉成保鲜膜,:丫鲁达  【遇到地震会悬浮的房屋】一直以来，人们为建筑防震想了各种办法。美国Arx Pax公司提出了一个疯狂的构想：将磁悬浮技术应用于建筑领域，让房子可以在发生地震的时候“飞”起来！利用与磁悬浮列车相类似的技术，房屋在地震时获得上升的力量与地基分离，最终悬浮于空中，以避开地震带来的破坏。通过与地...全文： http://t.cn/Eopz1yr,0,0,0,1572521400000
2382372800,蔡小爷的扇子哥哥,徐坤：我到底该看哪？？@蔡徐坤  微博视频 ,0,0,0,1572521340000
2013017511,四川农业大学艺术与传媒学院,#雅安地震#【四川石棉县发生3.6级地震】中国地震台网正式测定：10月31日16时03分在四川雅安市石棉县（北纬29.07度，东经102.35度）发生3.6级地震，震源深度15千米。 ,2,0,0,1572521340000
3995686686,那只猫不会说话阿,徐坤：我到底该看哪？？@蔡徐坤  微博视频 ,0,0,0,1572521340000
1806181342,LunarSounder,各位亲爱的朋友 今天为大家推荐一本好书 和我一起做一个有着书香气息の女子吧 金九粒的微博视频 ,0,0,0,1572521340000
5324822741,幸福烤出来,"#玩转双11,海氏让烘焙更简单## 抽奖#  10.30-11.1日海氏&EAT参加上海秋季烘焙展啦~E3B16展位，@海氏Hauswirt & @EAT烘焙 等你来吃来玩哦，更有免费礼品等着大家~不止是这样，为了回馈粉丝们一如既往的支持，又一波福利席卷而来啦！【i7风炉烤箱】【MP10多功能料理锅】【B10煎烤箱】关注+转发微博@ 三位好友，评论说说你中奖会用奖品做什么，11.1日@微博抽奖平台开奖哦！",0,0,0,1572521340000
,曝料君,:2008年的汶川大地震，一位年仅19岁的战士不顾生命在废墟中救下了一个小女孩。因为小战士的脚踝受了伤，组织让他休息，他就陪伴了这个小女孩两天两夜。正是战士的陪伴给了小女孩继续生活的勇气。也许是命运的安排，十年后他们再次相遇了。此时的小姑娘已经是重点大学的毕业生，而当年青涩的战士也成长为士官。女孩给战士发信息说：“十年了，你该娶我了。” 人间真的有童话，最终两人走到了一起，结为连理。,2612,77,133,1572521280000
,香港衛視HKS,:【菲律宾棉兰老岛再发生6.5级地震 至少5人死亡】菲律宾棉兰老岛31日再发生里氏6.5级地震，目前已造成至少5人死亡。这是菲律宾3天以来发生的第3次6级以上地震，其余有感地震则有数十次，大量民众受灾。据报道，总统杜特尔特在达沃市的房产墙壁也出现裂缝，杜特尔特本人安全。http://t.cn/Ai1gX2uH ,5,1,0,1572521280000
6903481155,理综总会及格的,#元与均棋[超话]# 下次让⭕开大奔接你吧[笑cry] ,0,0,0,1572521220000
7317887958,在Wait星星和你,徐坤：我到底该看哪？？@蔡徐坤  微博视频 ,0,0,0,1572521160000
5972806873,无限最大值,徐坤：我到底该看哪？？@蔡徐坤  微博视频 ,0,0,0,1572521160000
6559287105,锦瑟无端五十弦517,MegaHouse 鬼灭之刃 バディコレ挂件 第2弹预告② 伊黑小芭内＆甘露寺蜜璃 ,0,0,0,1572521160000
5030641893,奶盐观察室,徐坤：我到底该看哪？？@蔡徐坤  微博视频 ,0,0,0,1572521160000
3991883314,坤仔的妙妙,徐坤：我到底该看哪？？@蔡徐坤  微博视频 ,0,1,0,1572521160000
2737813240,虚假的纸片人表妹,调音师 猫王-的微博视频 ,0,0,0,1572521160000
6575768770,多吃青菜早睡早起,徐坤：我到底该看哪？？@蔡徐坤  微博视频 ,0,0,0,1572521160000
6285213534,良屿未來·,徐坤：我到底该看哪？？@蔡徐坤  微博视频 ,0,1,0,1572521160000
2615009432,阳光普照大地万秋,:生气，最能看清一个人！要真正看清一个人，就要看他愤怒的时候，因为怒火，最能让人暴露出本性，最能看出一个人的教养和人品。我刚毕业的时候，在一家文化传播公司做文案策划，认识了李思。李思比我来得早，对我非常地热情，家里做饭的时候常常叫上我，让我非常地感动，心里对她好感倍增。因为年纪差不多，所以很快就熟络了起来，彼此相处融洽。后来，公司新来了一位人事，一来就制定了新的规章制度，上班迟到或者玩手机等要罚款。新制度开始实行的第一天，李思就因为上班玩手机被罚款了，下班回去的路上，李思愤愤不平，非常地生气，一路上对人事各种难听的谩骂。我劝她算了，骂人也无济于事，在大街上这样有损形象。没想到我这一劝却是引火上身，她对着我就是一阵没理由的发脾气，说什么认识我是瞎眼了，给我吃的饭都喂狗了，这时候竟然不帮着她说话，反而向着人事。我顿时十分地震惊，觉得眼前这个人似乎从未认识。有人说：世界上有两样东西不可直视，一是太阳，二是人心。因为太阳刺眼，而人心叵测，要想看清一个人，除了时间就是看他在情绪失控的时候。高兴可以伪装，善良可以伪装，但愤怒却可以烧毁一切伪装，展示出内心深处真正的自己。生气的时候，人往往会失去理智和控制、掩饰自己的能力。所以生气时，最能看出一个人的自制力和真正的本性。一生气就变脸的人，心胸狭窄，只想着自己，不会想着别人。人都是吃五谷杂粮长大的，难免会有喜怒哀乐等各种情绪，在生气的时候，一个人怎么表现，往往可以看出一个人最真实的人品。去年年底，姑父一家来我们家吃年饭，吃完饭，姑妈和亲戚们一起打牌，姑父先回家了。临走的时候，姑父嘱咐姑妈三点左右就回家，但姑妈打牌打着打着忘了时间。六点多姑父忽然打电话给姑妈，叫她回去，姑妈挂了电话说道：“他生气了。”我爸立即开车送姑妈回去，我也跟了上去。开门时，姑父正在打扫卫生，看起来和平时并没有什么不同，我爸说：“听说你生气了，怕你们吵架，就立即把她送回来了。”姑父说道：“我是生气了，大过年的，不是平时，家里那么多事等着她，她竟然忘了，为了惩罚她，我待会儿就不给她洗菜了。”听姑父说完，我不禁对姑父刮目相看，都生气了，还能保持这样的涵养。有的人，一生气，就只顾着自己发泄脾气，不在意对方的情绪，有脾气就发，有怒气就吼，但这样只会适得其反，让两个人的矛盾更深，关系疏远。真正人品好、有修养的人，往往在生气时还能保持对人基本的礼貌，能理智地就事论事，不会因为生气殃及无辜。这种人，生气时的样子也跟平时差不多，不会给人一种变了个人的印象。生气时还有修养的人，有着自始至终的真实和真诚。发脾气是本能，克制住是本事，优雅来自约束，气度来自大方。生气时还有修养的人，人品都不会太差。看过这样一个故事。有一个老和尚养了一盆兰花，他对这盆兰花呵护有加，十分地喜爱，天天为它除草杀虫。兰花在老和尚的悉心照料下，长得清秀可人。有一次，老和尚要外出会友，就把照顾这盆兰花的任务交给了一个小和尚。小和尚很负责，像老和尚一样用心呵护兰花，兰花茁壮成长。有一天，小和尚给兰花浇过水后就放在窗台上出门办事了，不想天降大雨，狂风把兰花从窗台上吹落砸坏了。小和尚赶回来，看见一地的残枝败叶，十分地心痛，更害怕老和尚会因此而生气责骂他。过几天老和尚回来了，小和尚如实地向老和尚讲了兰花的事情，并准备接受老和尚的怒火。但让小和尚意外的是，老和尚什么也没说，小和尚就问老和尚为什么不生气。老和尚淡淡的一笑，说道：“我养兰花，不是为了生气的。”简单的一句话，却道出了老和尚豁达的人生态度，和深厚的人品修为。就像曾在一个寺庙里看到的一副对联：开口便笑，笑古笑今，凡事付之一笑；大肚能容，容天容地，于人何所不容。当一个的人品修为达到一定的境界，就不会因为外在的事物而轻易地引起自己情绪的波澜。人与人相处，难免会有摩擦的时候，但发火不是本事，懂得控制才是厉害，明白生气只是拿自己的错误或者别人的错误惩罚自己，徒劳无益，才是真修为。人品这东西，看不见也摸不着，但是绝对能深刻地感受到。人品，不是风平浪静时的伪装，真正的人品，经得起怒火的考验。,0,0,0,1572521100000
6578925020,希望每个麦子都嫁给妮妮,各位亲爱的朋友 今天为大家推荐一本好书 和我一起做一个有着书香气息の女子吧 金九粒的微博视频 ,0,0,0,1572521100000
5998235005,蔡徐坤的仙子吖,徐坤：我到底该看哪？？@蔡徐坤  微博视频 ,0,0,0,1572521100000
3820302912,全球时尚风潮,:#变身总动员阵容颜值#科学家用地震波绘制地球内部：,0,1,0,1572521100000
5750974892,无耻老贼哦,各位亲爱的朋友 今天为大家推荐一本好书 和我一起做一个有着书香气息の女子吧 金九粒的微博视频 ,0,0,0,1572521100000
5136114068,住在82号大院的宁木,徐坤：我到底该看哪？？@蔡徐坤  微博视频 ,0,0,0,1572521100000
6259770448,钰林旅行箱男女时尚包,#兰州震感##甘肃夏河5.7级地震#距震中148公里的兰州市区震感明显，视频是网友稍早前发来的。 中国地震台网速报的微博视频  兰州 ,0,0,0,1572521040000
,北京市地震局,:#地震数字科普馆##地震科普# 构造地震是由于岩层断裂发生变位错动，在地质构造上发生巨大变化而产生的地震，所以叫做构造地震，也叫断裂地震。 北京市地震局的秒拍视频 http://t.cn/Ai9uRF7E ,2,0,0,1572521040000
6519541975,KK的小样儿-Yanger,徐坤：我到底该看哪？？@蔡徐坤  微博视频 ,0,0,0,1572521040000
,信任在转瞬间就见血封喉,各位亲爱的朋友 今天为大家推荐一本好书 和我一起做一个有着书香气息の女子吧 金九粒的微博视频 ,0,0,0,1572520980000
6029653302,是大头啦,徐坤：我到底该看哪？？@蔡徐坤  微博视频 ,0,0,0,1572520980000
5634081089,August_Eleven,徐坤：我到底该看哪？？@蔡徐坤  微博视频 ,0,0,0,1572520980000
,不上网不玩游戏,各位亲爱的朋友 今天为大家推荐一本好书 和我一起做一个有着书香气息の女子吧 金九粒的微博视频 ,0,0,0,1572520920000
1958853911,KUN的舞台IKUN,徐坤：我到底该看哪？？@蔡徐坤  微博视频 ,0,0,0,1572520920000
5041493580,用户0k3,:大兴机场百米跨度大厅外观惊艳，到底能抗几级地震？ http://t.cn/Ai1gJeDW ,0,0,0,1572520920000
3290657630,YC小葵葵,徐坤：我到底该看哪？？@蔡徐坤  微博视频 ,0,0,0,1572520920000
6313322983,iKunnnnx,徐坤：我到底该看哪？？@蔡徐坤  微博视频 ,0,0,0,1572520860000
5025479450,爱的痕迹没结局,:《张衡地动仪这篇课文为何被删除，专家说：它最初复原的原理是错的》地动仪能不能预测地震呢，下面小编就来给您一一揭秘。http://t.cn/Ai1gJCkH ,2,0,1,1572520860000
5025479450,爱的痕迹没结局,:《张衡地动仪这篇课文为何被删除，专家说：它最初复原的原理是错的》地动仪能不能预测地震呢，下面小编就来给您一一揭秘。http://t.cn/Ai1gJCAi ,1,0,0,1572520860000
,小机灵葵,徐坤：我到底该看哪？？@蔡徐坤  微博视频 ,0,0,0,1572520860000
2245381917,墨笑悦千胖春儿,徐坤：我到底该看哪？？@蔡徐坤  微博视频 ,0,0,0,1572520860000
6304998166,天宇坤宝,徐坤：我到底该看哪？？@蔡徐坤  微博视频 ,0,0,0,1572520800000
6389968974,困了的K优恩,徐坤：我到底该看哪？？@蔡徐坤  微博视频 ,0,0,0,1572520800000
3894077852,你是我的小蔡冒啊,徐坤：我到底该看哪？？@蔡徐坤  微博视频 ,0,0,0,1572520800000
3924948978,宓芪,:#唐山大地震#不行了，哭死我了,0,0,0,1572520740000
2827680935,范范-侨洲,徐坤：我到底该看哪？？@蔡徐坤  微博视频 ,0,0,0,1572520740000
6834662420,魔域空间,:#救在壹线# 在中国，洪涝、地震、凝冻等自然灾害频发。恶劣的灾后环境威胁着受灾群众的安全和健康。壹基金“救在壹线”采取“提前备灾、联合行动、快速救援”的策略，快速、专业、有效地响应灾害救援，守护灾害中人的尊严。 壹基金救在壹线 ,0,0,0,1572520740000
6539513969,哇是葵葵耶,徐坤：我到底该看哪？？@蔡徐坤  微博视频 ,0,0,0,1572520740000
6431962556,爱德华miki静熙,:短途旅行包  GO→http://t.cn/AiWRaCJc.💯券💯......怕山上某颗石头一不小心滑下来，砸到我的脸上。我看到汶川地震在这里留下的印记，那一串串被震开的黑黝黝的洞口，张着大嘴想要吞噬一切。我说，毛，我害怕。他说，乖， ,0,0,0,1572520740000
5558575819,是难得l,徐坤：我到底该看哪？？@蔡徐坤  微博视频 ,0,0,0,1572520740000
6125750927,搜寻月亮,徐坤：我到底该看哪？？@蔡徐坤  微博视频 ,0,0,0,1572520740000
3279387031,露水的笔友,:头顶上红云当头好象不是什么好事：记得几年前四川雅安地震前一天傍晚的天空就是这样的。昨晚的天空今天果然 ,0,0,0,1572520740000
,土拨鼠123,地政总署以占用道路为由，勒令中银拆除防护钢板，梁振英怒斥：“这是愚人节的玩笑，还是欺善怕恶的表现？？” ,0,0,0,1572520680000
,顶级难泡K幼恩_,徐坤：我到底该看哪？？@蔡徐坤  微博视频 ,0,0,0,1572520680000
5637464360,下雪天要吃芒果冰,徐坤：我到底该看哪？？@蔡徐坤  微博视频 ,0,0,0,1572520680000
,三秦公益,:据中国地震台网正式测定，10月31日16时3分在四川雅安市石棉县发生3.6级地震，震源深度15千米，震中位于北纬29.07度，东经102.35度。 ,0,0,0,1572520620000
6090897321,蔡撩撩的ikun小迷妹,徐坤：我到底该看哪？？@蔡徐坤  微博视频 ,0,0,0,1572520620000
,子嘘污有,:今天份的瞳孔地震：看到有网友因为无惨全身是嘴感觉可以搞mob的瞬间 ,4,0,2,1572520620000
6121467320,三等狱卒,【#甘肃夏河县5.7级地震#：震感强烈 市民上街避险】10月28日01时56分，甘肃甘南州夏河县发生5.7级地震，震源深度10千米。截至凌晨4时，暂未接到人员伤亡和房屋倒塌报告。甘肃甘南消防救援力量已到达震中，周边消防救援力量已赶赴现场增援。救灾帐篷等救灾物资也在调运灾区途中。  凤凰网视频的微博视频 ,0,0,0,1572520560000
6287673572,摘芒果的猫,徐坤：我到底该看哪？？@蔡徐坤  微博视频 ,0,1,0,1572520500000
5866227724,第82號殺手葵,徐坤：我到底该看哪？？@蔡徐坤  微博视频 ,0,0,0,1572520500000
6400219126,王王王王5919,徐坤：我到底该看哪？？@蔡徐坤  微博视频 ,0,0,0,1572520500000
6317892988,神呐爱困,徐坤：我到底该看哪？？@蔡徐坤  微博视频 ,0,0,0,1572520500000
6454124335,葵酱超甜,徐坤：我到底该看哪？？@蔡徐坤  微博视频 ,0,0,0,1572520500000
6530537655,积极向上的爱坤,徐坤：我到底该看哪？？@蔡徐坤  微博视频 ,0,0,0,1572520500000
6535623062,喵喵大人x,徐坤：我到底该看哪？？@蔡徐坤  微博视频 ,0,0,0,1572520440000
,半米长腰,真的很想知道我这种胃口超级好任何事不能影响我吃饭，同时又睡眠特别好随便可以睡着很久很久的人到底是不是很难瘦啊。三年了，至少三年了，我每一天至少吃三顿饭，从来没有落下一顿。不管那天我在干什么，我在哪，没有任何一件事可以影响我吃饭。家人住院的时候，我心里很着急很难受，可是我没有少吃一口。食堂的大姐还跟我姨妈夸我“这孩子特别会点菜。”这两天运动加沙拉加代餐好不容易瘦了一点，刚才就被朋友撞到我在家里吃红烧肉。睡眠就不用说了，我家邻居有一天来道歉说上午装修队装修太早了吵到我了。我说您不用道歉，因为我根本没听到。。。吃咱们先不说了这个确实怪我自己。睡眠质量特别好的朋友能不能说一下，你们是不是也不爱瘦啊。。。,0,0,0,1572520440000
6523473662,不想写报告的kun苏酱,徐坤：我到底该看哪？？@蔡徐坤  微博视频 ,0,0,0,1572520440000
5523140377,我还有名字叫Ikun,徐坤：我到底该看哪？？@蔡徐坤  微博视频 ,0,0,0,1572520380000
2187028782,八盐二礼美,徐坤：我到底该看哪？？@蔡徐坤  微博视频 ,0,0,0,1572520380000
2477934613,JOYKYE,徐坤：我到底该看哪？？@蔡徐坤  微博视频 ,0,0,0,1572520380000
5666228651,酷爱吃菜,徐坤：我到底该看哪？？@蔡徐坤  微博视频 ,0,0,0,1572520380000
3750516094,闲花乐乐酱,徐坤：我到底该看哪？？@蔡徐坤  微博视频 ,0,0,0,1572520380000
6478610671,葵宝小卷毛,徐坤：我到底该看哪？？@蔡徐坤  微博视频 ,0,0,0,1572520380000
,貧乏自挂东南枝,各位亲爱的朋友 今天为大家推荐一本好书 和我一起做一个有着书香气息の女子吧 金九粒的微博视频 ,0,1,0,1572520380000
5602739786,JIN_XH慧_,徐坤：我到底该看哪？？@蔡徐坤  微博视频 ,0,0,0,1572520380000
,矮暖杉,徐坤：我到底该看哪？？@蔡徐坤  微博视频 ,0,1,0,1572520380000
5513594019,white杯具伶67643,:#为豫章书院受害者发声#B站up，温柔JUNZ，现在看啥都觉得好吓人，好可怕，这种感觉让我回想起了参观512地震遗址后那种持续恐惧带来的大脑空白 ,0,0,0,1572520380000
5306010572,o葵可可o,徐坤：我到底该看哪？？@蔡徐坤  微博视频 ,0,0,0,1572520380000
3028032341,多萝西_咩厨,MegaHouse 鬼灭之刃 バディコレ挂件 第2弹预告② 伊黑小芭内＆甘露寺蜜璃 ,0,0,0,1572520380000
,彭州市红-岩-镇,#地震快讯#中国地震台网正式测定：10月31日09时11分在菲律宾棉兰老岛（北纬7.05度，东经125.25度）发生6.6级地震，震源深度10千米。（ @中国地震台网  ）  ,0,0,0,1572520380000
5654856481,霉有葵瓜子,徐坤：我到底该看哪？？@蔡徐坤  微博视频 ,0,0,0,1572520320000
5358422316,阿茶elf,各位亲爱的朋友 今天为大家推荐一本好书 和我一起做一个有着书香气息の女子吧 金九粒的微博视频 ,0,1,0,1572520320000
5632360190,阳咘咘,徐坤：我到底该看哪？？@蔡徐坤  微博视频 ,0,0,0,1572520320000
5182226143,南小风丶,:#朱一龙2019相伴相守# 小居瞳孔地震三连@朱一龙 ,48,41,7,1572520320000
5240380109,婲奎邮差,徐坤：我到底该看哪？？@蔡徐坤  微博视频 ,0,0,0,1572520320000
6049798273,葵牌机器喵,徐坤：我到底该看哪？？@蔡徐坤  微博视频 ,0,0,0,1572520260000
6572159787,葵葵给你笑笑了,徐坤：我到底该看哪？？@蔡徐坤  微博视频 ,0,0,0,1572520260000
3083859755,爱笑阳光又努力的嗲妹,徐坤：我到底该看哪？？@蔡徐坤  微博视频 ,0,0,0,1572520260000
,白清果子,-ins story- ,0,0,0,1572520200000
1747651827,削梨_biubiubiu,徐坤：我到底该看哪？？@蔡徐坤  微博视频 ,0,0,0,1572520200000
1653960164,鸡窝里称霸,各位亲爱的朋友 今天为大家推荐一本好书 和我一起做一个有着书香气息の女子吧 金九粒的微博视频 ,0,0,2,1572520200000
6506793085,蔡奎奎也是葵,徐坤：我到底该看哪？？@蔡徐坤  微博视频 ,0,0,0,1572520200000
6630791878,咕噜小熊饼,徐坤：我到底该看哪？？@蔡徐坤  微博视频 ,0,0,0,1572520200000
5772302152,茁壮成长的小葵,徐坤：我到底该看哪？？@蔡徐坤  微博视频 ,0,0,0,1572520200000
6383394123,蔡先生的小懒猫,徐坤：我到底该看哪？？@蔡徐坤  微博视频 ,0,0,0,1572520200000
5208733506,季波游,【万圣节活动】读者请尽情在本条评论区下模仿创作僵尸文学 文体参考：http://t.cn/AiHCPrO5 ,0,0,0,1572520140000
5749121482,小葵超可爱哒,徐坤：我到底该看哪？？@蔡徐坤  微博视频 ,0,0,0,1572520140000
5979163846,青红造一个白,:#无锡 爆炸#吓死我了以为地震 ,1,0,0,1572520080000
2450630613,墨霏妃,Osd放了个憨憨新花絮哈哈哈哈哈哈哈哈哈哈哈哈哈哈哈哈哈哈哈哈哈哈哈哈哈哈哈哈哈哈哈哈哈哈哈哈哈哈哈哈哈哈哈哈哈哈哈哈哈哈哈哈哈哈哈哈哈哈哈哈哈哈哈哈哈哈哈哈哈哈哈哈哈哈哈哈哈哈哈哈哈哈哈哈哈哈哈哈哈哈哈哈可爱晕了微博视频 ,1,0,0,1572520080000
5790094865,蔡徐坤的静崽,徐坤：我到底该看哪？？@蔡徐坤  微博视频 ,0,0,0,1572520080000
5685833721,坤哥的little_bear,徐坤：我到底该看哪？？@蔡徐坤  微博视频 ,0,0,0,1572520080000
6545449292,ikun-太阳,徐坤：我到底该看哪？？@蔡徐坤  微博视频 ,0,0,0,1572520080000
1144709137,区区一个小号不能注销手机,各位亲爱的朋友 今天为大家推荐一本好书 和我一起做一个有着书香气息の女子吧 金九粒的微博视频 ,0,1,0,1572520020000
6631679467,蕊蕊可惨一女的,徐坤：我到底该看哪？？@蔡徐坤  微博视频 ,0,0,0,1572520020000
6523555520,我是困困的,徐坤：我到底该看哪？？@蔡徐坤  微博视频 ,0,0,0,1572520020000
2478418785,胖胖九思,【#菲律宾棉兰老岛发生6.6级地震#】中国地震台网正式测定：10月31日09时11分在菲律宾棉兰老岛（北纬7.05度，东经125.25度）发生6.6级地震，震源深度10千米。@中国地震台网速报 ,0,0,1,1572520020000
5623196439,kunkun-loves,徐坤：我到底该看哪？？@蔡徐坤  微博视频 ,0,0,0,1572520020000
6719077484,超爱坤坤的沐染,徐坤：我到底该看哪？？@蔡徐坤  微博视频 ,0,0,0,1572520020000
5839706870,坤式奎葵,徐坤：我到底该看哪？？@蔡徐坤  微博视频 ,0,0,0,1572519960000
5457670365,八十二块钱,徐坤：我到底该看哪？？@蔡徐坤  微博视频 ,0,0,0,1572519960000
6029412753,猪里葵菜,徐坤：我到底该看哪？？@蔡徐坤  微博视频 ,0,0,0,1572519960000
1642480953,吃货李胖子永远吃不饱,各位亲爱的朋友 今天为大家推荐一本好书 和我一起做一个有着书香气息の女子吧 金九粒的微博视频 ,0,0,0,1572519960000
5910980576,抱起小葵转圈圈,徐坤：我到底该看哪？？@蔡徐坤  微博视频 ,0,0,0,1572519960000
2267170512,你见过我的小葵吗,徐坤：我到底该看哪？？@蔡徐坤  微博视频 ,0,0,0,1572519960000
3517152882,Sakura·R·KUN,徐坤：我到底该看哪？？@蔡徐坤  微博视频 ,0,0,0,1572519960000
6348956587,第三个甜瓜,徐坤：我到底该看哪？？@蔡徐坤  微博视频 ,0,0,0,1572519900000
2267170512,你见过我的小葵吗,徐坤：我到底该看哪？？@蔡徐坤  微博视频 ,0,0,0,1572519900000
6662050259,夜已掉下来,徐坤：我到底该看哪？？@蔡徐坤  微博视频 ,0,0,0,1572519900000
6298945019,蔡市昶__Chao,徐坤：我到底该看哪？？@蔡徐坤  微博视频 ,0,0,0,1572519900000
6105551475,徐徐如生丨蔡徐坤0802,徐坤：我到底该看哪？？@蔡徐坤  微博视频 ,0,0,0,1572519900000
6199102911,镀层轻钢召妓,:永不放弃救人和被救的希望、四川雅安的地震牵动着亿万同胞的心，纵然暂时被黑暗和绝望笼罩、让我们为还被围困在废墟中的生命祈祷、只要永不失去信心,0,0,0,1572519900000
2382110980,宝鸡文理学院政法学院团总支,:#政法·新闻# 【地震中的绿迷彩，为寒秋带来温暖,3,6,3,1572519900000
1023467243,最可爱的我爱着全世界最好的你,徐坤：我到底该看哪？？@蔡徐坤  微博视频 ,0,0,0,1572519900000
5632779696,大凡子的坤崽,徐坤：我到底该看哪？？@蔡徐坤  微博视频 ,0,0,0,1572519900000
3399193434,我有一个慢腾腾的龟龟,:#无锡巨响#妈妈呀。带儿子在房间玩。突然好大的嘣一声把孩子都吓哭了。我还以为地震了呢。在房间里静了一会。立马就听到消防车🚒救护车的声音过去了无锡最近的事情好多啊。听说是加油站爆炸了 无锡 ,1,0,8,1572519840000
6611988995,Hannah_HuiXing,徐坤：我到底该看哪？？@蔡徐坤  微博视频 ,0,0,0,1572519840000
