3988288840,要不今天还是你做饭吧,:23号从重庆到成都住了一晚 然后24号从成都到西昌十个小时的火车  西昌真的是个好地方 天空很干净 云也很好看 气温也很宜人 还有美丽的琼海和无聊的古城墙以及小猪肉坨坨肉 25号中午的汽车去了会理县 一路上都是我未曾见过的风景  满山的葡萄 石榴  芒果  核桃  蜜桃  李子 完全数不过来  会理也是个很美丽的地方 但是我更希望在德昌 因为德昌芒果多,2,0,0,1564502340000
1817555250,shanghaidashuaibi,这种地区，一个敢批，一个敢建，一个敢买，一家敢住！  我特么笑死了的微博视频 ,0,0,0,1564502160000
6796888929,与你相守一生6868,#微感动# 【“我熟悉，我先上！” 他抱着小女孩与泥石流擦肩而过】25日，云南昌宁县发生泥石流，一家四口被困。民警到达现场后，受困群众通讯中断情况不明。民警谢卫华说：这条路我熟悉，我先上！10分钟后，当他带着被困群众刚走出危险区，泥石流在他们身后一泻而下。@人民网云南频道 http://t.cn/Aijk2cd0 ,0,0,0,1564502100000
,呈龙记,:#凉山甘洛暴雨7人失联#四川省凉山州甘洛县持续暴雨，引发山洪、泥石流等自然灾害。此次遭遇灾害造成了甘洛县20余个乡镇1.5万人受灾，7人失联，其中6人为成昆铁路复线施工人员。灾害发生后，凉山州积极应对甘洛暴雨灾害，目前正在全力开展抢险救灾工作。龙之谷防暴棍保安棍防身棍橡胶棍巡逻棍棒安保器材应急棍防身武器 ,0,0,0,1564502100000
,Vivian-Csm,【“我熟悉，我先上！” 他抱着小女孩与泥石流擦肩而过】25日，云南昌宁县发生泥石流，一家四口被困。民警到达现场后，受困群众通讯中断情况不明。民警谢卫华说：这条路我熟悉，我先上！10分钟后，当他带着被困群众刚走出危险区，泥石流在他们身后一泻而下。人民网云南频道的微博视频 （人民网） ,0,0,0,1564502100000
1997935221,荆州公安,:【“我熟悉，我先上！” 他抱着小女孩与泥石流擦肩而过】25日，云南昌宁县发生泥石流，一家四口被困。民警到达现场后，受困群众通讯中断情况不明。民警谢卫华说：这条路我熟悉，我先上！10分钟后，当他带着被困群众刚走出危险区，泥石流在他们身后一泻而下。人民视频的秒拍视频 ,2,1,2,1564502040000
2462866117,累1994,:#蓝忘机醉酒##林更新#这货简直就是娱乐圈的一股泥石流 ,0,0,0,1564502040000
5527721379,大小茂的爹,【“我熟悉，我先上！” 他抱着小女孩与泥石流擦肩而过】25日，云南昌宁县发生泥石流，一家四口被困。民警到达现场后，受困群众通讯中断情况不明。民警谢卫华说：这条路我熟悉，我先上！10分钟后，当他带着被困群众刚走出危险区，泥石流在他们身后一泻而下。@人民网云南频道 人民网云南频道的微博视频 ,0,0,0,1564501980000
3616257345,幸福祈纸,这种地区，一个敢批，一个敢建，一个敢买，一家敢住！  我特么笑死了的微博视频 ,0,0,0,1564501620000
1866780433,MoraDarling,哈哈哈哈哈哈哈哈哈哈哈哈哈哈哈哈哈哈哈哈哈哈哈哈哈哈哈哈哈哈哈哈哈哈哈哈哈哈哈哈哈哈哈哈哈哈哈哈哈哈哈哈哈啊！啊！给我买！给我买！哈哈哈哈哈哈哈哈哈哈哈哈哈哈哈哈哈哈哈哈哈哈哈哈哈哈哈哈哈哈哈哈哈哈哈哈哈哈哈哈哈哈哈哈哈哈哈哈哈哈哈哈哈哈哈哈哈哈哈哈哈哈哈哈哈哈哈哈哈哈哈哈哈哈哈哈哈哈哈哈哈哈哈哈哈哈哈哈哈哈哈哈哈哈哈哈 http://t.cn/AijeBxi2,0,0,0,1564501320000
,无为的旅者,这种地区，一个敢批，一个敢建，一个敢买，一家敢住！  我特么笑死了的微博视频 ,0,0,0,1564501200000
,西藏气象微博,#交通管制# 受近日降雨天气影响，2019年7月30日15时45分，国道318线林芝市波密县境内玉普路段3890Km处发生泥石流，无人员伤亡。目前，波密县公安局交警大队已对涉事路段实行交通管制点，通行时间待定（因水流较大无法预计），公安交管部门正全力配合武警交通部门紧急展开抢通工作。请广大驾驶员朋友出行前及时关注天气变化和路况信息，合理安排出行计划，确保安全文明驾驶。 http://t.cn/Aijs4fIM,1,0,0,1564501140000
,練噤鉥师,【“我熟悉，我先上！” 他抱着小女孩与泥石流擦肩而过】25日，云南昌宁县发生泥石流，一家四口被困。民警到达现场后，受困群众通讯中断情况不明。民警谢卫华说：这条路我熟悉，我先上！10分钟后，当他带着被困群众刚走出危险区，泥石流在他们身后一泻而下。@人民网云南频道 人民网云南频道的微博视频 ,0,0,0,1564501080000
5793960571,因为音乐爱一个人,:#林更新#这货简直就是娱乐圈的一股泥石流 ,0,0,0,1564501020000
5584934048,DORAxxxv,#小栗旬挥手届的泥石流# 哈哈哈哈哈哈哈小栗旬的挥手从来不让人失望 ,0,0,0,1564500540000
,崇信普法,【“我熟悉，我先上！” 他抱着小女孩与泥石流擦肩而过】25日，云南昌宁县发生泥石流，一家四口被困。民警到达现场后，受困群众通讯中断情况不明。民警谢卫华说：这条路我熟悉，我先上！10分钟后，当他带着被困群众刚走出危险区，泥石流在他们身后一泻而下。@人民网云南频道 人民网云南频道的微博视频 ,0,0,0,1564500480000
5301307957,宝贝多才多艺,这种地区，一个敢批，一个敢建，一个敢买，一家敢住！  我特么笑死了的微博视频 ,0,0,0,1564500480000
,昆明同城,:#昆明爆料#【云南强降雨已造成14人死亡2人失踪 超万人受灾】据国家减灾办官微消息，7月25—27日，云南省多地出现中到大雨，局地暴雨、大暴雨天气，引发洪涝、滑坡、泥石流灾害，造成玉米、马铃薯、烤烟等作物受灾，房屋倒损，道路塌方，河埂垮塌。截至目前统计，临沧、红河、怒江等6市(自治州)8个县(市)3.1万人受灾，14人死亡，2人失踪，100余人紧急转移安置;100余间房屋不同程度损坏;农作物受灾面积1.3千公顷，其中绝收200余公顷;直接经济损失1400余万元。,4,1,1,1564500420000
2713982003,明明白白的喜悦,:#林更新#这货简直就是娱乐圈的一股泥石流 ,0,0,0,1564500360000
6026153912,有个猪很像你,【“我熟悉，我先上！” 他抱着小女孩与泥石流擦肩而过】25日，云南昌宁县发生泥石流，一家四口被困。民警到达现场后，受困群众通讯中断情况不明。民警谢卫华说：这条路我熟悉，我先上！10分钟后，当他带着被困群众刚走出危险区，泥石流在他们身后一泻而下。@人民网云南频道人民网云南频道的微博视频 ,0,0,0,1564500360000
6518305482,喜欢你一直一直,:#郑爽翻跟头#她就是这样的不一样翻跟头自己做💄摊煎饼哈哈总之，一个独一无二的爽娱乐圈的泥石流哈哈 ,41,0,7,1564499940000
6342621923,红河政法,【暖爆！灾区中的最帅“公主抱”】近日，云南保山市山区路段发生泥石流，一辆载有全家四口的皮卡车被困其中，@昌宁警方 迅速赶往救援，民警谢卫华自告奋勇，冒着滚落的石块，只身寻找被困车辆。10分钟后，在所有人的焦急等待中，谢卫华以帅气的公主抱救出了小女孩。只要人民需要，危险在所不辞。http://t.cn/AijDmtiX,0,1,1,1564499940000
6445044607,SUNKEI,这种地区，一个敢批，一个敢建，一个敢买，一家敢住！  我特么笑死了的微博视频 ,0,0,0,1564499880000
3181491411,薇薇农场,这种地区，一个敢批，一个敢建，一个敢买，一家敢住！  我特么笑死了的微博视频 ,0,0,0,1564499700000
5678488964,想做条小锦鲤9711,【“我熟悉，我先上！” 他抱着小女孩与泥石流擦肩而过】25日，云南昌宁县发生泥石流，一家四口被困。民警到达现场后，受困群众通讯中断情况不明。民警谢卫华说：这条路我熟悉，我先上！10分钟后，当他带着被困群众刚走出危险区，泥石流在他们身后一泻而下。人民视频的秒拍视频 ,0,0,0,1564499460000
,Paula温暖,:#郭俊辰[超话]#[兔子]#捕辰日记# 要做一个泥石流（不是...仙女用仙女粉，我不是仙女，就同款蓝吧,5,0,5,1564499340000
5437118437,温竹沥,:#郑爽翻跟头#  这个小姐姐真的是开心到自己开始翻跟头了，哈哈哈哈哈，真的是娱乐圈的一股泥石流,6,0,0,1564499280000
5548194570,运气不是超人,:背景:翱哥那里暴雨  紧挨着一座山   有泥石流可能我对翱哥:你今晚上裹紧小铺盖。翱哥他妈对翱哥:今晚上你不要睡着了。（怕危险来临而不知）翱哥对我:你看我妈就是跟你不一样。翱哥对我:明天早上起来给我打个电话，电话打不通你就开始哭。我对翱哥:你把钱先转给我，明天来不及了。翱哥对我:我弄了个定时，明天下午转给你，上午可以取消。,1,0,5,1564499280000
6267971749,山西翼城反邪教,【“我熟悉，我先上！” 他抱着小女孩与泥石流擦肩而过】25日，云南昌宁县发生泥石流，一家四口被困。民警到达现场后，受困群众通讯中断情况不明。民警谢卫华说：这条路我熟悉，我先上！10分钟后，当他带着被困群众刚走出危险区，泥石流在他们身后一泻而下。人民网云南频道的微博视频 （人民网） ,0,0,0,1564499040000
,晓宏哥,:中国新闻网发布时间：07-3019:48中国新闻网官方账号图一为消防救援人员清点被困人员。　曹尚　摄中新网成都7月30日电(刘忠俊曹尚巫明杰)记者30日从四川省应急管理厅获悉，凉山州甘洛县境内发生的山洪泥石流灾害经初步核实已造成7人失联，省应急管理厅派出的工作组已抵达现场。7月28日至29日，凉山州甘洛县大部地区出现大雨和暴雨，局地大暴雨天气过程，暴雨诱发山洪、泥石流，多地遭受大面积暴雨灾害，造成部分道路阻断和成昆复线工程中铁十八局施工人员被困、失联。初步核实此次暴雨灾害已造成7人失联，其中成昆铁路复线特克隧道3号横洞和特克隧道1号正洞施工人员6人、凉红电站1人。图二为消防救援人员穿越泥石流区域。　曹尚 摄灾害发生后，四川省应急管理厅迅速启动应急预案，第一时间视频连线省消防救援总队、凉山州应急管理局和甘洛县应急管理局，会商研判灾情，指导调派救援力量，开展抢险救援工作。同时由副厅长毛德忠带队赶赴现场指导抢险救援工作。接到救援命令后，凉山甘洛县消防救援大队迅速调集14名消防员携带通讯、救援装备，徒步前往现场开展救援工作。行进途中成功营救2名遇险群众，并转移至安全区域，救援人员继续向灾害现场挺进。图三为泥石流灾害一角。　巫明杰 摄29日20时35分，消防救援人员途经苏雄2-3号隧道时，发现隧道内有中铁十八局施工人员及家属被困，救援人员随即展开营救，并成功将隧道内118名被困人员营救转移至安全区域。30日12时16分，消防救援人员乘坐火车前往人员失联区域进行搜救。中铁十八局、甘洛县民兵救援队伍也一同前往救援。目前，四川省消防救援总队已启动跨区域增援作战预案，调派雅安、乐山消防救援力量共计4车28人携带救援装备器材赶赴事故现场，凉山州西昌市、冕宁县、越西县消防救援力量已做好增援准备。(完),1,0,0,1564498860000
5054009898,奋斗的宝宝724,【“我熟悉，我先上！” 他抱着小女孩与泥石流擦肩而过】25日，云南昌宁县发生泥石流，一家四口被困。民警到达现场后，受困群众通讯中断情况不明。民警谢卫华说：这条路我熟悉，我先上！10分钟后，当他带着被困群众刚走出危险区，泥石流在他们身后一泻而下。人民视频的秒拍视频 ,0,0,0,1564498740000
,绿色青浦,:【“我熟悉，我先上！” 他抱着小女孩与泥石流擦肩而过】25日，云南昌宁县发生泥石流，一家四口被困。民警到达现场后，受困群众通讯中断情况不明。民警谢卫华说：这条路我熟悉，我先上！10分钟后，当他带着被困群众刚走出危险区，泥石流在他们身后一泻而下。@人民网云南频道 人民网云南频道的微博视频 ,2,0,0,1564498680000
5614418823,mmoonym,【甘洛突发泥石流 消防成功营救 转移120名被困群众】 7月29日11时许，甘洛县阿兹觉乡、新市坝镇部分区域发生山洪和泥石流，造成部分道路阻断和成昆复线工程中铁十八局施工人员被困、失联。接警后，甘洛县消防救援大队迅速出动14名消防指战员携带通讯、救援装备，徒步前往事故现场开展救援，成功将120名被困人员营救转移至安全区域。http://t.cn/AiYvZrSg http://t.cn/AiYvwcFy,0,0,1,1564498620000
5107659381,用品时尚霞,:#林更新#这货简直就是娱乐圈的一股泥石流 ,0,0,0,1564498500000
5107659381,用品时尚霞,:#林更新#这货简直就是娱乐圈的一股泥石流 ,0,0,0,1564498500000
6316344897,独行骑士·Lwf,:【澎湃视频:凉山泥石流：7人失联含6名铁路施工人员】http://t.cn/AiYvu1Ik (分享自@澎湃新闻) ,2,0,0,1564498320000
6392084546,没车贷哭穷没喵炫富的攻长富贵,亿万年后地球毁灭 外星人发现了人类遗留下的数码芯片 读出了7个字母 请问它是________ ,0,0,0,1564498200000
5343885583,鸟齐不足中,:看了下那个啥恐惧问卷，好像他们都挺害怕自然灾害的……我的话看类型吧，泥石流或者地震我都不太喜欢，但是龙卷风和冰雹和海啸之类的我还挺喜欢的，当然不是它们带来的坏处有多么巨大，我只是单纯地喜欢它们而已(。)每次闲下来我都会想象自己在房顶上，黄昏的时候不远处天崩地裂，龙卷风卷起很多东西，但我就是在一旁看着，欣赏它。躺在大街上以脸接冰雹，还能看被划破的天空，好浪漫——,0,1,1,1564498140000
6072765237,塔城同城,:雷电黄色预警    塔城地区气象台7月30日16时发布雷电黄色预警信号:预计今天下午到夜间，塔城地区大部出现雷电、冰雹、短时大风、短时强降水等强对流天气的可能性较大，需做好局地山洪、泥石流等次生地质灾害的防范工作。    防御指南: 1.政府及相关部门按照职责做好防雷工作；2.密切关注天气，尽量避免户外活动。,0,0,0,1564498080000
5588934108,丁丁60960,【目前有7人失联！四川甘洛突发泥石流，消防头顶飞石救120人】2019年7月29日，四川甘洛县部分区域突发山洪和泥石流，消防赶往现场救援。道路损毁严重，他们在泥地艰难行走，而头顶不时有碎石滚落下来，看着非常危险。最终，他们成功转移120名被困群众，但目前仍有7人失联。#甘洛泥石流7人失联#http://t.cn/AijFNfBq,0,0,0,1564498080000
6345028642,云岭政法,:【暖爆！灾区中的最帅“公主抱”】近日，云南保山市山区路段发生泥石流，一辆载有全家四口的皮卡车被困其中，@昌宁警方 迅速赶往救援，民警谢卫华自告奋勇，冒着滚落的石块，只身寻找被困车辆。10分钟后，在所有人的焦急等待中，谢卫华以帅气的公主抱救出了小女孩。只要人民需要，危险在所不辞。http://t.cn/AijDmtiX,14,17,12,1564498020000
2095401414,麦姬,:川菜是门艺术☞南川居☜ 甜甜的口味在重油重盐辣穿肠胃的川菜泥石流里就显得格外细致讨喜 在这个堕落的夜晚又凭借一己之力干完了糖醋锅巴味的左宗棠鸡、干煸肥肠和香辣美人蹄 弃疗是多么的满足和快乐 衷心希望这家可以成为百年老店,35,3,14,1564498020000
5198430248,乖不咙咚呛,:#李现[超话]##李现# 一万句我可以，这个夏天原本没打算看电视剧没打算粉谁，毕竟老阿姨了，尤其是以前的老公宋仲基离婚，然后李现出现了，简直一股清流，不对，泥石流，傻fufu的 ,5,0,5,1564497960000
6542542576,融创地产的十重罪,这种地区，一个敢批，一个敢建，一个敢买，一家敢住！  我特么笑死了的微博视频 ,0,0,0,1564497900000
,孤独和鲸,青瓦长忆旧时雨   朱伞深巷无故人出镜@溪木若颖 摄影@黄慕潇 #苏州约拍# ,0,0,0,1564497840000
6353659443,用户6353659443,#微感动# 【“我熟悉，我先上！” 他抱着小女孩与泥石流擦肩而过】25日，云南昌宁县发生泥石流，一家四口被困。民警到达现场后，受困群众通讯中断情况不明。民警谢卫华说：这条路我熟悉，我先上！10分钟后，当他带着被困群众刚走出危险区，泥石流在他们身后一泻而下。@人民网云南频道 http://t.cn/Aijk2cd0 ,0,0,0,1564497840000
3207002355,警徽下的敬礼,:【“我熟悉，我先上！” 他抱着小女孩与泥石流擦肩而过】#做党和人民的忠诚卫士# 25日，云南昌宁县发生泥石流，一家四口被困。民警到达现场后，受困群众通讯中断情况不明。民警谢卫华说：这条路我熟悉，我先上！10分钟后，当他带着被困群众刚走出危险区，泥石流在他们身后一泻而下。@人民网云南频道 http://t.cn/Aijk2cd0 ,2,0,0,1564497840000
,钦州网警巡查执法,:【暖爆！灾区中的最帅“公主抱”】7月25日，保山市昌宁县山区路段发生泥石流，一辆载有全家四口的皮卡车被困其中，@昌宁警方 迅速赶往救援，民警谢卫华自告奋勇，冒着滚落的石块，只身寻找被困车辆。10分钟后，在所有人的焦急等待中，谢卫华抱着小女孩，带着另外3名被困群众出现了！这个帅气的“公主抱”也被深深定格……   http://t.cn/AijDmtiX,2,0,0,1564497660000
6063043196,大姨夫和你说天气,:#泥石流#云南贡山泥石流致2死，1人仍失联-资讯。 大姨夫和你说天气的微博视频 ,0,0,0,1564497660000
5518057662,山西大同平城区反邪教,【“我熟悉，我先上！” 他抱着小女孩与泥石流擦肩而过】25日，云南昌宁县发生泥石流，一家四口被困。民警到达现场后，受困群众通讯中断情况不明。民警谢卫华说：这条路我熟悉，我先上！10分钟后，当他带着被困群众刚走出危险区，泥石流在他们身后一泻而下。人民网云南频道的微博视频 （人民网） ,0,0,0,1564497600000
5588934108,丁丁60960,#微感动# 【“我熟悉，我先上！” 他抱着小女孩与泥石流擦肩而过】25日，云南昌宁县发生泥石流，一家四口被困。民警到达现场后，受困群众通讯中断情况不明。民警谢卫华说：这条路我熟悉，我先上！10分钟后，当他带着被困群众刚走出危险区，泥石流在他们身后一泻而下。@人民网云南频道 http://t.cn/Aijk2cd0 ,0,0,0,1564497420000
5049337365,邯郸市教育局长,【“我熟悉，我先上！” 他抱着小女孩与泥石流擦肩而过】25日，云南昌宁县发生泥石流，一家四口被困。民警到达现场后，受困群众通讯中断情况不明。民警谢卫华说：这条路我熟悉，我先上！10分钟后，当他带着被困群众刚走出危险区，泥石流在他们身后一泻而下。@人民网云南频道 人民网云南频道的微博视频 ,2,0,0,1564497360000
,末秋末冬,:#刺猬乐队[超话]# 这个夏天，我家猫都学会蹦迪啦～追星追出了泥石流的效果。@走啤 @石璐Atom 末秋末冬的微博视频 ,4,0,5,1564497300000
7189383749,云深处2800,【“我熟悉，我先上！” 他抱着小女孩与泥石流擦肩而过】25日，云南昌宁县发生泥石流，一家四口被困。民警到达现场后，受困群众通讯中断情况不明。民警谢卫华说：这条路我熟悉，我先上！10分钟后，当他带着被困群众刚走出危险区，泥石流在他们身后一泻而下。@人民网云南频道 人民网云南频道的微博视频 ,0,0,0,1564497240000
2029988921,晓芳1113,【“我熟悉，我先上！” 他抱着小女孩与泥石流擦肩而过】25日，云南昌宁县发生泥石流，一家四口被困。民警到达现场后，受困群众通讯中断情况不明。民警谢卫华说：这条路我熟悉，我先上！10分钟后，当他带着被困群众刚走出危险区，泥石流在他们身后一泻而下。@人民网云南频道http://t.cn/Aijk2cd0 ,0,0,0,1564497240000
2825479762,可卉宝贝,这种地区，一个敢批，一个敢建，一个敢买，一家敢住！  我特么笑死了的微博视频 ,0,0,0,1564497060000
5977493551,济宁高速支队汶上大队,【“我熟悉，我先上！” 他抱着小女孩与泥石流擦肩而过】25日，云南昌宁县发生泥石流，一家四口被困。民警到达现场后，受困群众通讯中断情况不明。民警谢卫华说：这条路我熟悉，我先上！10分钟后，当他带着被困群众刚走出危险区，泥石流在他们身后一泻而下。@人民网云南频道 人民网云南频道的微博视频 ,0,0,0,1564497000000
,江西日报,:【“我熟悉，我先上！” 他抱着小女孩与泥石流擦肩而过】25日，云南昌宁县发生泥石流，一家四口被困。民警到达现场后，受困群众通讯中断情况不明。民警谢卫华说：这条路我熟悉，我先上！10分钟后，当他带着被困群众刚走出危险区，泥石流在他们身后一泻而下。人民网云南频道的微博视频 ,3,0,0,1564497000000
2375667255,人生预备役,:【“我熟悉，我先上！” 他抱着小女孩与泥石流擦肩而过】25日，云南昌宁县发生泥石流，一家四口被困。民警到达现场后，受困群众通讯中断情况不明。民警谢卫华说：这条路我熟悉，我先上！10分钟后，当他带着被困群众刚走出危险区，泥石流在他们身后一泻而下。@人民网云南频道 http://t.cn/AiYvYNY1 ,0,0,0,1564496880000
7087835750,想知道关于你得事情,:#人文艺术[超话]##遇见艺术##人文艺术# 央美的“泥石流”赵延斌——《大厕所》 ,2,1,0,1564496640000
5122704444,燚赌成名4,【“我熟悉，我先上！” 他抱着小女孩与泥石流擦肩而过】25日，云南昌宁县发生泥石流，一家四口被困。民警到达现场后，受困群众通讯中断情况不明。民警谢卫华说：这条路我熟悉，我先上！10分钟后，当他带着被困群众刚走出危险区，泥石流在他们身后一泻而下。@人民网云南频道 人民网云南频道的微博视频 ,0,0,0,1564496580000
5655566146,Breeze--Lee,小李子自拍，这真的是地球球草莱昂纳多·迪卡普里奥的自拍,0,0,0,1564496580000
6051535917,看见四十三次日落,:央美的“泥石流”赵延斌——《大厕所》 ,6,0,0,1564496520000
1529043267,雁声寒的朋友,:甘肃迭部突发泥石流 1人遇难3人失联-图片频道-中国天气网——这种地方能建房子吗？稍有点地理常识的人也绝不会在这里建房！ 甘肃迭部突发泥石流 1人遇难3人失联 ,0,0,0,1564496400000
3293783680,这就是可爱的小姐姐啊,【“我熟悉，我先上！” 他抱着小女孩与泥石流擦肩而过】25日，云南昌宁县发生泥石流，一家四口被困。民警到达现场后，受困群众通讯中断情况不明。民警谢卫华说：这条路我熟悉，我先上！10分钟后，当他带着被困群众刚走出危险区，泥石流在他们身后一泻而下。@人民网云南频道 人民网云南频道的微博视频 ,0,0,0,1564496400000
6749188417,有络腮胡子的男孩,#四川暴雨#【凉山甘洛7人因暴雨失联 其中6名为铁路工人🙏🏻】近日，凉山甘洛县遭遇强降雨，部分区域域发生山洪、泥石流等自然灾害，交通、通讯、电力中断。目前，因强降雨失联人数增至7人，1人为当地群众，其余6人为成昆铁路复线施工人员，隶属中铁十八局。@四川日报 愿平安！ ,1,0,0,1564496340000
,义乌商报官方微博,【“我熟悉，我先上！” 他抱着小女孩与泥石流擦肩而过】25日，云南昌宁县发生泥石流，一家四口被困。民警到达现场后，受困群众通讯中断情况不明。民警谢卫华说：这条路我熟悉，我先上！10分钟后，当他带着被困群众刚走出危险区，泥石流在他们身后一泻而下。@人民网云南频道人民网云南频道的微博视频 ,1,0,0,1564496280000
5557260939,泡崖子大男哥,这种地区，一个敢批，一个敢建，一个敢买，一家敢住！  我特么笑死了的微博视频 ,0,0,0,1564496220000
6919560499,闻逆风飞行_,:给回我，所以你把那东西托给了别人，让她带给我，我真的想不明白，为什么办公室小野的秒拍视频 ,0,0,0,1564496160000
,平安古蔺,:#两公布一提示# 【路况信息】白泥乡菜板村与石宝镇龙兴村交界处（小地名彭家塘）因今日降雨出现泥石流滑坡，导致道路中断，（中断道路6米宽，长20多米，泥石流的厚度在60公分，）目前有一辆小型货车陷入泥塘，无人员受伤，当地派交管部门已采取交通管制措施，禁止车辆和行人通行。目前，经交运部门实际查看，正在组织排危排险清障，通行时间另行发布信息。@古蔺交警 @酒城交警,0,2,1,1564496100000
,国家应急广播,:【暴雨灾害致四川凉山州甘洛县7人失联】7月28日至29日，凉山州甘洛县大部地区出现大雨和暴雨，局地大暴雨天气过程。强降雨天气诱发山洪、泥石流，多地遭受大面积暴雨灾害。截至30日9时，经初步核实，暴雨灾害共造成凉山州甘洛县7人失联。via新华社http://t.cn/AiYvpDJY ,3,0,0,1564496040000
6364725780,et-pan,【“我熟悉，我先上！” 他抱着小女孩与泥石流擦肩而过】25日，云南昌宁县发生泥石流，一家四口被困。民警到达现场后，受困群众通讯中断情况不明。民警谢卫华说：这条路我熟悉，我先上！10分钟后，当他带着被困群众刚走出危险区，泥石流在他们身后一泻而下。@人民网云南频道 人民网云南频道的微博视频 ,0,0,0,1564495980000
5458007391,隔壁班的球wudada,:#泥石流聚集地[超话]#马马虎虎总算是完成了 ,4,0,0,1564495980000
,扬子晚报,:【“我熟悉，我先上！” 他抱着小女孩与泥石流擦肩而过】25日，云南昌宁县发生泥石流，一家四口被困。民警到达现场后，受困群众通讯中断情况不明。民警谢卫华说：这条路我熟悉，我先上！10分钟后，当他带着被困群众刚走出危险区，泥石流在他们身后一泻而下。@人民网云南频道人民网云南频道的微博视频 ,32,4,2,1564495920000
6994432287,一直想改圈名的坨君,#小栗旬挥手届的泥石流# 哈哈哈哈哈哈哈小栗旬的挥手从来不让人失望 ,0,0,0,1564495620000
,青海路网,":#青海路网实时路况# G213线，平安至赛尔龙段，K44-K84（红土山隧道入口至兰采乡）路段发生23处泥石流，其中K71+260、K72+700泥石流占大半幅路面较为严重,目前全部清理完。2、S206线，街子至贵德段，K43+200（浪加沟）路段泥石流清理完毕，道路恢复正常通行。了解最新路况请拨打交通运输服务监督电话12328进行咨询。#行路网.心服务#  #畅行青海.美在交通#@搅沫沫网@大青海网@青海高速交警@爱西宁社区@青海经视百姓1时间@青海青年报@青报新媒@青海发布@网易西宁地方站@903花儿调频@独立团1977@西宁网络电视台@夏都西宁旅游",0,0,0,1564495560000
2142566184,薰风-Winda,【“我熟悉，我先上！” 他抱着小女孩与泥石流擦肩而过】25日，云南昌宁县发生泥石流，一家四口被困。民警到达现场后，受困群众通讯中断情况不明。民警谢卫华说：这条路我熟悉，我先上！10分钟后，当他带着被困群众刚走出危险区，泥石流在他们身后一泻而下。人民网云南频道的微博视频 （人民网） ,0,0,0,1564495500000
5498961481,-Little·prince-,:#泥石流聚集地[超话]#蓝忘机终于不是木头了！ ,1,0,0,1564495380000
5504087224,江峰69035,他被称为“保定爱迪生”、“发明界的泥石流”，大家说他做的东西是“无用良品”  有码哥的微博视频 ,0,0,0,1564495080000
6069137404,凉山同城,:#凉山爆料#【四川凉山暴雨救援现场：7人失联 淤泥过膝】7月30日，四川凉山州甘洛县境内发生的山洪泥石流灾害经初步核实已造成7人失联，四川省应急管理厅派出的工作组已抵达现场。 28日至29日，凉山州甘洛县大部地区出现大雨和暴雨，局地大暴雨天气过程，暴雨诱发山洪、泥石流，造成部分道路阻断和成昆复线工程中铁十八局施工人员被困、失联。失联的7人中，有6名为施工人员、凉红电站有1人。　　灾害发生后，四川省应急管理厅迅速启动应急预案，第一时间调派救援力量，开展抢险救援工作。甘洛县消防救援大队14名消防员携带通讯、救援装备，徒步前往现场开展救援工作。先后将120名被困者转移至安全区域。30日，消防救援人员、中铁十八局、甘洛县民兵救援队伍乘坐火车前往人员失联区域进行搜救。目前，四川省消防救援总队已调派雅安、乐山消防救援力量28人赶赴现场增援。  http://t.cn/AiYvXKNi,1,0,0,1564494900000
,中国户外网,:318国道林芝波密3890km处发生泥石流『西藏网警』道路交通管制提醒：318国道林芝波密3890km处发生泥石流 ,1,0,0,1564494900000
,西昌同城会,:#凉山爆料#【四川凉山暴雨救援现场：7人失联 淤泥过膝】7月30日，四川凉山州甘洛县境内发生的山洪泥石流灾害经初步核实已造成7人失联，四川省应急管理厅派出的工作组已抵达现场。 28日至29日，凉山州甘洛县大部地区出现大雨和暴雨，局地大暴雨天气过程，暴雨诱发山洪、泥石流，造成部分道路阻断和成昆复线工程中铁十八局施工人员被困、失联。失联的7人中，有6名为施工人员、凉红电站有1人。　　灾害发生后，四川省应急管理厅迅速启动应急预案，第一时间调派救援力量，开展抢险救援工作。甘洛县消防救援大队14名消防员携带通讯、救援装备，徒步前往现场开展救援工作。先后将120名被困者转移至安全区域。30日，消防救援人员、中铁十八局、甘洛县民兵救援队伍乘坐火车前往人员失联区域进行搜救。目前，四川省消防救援总队已调派雅安、乐山消防救援力量28人赶赴现场增援。  http://t.cn/AiYvXKNi,4,2,1,1564494900000
5627154654,大茴小爱,:#北奥夫妇[超话]# 感觉和道友们都越来越默契了，看到新图，连想法都是一样的了哈哈哈哈哈（不过我好像还是一股泥石流[允悲]） ,57,0,7,1564494780000
5799818340,苦木兰,这种地区，一个敢批，一个敢建，一个敢买，一家敢住！  我特么笑死了的微博视频 ,0,0,0,1564494780000
6420459037,山西省法学会,:【“我熟悉，我先上！” 他抱着小女孩与泥石流擦肩而过】25日，云南昌宁县发生泥石流，一家四口被困。民警到达现场后，受困群众通讯中断情况不明。民警谢卫华说：这条路我熟悉，我先上！10分钟后，当他带着被困群众刚走出危险区，泥石流在他们身后一泻而下。人民网云南频道的微博视频 ,0,0,0,1564494780000
,山西政法,:【“我熟悉，我先上！” 他抱着小女孩与泥石流擦肩而过】25日，云南昌宁县发生泥石流，一家四口被困。民警到达现场后，受困群众通讯中断情况不明。民警谢卫华说：这条路我熟悉，我先上！10分钟后，当他带着被困群众刚走出危险区，泥石流在他们身后一泻而下。人民网云南频道的微博视频 ,0,0,0,1564494720000
5908184802,吉林政法声音,:【暖爆！灾区中的最帅“公主抱”】近日，云南保山市山区路段发生泥石流，一辆载有全家四口的皮卡车被困其中，@昌宁警方 迅速赶往救援，民警谢卫华自告奋勇，冒着滚落的石块，只身寻找被困车辆。10分钟后，在所有人的焦急等待中，谢卫华以帅气的公主抱救出了小女孩。安哥：只要人民需要，危险在所不辞。http://t.cn/AijDmtiX,1,2,1,1564494720000
6371884717,竹新闻,这种地区，一个敢批，一个敢建，一个敢买，一家敢住！  我特么笑死了的微博视频 ,0,0,0,1564494720000
,成都理工大学理工之声广播台,:#Top Radio 晚安#昨夜的梦像山崩，像海啸，像暴风雨，像泥石流，像大地震，像龙卷风。朋友说我这可能是梦到爱情了。晚安，一切都好❤️ ,1,0,0,1564494720000
2883169092,陕西农村报官博,:【大雨不停，我们不停——记雨中坚守岗位的韩城公路人】陕西农村网-陕西农村报韩城讯（通讯员 薛政春 记者 吴永刚）进入夏季，韩城公路管理局上下一致，高度警惕，干部职工防大汛的风险意识一刻也没有松懈。　　7月29日上午，一场突如其来的强降雨侵袭韩原大地，按照防汛抢险预案分工，顾不得吃早点的干部职工，提前带着准备好的应急抢险物资第一时间奔赴各自管辖路段，积极采取对应措施，确保干线公路排水畅通，人民生命财产安全。　　夏季降雨，各路段雨量不同，公路险情也不一样。大雨期间，该局规定各路段负责人每间隔20分钟，必须报告一次辖区雨情路况。　　清晨，6点46分第一次雨情路况报告，沿黄公路北段强阵雨，108国道韩城北段中雨，108国道韩城南段中雨、327国道连接线小雨，各路段雨情路况持续报告中.......　　8点58分，韩城市全境大雨。　　不到两个小时，公路险情报告：108国道韩城南段滩子村附近大水漫上公路，正在处理中；108国道西少桥K1103+530米桥头处护坡水毁，桥头桥面已设置锥形警示桶；108国道韩城北段腾龙陶瓷厂门口泥沙冲进公路，正在疏通中；327国道K1058+300米处，出现少量泥石流，正在清理中；沿黄公路韩城北段尖沟桥东侧桥头挡墙冲刷受损严重，正在设置警示桩；沿黄公路K649+500米处急流槽、K655+150米涵洞出口出现水毁险情，正在检视中。各路段雨量逐渐加大，坚守危险路段的养护道工树立了警示标志，多处路段发现被大风吹断的树木断枝败叶堆积水沟、横在公路，这些安全隐患正在排除中......　　“大雨不停，我们的巡查、排险工作决不停”，这是韩城公路局防汛抢险的工作信念与坚守。大雨中，机关干部与职工分头行动，巡查隧道的张红维工程师徒手清理隧道下水，走进防汛抢险一线的侯亚民局长、武军胜副局长亲临出险路段，察看沿黄公路城北大桥急流槽、108国道西少桥头灾害情况，并现场指挥抢险，采取应急措施。路政巡查人员兵分两路，一路指挥涉水车辆减速通过，一路巡查危险路段，及时处理山体落石.......，各路段防汛抢险工作有条不紊。　　瓢泼大雨中，依然坚守公路，履职担当的干部职工和养护道工，没有一人退缩，他们用忙碌的身影诠释了“陕西公路”人橘黄色服装最美的颜色，沿途群众称赞公路人：“是大雨中公路上最好的护工”；“是车辆和行人最放心的视线”；“是大风暴雨中施救人员和车辆最及时的力量”。　　韩城公路人护路有恒，立足实战抓演练，抢险及时，应急处突保畅安。下午3时，雨过天阴，他们不怕疲劳，连续奋战，发扬交通人“特别能吃苦，特别能战斗”的优良作风，把今天大雨中发现的最大险情，108国道K1103+530米处的水毁桥头，当做“2019年防汛演练”的主战场，全局干部职工挥汗劳作，用装满砂石的编织袋在这里筑起了一道30多米长的安全围挡，并设立了醒目的警示标志。　　每年的主汛期，韩城公路人都会像今天这样度过。他们伴随天气预报，24小时枕戈待旦，不论是狂风暴雨、还是蒙蒙细雨，不论是白天黑夜，还是应急处突，他们防范风险意识浓厚，时时刻刻准备整装待发。　　四季轮回中，韩城公路人重复一样的作业，践行不一样的诺言。防汛期间，公路人用实际行动兑现了“大雨不停，我们不停”的服务承诺，正如108国道旁腾龙陶瓷厂的员工所言：“下雨时，你们忙忙碌碌没有停”“雨停了一会，你们就把漫上公路的水石泥沙清理得干干净净”“你们这样的行动就像清道夫，更像公路守护神”。,1,0,0,1564494600000
7226607888,晓风残月丶缘尽,【“我熟悉，我先上！” 他抱着小女孩与泥石流擦肩而过】25日，云南昌宁县发生泥石流，一家四口被困。民警到达现场后，受困群众通讯中断情况不明。民警谢卫华说：这条路我熟悉，我先上！10分钟后，当他带着被困群众刚走出危险区，泥石流在他们身后一泻而下。@人民网云南频道 http://t.cn/Aijk2cd0 ,0,0,0,1564494480000
,中新视频,:【#四川甘洛突发泥石流#：7人失联 已转移120人,3,4,1,1564494420000
2470123875,青白江应急,:#急急侠话科普#【家住平房防暴雨 挡水断电高处逃】据统计，截至7月30日12时，受近期强降雨影响，云南多地发生洪涝、山体崩塌、滑坡、泥石流等自然灾害，截至7月30日12时，灾害已导致全省3.5万人受灾，因灾死亡14人，3人失踪。急急侠提醒家住平房的朋友，暴雨来临不要慌，应在雨季来临之前检查房屋，维修房顶，挡水断电高处逃！http://t.cn/AiOCvOM5 http://t.cn/z8A5mFf,0,0,0,1564494360000
5712605306,清原敖家堡宣传,【“我熟悉，我先上！” 他抱着小女孩与泥石流擦肩而过】25日，云南昌宁县发生泥石流，一家四口被困。民警到达现场后，受困群众通讯中断情况不明。民警谢卫华说：这条路我熟悉，我先上！10分钟后，当他带着被困群众刚走出危险区，泥石流在他们身后一泻而下。人民网云南频道的微博视频 （人民网） ,0,0,0,1564494360000
5901026157,山西反邪教,【“我熟悉，我先上！” 他抱着小女孩与泥石流擦肩而过】25日，云南昌宁县发生泥石流，一家四口被困。民警到达现场后，受困群众通讯中断情况不明。民警谢卫华说：这条路我熟悉，我先上！10分钟后，当他带着被困群众刚走出危险区，泥石流在他们身后一泻而下。人民网云南频道的微博视频 （人民网） ,1,1,0,1564494240000
,中国反邪教,:【“我熟悉，我先上！” 他抱着小女孩与泥石流擦肩而过】25日，云南昌宁县发生泥石流，一家四口被困。民警到达现场后，受困群众通讯中断情况不明。民警谢卫华说：这条路我熟悉，我先上！10分钟后，当他带着被困群众刚走出危险区，泥石流在他们身后一泻而下。人民网云南频道的微博视频 （人民网） ,68,19,6,1564494180000
5605804122,香樟树下Sue,【“我熟悉，我先上！” 他抱着小女孩与泥石流擦肩而过】25日，云南昌宁县发生泥石流，一家四口被困。民警到达现场后，受困群众通讯中断情况不明。民警谢卫华说：这条路我熟悉，我先上！10分钟后，当他带着被困群众刚走出危险区，泥石流在他们身后一泻而下。@人民网云南频道 人民网云南频道的微博视频 ,0,0,0,1564494180000
6048833181,Leahlaw-,#阿云嘎超级企鹅联盟# ⚡#超级企鹅联盟# 【投稿】嘎：快来玩嘛来玩嘛~ ,0,0,2,1564493760000
6568416443,内江高新公安,:【暖爆！灾区中的最帅“公主抱”】7月25日，保山市昌宁县山区路段发生泥石流，一辆载有全家四口的皮卡车被困其中，@昌宁警方 迅速赶往救援，民警谢卫华自告奋勇，冒着滚落的石块，只身寻找被困车辆。10分钟后，在所有人的焦急等待中，谢卫华抱着小女孩，带着另外3名被困群众出现了！这个帅气的“公主抱”也被深深定格……   http://t.cn/AijDmtiX http://t.cn/AijDmtiX,0,0,0,1564493700000
6069137404,凉山同城,:#凉山爆料#【四川甘洛发生泥石流灾害致7人失联 工作组前往现场】中新网成都7月30日电(刘忠俊曹尚巫明杰)记者30日从四川省应急管理厅获悉，凉山州甘洛县境内发生的山洪泥石流灾害经初步核实已造成7人失联，省应急管理厅派出的工作组已抵达现场。（中新网）   四川甘洛发生泥石流灾害致7人失联 工作组前往现场 ,0,0,0,1564493700000
5456386303,小葱2017,【“我熟悉，我先上！” 他抱着小女孩与泥石流擦肩而过】25日，云南昌宁县发生泥石流，一家四口被困。民警到达现场后，受困群众通讯中断情况不明。民警谢卫华说：这条路我熟悉，我先上！10分钟后，当他带着被困群众刚走出危险区，泥石流在他们身后一泻而下。@人民网云南频道 人民网云南频道的微博视频 ,0,0,0,1564493700000
,凉山之窗,:#凉山爆料#【四川甘洛发生泥石流灾害致7人失联 工作组前往现场】中新网成都7月30日电(刘忠俊曹尚巫明杰)记者30日从四川省应急管理厅获悉，凉山州甘洛县境内发生的山洪泥石流灾害经初步核实已造成7人失联，省应急管理厅派出的工作组已抵达现场。（中新网） 四川甘洛发生泥石流灾害致7人失联 工作组前往现场 ,5,0,0,1564493640000
1909417915,泥石流灾害,【#四川甘洛突发泥石流#  消防徒步前往救援 已转移118人】连日来，四川多地出现暴雨天气。7月28日至7月29日的强降雨，目前已致四川省凉山州甘洛县7人失联。7月29日，甘洛县大队接到报警：甘洛县阿兹觉乡、新市坝镇部分区域发生山洪和泥石流，造成部分道路阻断和成昆复线工程中铁十八局施工人员被困、失联。接警后，甘洛县消防救援大队迅速出动14名消防指战员携带通讯、救援装备，徒步前往事故现场开展救援。 7月29日晚，甘洛县消防大队救援人员在途经苏雄2-3号隧道时，发现隧道内有中铁十八局施工人员及家属被困，救援人员随即展开营救，并成功将隧道内118名被困人员营救转移至安全区域。7月30日下午，红星新闻记者联系上当地村干部，据他介绍，从29日上午开始，失联人员的电话就打不通，他们也参与到搜救中，当地道路垮方太严重了，每隔十米左右都一处塌方，人员根本进不去，离失联人员距离的地方大约有几百米，目前挖掘机正在抢通道路。http://t.cn/AijkuPfS,0,0,0,1564493400000
6677326094,希望遇见你的冬天,【“我熟悉，我先上！” 他抱着小女孩与泥石流擦肩而过】25日，云南昌宁县发生泥石流，一家四口被困。民警到达现场后，受困群众通讯中断情况不明。民警谢卫华说：这条路我熟悉，我先上！10分钟后，当他带着被困群众刚走出危险区，泥石流在他们身后一泻而下。@人民网云南频道 人民网云南频道的微博视频 ,1,0,0,1564493340000
,大祥公安,:【暖爆！灾区中的最帅“公主抱”】近日，云南保山市山区路段发生泥石流，一辆载有全家四口的皮卡车被困其中，@昌宁警方 迅速赶往救援，民警谢卫华自告奋勇，冒着滚落的石块，只身寻找被困车辆。10分钟后，在所有人的焦急等待中，谢卫华以帅气的公主抱救出了小女孩。安哥：只要人民需要，危险在所不辞。http://t.cn/AijDmtiX,0,0,0,1564493280000
1725290772,TF8110,:骑着马走在茶马古道上🐎  进入原始森林🌳  远眺拉市海👀 经过惊险的沿山路,2,0,9,1564493160000
,柳州公安,:【暖爆！灾区中的最帅“公主抱”】7月25日，保山市昌宁县山区路段发生泥石流，一辆载有全家四口的皮卡车被困其中，@昌宁警方 迅速赶往救援，民警谢卫华自告奋勇，冒着滚落的石块，只身寻找被困车辆。10分钟后，在所有人的焦急等待中，谢卫华抱着小女孩，带着另外3名被困群众出现了！这个帅气的“公主抱”也被深深定格……   http://t.cn/AijDmtiX,14,0,0,1564493100000
3914113451,文静wanyy,【“我熟悉，我先上！” 他抱着小女孩与泥石流擦肩而过】25日，云南昌宁县发生泥石流，一家四口被困。民警到达现场后，受困群众通讯中断情况不明。民警谢卫华说：这条路我熟悉，我先上！10分钟后，当他带着被困群众刚走出危险区，泥石流在他们身后一泻而下。@人民网云南频道 人民网云南频道的微博视频 ,0,0,0,1564493040000
5080238925,打梦讲家,:不要停止思考。想不清楚别慌走，山洪雪崩泥石流。若想清楚了，那还等什么，前途风光正好，追风赶月莫停留。一定要活的有自我认同感！！！ 南昌·江西警察学院 ,0,0,2,1564492860000
5444885376,盐阜大众报新媒体,:【暴雨灾害致四川凉山州甘洛县7人失联】记者从四川省应急管理厅获悉，截至30日9时，经初步核实，暴雨灾害共造成凉山州甘洛县7人失联。　　7月28日至29日，凉山州甘洛县大部地区出现大雨和暴雨，局地大暴雨天气过程。强降雨天气诱发山洪、泥石流，多地遭受大面积暴雨灾害。30日0时50分，凉山州防汛办向四川省防汛抗旱指挥部报告，强降雨致甘洛县6人失联。9时，经初步核实，甘洛县新确定1名失联人员。经确认，失联人员为甘洛县境内成昆铁路复线特克隧道3号横洞和特克隧道1号正洞施工人员6人，凉红电站1人。　　灾害发生后，四川省应急管理厅迅速启动应急预案，第一时间视频连线四川省消防救援总队、凉山州应急管理局和甘洛县应急管理局，会商研判灾情，指导调派救援力量，开展抢险救援工作。同时派出前方工作组，由副厅长毛德忠带队赶赴现场指导抢险救援工作。　　目前，甘洛消防大队、中铁十八局、甘洛县民兵队伍等救援队伍已前往现场进行救援，灾情仍在进一步核查中。（新华社记者张海磊）,0,0,0,1564492800000
1994449774,wan宛莞,【“我熟悉，我先上！” 他抱着小女孩与泥石流擦肩而过】25日，云南昌宁县发生泥石流，一家四口被困。民警到达现场后，受困群众通讯中断情况不明。民警谢卫华说：这条路我熟悉，我先上！10分钟后，当他带着被困群众刚走出危险区，泥石流在他们身后一泻而下。@人民网云南频道 人民网云南频道的微博视频 ,0,0,0,1564492620000
3878559461,益阳三两散人,【四川凉山甘洛突发泥石流 消防成功营救转移120名被困群众】#小凉同学#   2019年7月29日11时许，凉山州消防救援支队甘洛县大队接到报警：甘洛县阿兹觉乡、新市坝镇部分区域发生山洪和泥石流，造成部分道路阻断和成昆复线工程中铁十八局施工人员被困、失联。接警后，甘洛县消防救援大队迅速出动14名消防指战员携带通讯、救援装备，徒步前往事故现场开展救援。目前，已营救疏散转移群众120名。@四川消防  http://t.cn/Aijsgvn1,0,0,1,1564492620000
5448000321,和盛镇文明微博,#微感动# 【“我熟悉，我先上！” 他抱着小女孩与泥石流擦肩而过】25日，云南昌宁县发生泥石流，一家四口被困。民警到达现场后，受困群众通讯中断情况不明。民警谢卫华说：这条路我熟悉，我先上！10分钟后，当他带着被困群众刚走出危险区，泥石流在他们身后一泻而下。@人民网云南频道 http://t.cn/Aijk2cd0 ,0,0,0,1564492620000
3042513584,西藏网警,#交通管制# 受近日降雨天气影响，2019年7月30日15时45分，国道318线林芝市波密县境内玉普路段3890Km处发生泥石流，无人员伤亡。目前，波密县公安局交警大队已对涉事路段实行交通管制点，通行时间待定（因水流较大无法预计），公安交管部门正全力配合武警交通部门紧急展开抢通工作。请广大驾驶员朋友出行前及时关注天气变化和路况信息，合理安排出行计划，确保安全文明驾驶。 http://t.cn/Aijs4fIM,1,1,0,1564492560000
5565937761,求是无干,【四川凉山甘洛突发泥石流 消防成功营救转移120名被困群众】#小凉同学#   2019年7月29日11时许，凉山州消防救援支队甘洛县大队接到报警：甘洛县阿兹觉乡、新市坝镇部分区域发生山洪和泥石流，造成部分道路阻断和成昆复线工程中铁十八局施工人员被困、失联。接警后，甘洛县消防救援大队迅速出动14名消防指战员携带通讯、救援装备，徒步前往事故现场开展救援。目前，已营救疏散转移群众120名。@四川消防  http://t.cn/Aijsgvn1,0,0,0,1564492560000
2216737482,青白江住建427,#微感动# 【“我熟悉，我先上！” 他抱着小女孩与泥石流擦肩而过】25日，云南昌宁县发生泥石流，一家四口被困。民警到达现场后，受困群众通讯中断情况不明。民警谢卫华说：这条路我熟悉，我先上！10分钟后，当他带着被困群众刚走出危险区，泥石流在他们身后一泻而下。@人民网云南频道 http://t.cn/Aijk2cd0 ,0,0,0,1564492440000
5736788381,viola佳0731,【“我熟悉，我先上！” 他抱着小女孩与泥石流擦肩而过】25日，云南昌宁县发生泥石流，一家四口被困。民警到达现场后，受困群众通讯中断情况不明。民警谢卫华说：这条路我熟悉，我先上！10分钟后，当他带着被困群众刚走出危险区，泥石流在他们身后一泻而下。@人民网云南频道 人民网云南频道的微博视频 ,0,0,0,1564492380000
5661936627,祢的名字是,【“我熟悉，我先上！” 他抱着小女孩与泥石流擦肩而过】25日，云南昌宁县发生泥石流，一家四口被困。民警到达现场后，受困群众通讯中断情况不明。民警谢卫华说：这条路我熟悉，我先上！10分钟后，当他带着被困群众刚走出危险区，泥石流在他们身后一泻而下。@人民网云南频道 人民网云南频道的微博视频 ,0,0,0,1564492380000
2971852794,机智的阿咩仔,:父爱果然如泥石流,2,0,0,1564492320000
,平潭时报,【“我熟悉，我先上！” 他抱着小女孩与泥石流擦肩而过】25日，云南昌宁县发生泥石流，一家四口被困。民警到达现场后，受困群众通讯中断情况不明。民警谢卫华说：这条路我熟悉，我先上！10分钟后，当他带着被困群众刚走出危险区，泥石流在他们身后一泻而下。@人民网云南频道 人民网云南频道的微博视频 ,0,0,0,1564492200000
5258943257,温岭的小林,【“我熟悉，我先上！” 他抱着小女孩与泥石流擦肩而过】25日，云南昌宁县发生泥石流，一家四口被困。民警到达现场后，受困群众通讯中断情况不明。民警谢卫华说：这条路我熟悉，我先上！10分钟后，当他带着被困群众刚走出危险区，泥石流在他们身后一泻而下。@人民网云南频道 人民网云南频道的微博视频 ,0,0,0,1564492140000
1347643827,海龙王_ccmd,:长岛县气象局今天下午17时发布的天气预报：雷电橙色和海雾黄色预警信号：长岛县气象局今天17时00分继续发布雷电橙色和海雾黄色预警信号。预计　　今天夜间到明天白天，长岛仍有雷雨天气，伴有雷电、局部有短时强降水和9级雷雨阵风；出现雷电灾害事故的可能性比较大；长岛部分沿海海面仍然有能见度小于500米的海雾，对交通有较大影响；请做好雷电、大风、短时强降水，海雾等气象灾害及泥石流、滑坡等次生、衍生灾害的防范工作。大风警报和天气预报：　　今天夜间到明天白天：阴有雷雨或阵雨转多云，有雾或轻雾；南到西南风海面5-6级，城区4-5级，雷雨时阵风9级；26～31℃。　　明天夜间到后天白天：多云间阴；南风海面5-6级，城区4-5级；26～32℃。8月　　1日夜间到2日白天：多云间阴，南风海面5-6级，城区4-5级；25～31℃。2019-07-30,0,0,0,1564492080000
5191193545,用户5191193545,转发提醒！看到山上有碎石掉落，务必第一时间逃离-人民日报的秒拍视频 人民日报的秒拍视频 ,0,0,0,1564491960000
,福州日报,:【“我熟悉，我先上！” 他抱着小女孩与泥石流擦肩而过】25日，云南昌宁县发生泥石流，一家四口被困。民警到达现场后，受困群众通讯中断情况不明。民警谢卫华说：这条路我熟悉，我先上！10分钟后，当他带着被困群众刚走出危险区，泥石流在他们身后一泻而下。@人民网云南频道 人民网云南频道的微博视频 ,6,2,0,1564491900000
5769704545,去看场电影,:#林更新#这货简直就是娱乐圈的一股泥石流 ,0,0,0,1564491780000
5869892384,朱一龙最宠爱着的雪雪,【“我熟悉，我先上！” 他抱着小女孩与泥石流擦肩而过】25日，云南昌宁县发生泥石流，一家四口被困。民警到达现场后，受困群众通讯中断情况不明。民警谢卫华说：这条路我熟悉，我先上！10分钟后，当他带着被困群众刚走出危险区，泥石流在他们身后一泻而下。人民视频的秒拍视频 ,0,0,0,1564491780000
1697993467,加勒比海盗墓,这种地区，一个敢批，一个敢建，一个敢买，一家敢住！  我特么笑死了的微博视频 ,0,0,0,1564491720000
,博望区检察院,:【暴雨灾害致四川凉山州甘洛县7人失联】记者从四川省应急管理厅获悉，截至30日9时，经初步核实，暴雨灾害共造成凉山州甘洛县7人失联。　　7月28日至29日，凉山州甘洛县大部地区出现大雨和暴雨，局地大暴雨天气过程。强降雨天气诱发山洪、泥石流，多地遭受大面积暴雨灾害。30日0时50分，凉山州防汛办向四川省防汛抗旱指挥部报告，强降雨致甘洛县6人失联。9时，经初步核实，甘洛县新确定1名失联人员。经确认，失联人员为甘洛县境内成昆铁路复线特克隧道3号横洞和特克隧道1号正洞施工人员6人，凉红电站1人。　　灾害发生后，四川省应急管理厅迅速启动应急预案，第一时间视频连线四川省消防救援总队、凉山州应急管理局和甘洛县应急管理局，会商研判灾情，指导调派救援力量，开展抢险救援工作。同时派出前方工作组，由副厅长毛德忠带队赶赴现场指导抢险救援工作。　　目前，甘洛消防大队、中铁十八局、甘洛县民兵队伍等救援队伍已前往现场进行救援，灾情仍在进一步核查中。（记者张海磊）,0,0,0,1564491660000
,人民视频,:【“我熟悉，我先上！” 他抱着小女孩与泥石流擦肩而过】25日，云南昌宁县发生泥石流，一家四口被困。民警到达现场后，受困群众通讯中断情况不明。民警谢卫华说：这条路我熟悉，我先上！10分钟后，当他带着被困群众刚走出危险区，泥石流在他们身后一泻而下。人民视频的秒拍视频 ,75,4,8,1564491600000
7049199890,昕开启的小浩,【“我熟悉，我先上！” 他抱着小女孩与泥石流擦肩而过】25日，云南昌宁县发生泥石流，一家四口被困。民警到达现场后，受困群众通讯中断情况不明。民警谢卫华说：这条路我熟悉，我先上！10分钟后，当他带着被困群众刚走出危险区，泥石流在他们身后一泻而下。@人民网云南频道 人民网云南频道的微博视频 ,0,0,0,1564491540000
6589825840,稀土高新长安网,【暖爆！灾区中的最帅“公主抱”】近日，云南保山市山区路段发生泥石流，一辆载有全家四口的皮卡车被困其中，@昌宁警方 迅速赶往救援，民警谢卫华自告奋勇，冒着滚落的石块，只身寻找被困车辆。10分钟后，在所有人的焦急等待中，谢卫华以帅气的公主抱救出了小女孩。安哥：只要人民需要，危险在所不辞。http://t.cn/AijDmtiX,0,0,0,1564491540000
,成都发布,:【#凉山甘洛发生山洪泥石流# 致7人失联】7月28日至29日，凉山州甘洛县大部地区出现大雨和暴雨，局地大暴雨天气过程，暴雨诱发山洪、泥石流，多地遭受大面积暴雨灾害。截至今天9时，初步核实此次暴雨灾害共造成7人失联（其中甘洛县境内成昆铁路复线特克隧道3号横洞和特克隧道1号正洞施工人员6人、凉红电站1人）。目前，省应急管理厅已派出工作组赶赴现场。同时，甘洛消防大队、中铁十八局、甘洛县民兵队伍等救援队伍已前往现场进行救援，灾情仍在进一步核查中。（成都发布—成都晚报 叶飞鸿）,8,2,2,1564491420000
2321210495,太旗政法之声,【暖爆！灾区中的最帅“公主抱”】近日，云南保山市山区路段发生泥石流，一辆载有全家四口的皮卡车被困其中，@昌宁警方 迅速赶往救援，民警谢卫华自告奋勇，冒着滚落的石块，只身寻找被困车辆。10分钟后，在所有人的焦急等待中，谢卫华以帅气的公主抱救出了小女孩。安哥：只要人民需要，危险在所不辞。http://t.cn/AijDmtiX,0,0,0,1564491300000
6069137404,凉山同城,:#凉山爆料#【四川凉山甘洛突发泥石流 消防成功营救转移120名被困群众】 2019年7月29日11时许，凉山州消防救援支队甘洛县大队接到报警：甘洛县阿兹觉乡、新市坝镇部分区域发生山洪和泥石流，造成部分道路阻断和成昆复线工程中铁十八局施工人员被困、失联。接警后，甘洛县消防救援大队迅速出动14名消防指战员携带通讯、救援装备，徒步前往事故现场开展救援。目前，已营救疏散转移群众120名。@四川消防  http://t.cn/Aijsgvn1,0,0,0,1564491300000
,三剑先森,:【“我熟悉，我先上！” 他抱着小女孩与泥石流擦肩而过】25日，云南昌宁县发生泥石流，一家四口被困。民警到达现场后，受困群众通讯中断情况不明。民警谢卫华说：这条路我熟悉，我先上！10分钟后，当他带着被困群众刚走出危险区，泥石流在他们身后一泻而下。 人民网云南频道的微博视频 ,0,0,0,1564491180000
,山西晚报,:【暖爆！灾区中的最帅“公主抱”】7月25日，保山市昌宁县山区路段发生泥石流，一辆载有全家四口的皮卡车被困其中，@昌宁警方 迅速赶往救援，民警谢卫华自告奋勇，冒着滚落的石块，只身寻找被困车辆。10分钟后，在所有人的焦急等待中，谢卫华抱着小女孩，带着另外3名被困群众出现了！这个帅气的“公主抱”也被深深定格…… http://t.cn/AijDmtiX,6,0,0,1564491180000
5558809587,YukiyoDB,德语真是印欧语系里的一股泥石流，哈哈哈哈哈哈哈笑死我了   #搞笑视频# 笑长日记的秒拍视频 ,0,0,0,1564491120000
5690907070,離篱媛上草,【“我熟悉，我先上！” 他抱着小女孩与泥石流擦肩而过】25日，云南昌宁县发生泥石流，一家四口被困。民警到达现场后，受困群众通讯中断情况不明。民警谢卫华说：这条路我熟悉，我先上！10分钟后，当他带着被困群众刚走出危险区，泥石流在他们身后一泻而下。@人民网云南频道 人民网云南频道的微博视频 ,0,0,0,1564491120000
,凤凰不是是仙,德语真是印欧语系里的一股泥石流，哈哈哈哈哈哈哈笑死我了   #搞笑视频# 笑长日记的秒拍视频 ,1,0,0,1564491120000
2642926820,Amani阿玛尼呀,【“我熟悉，我先上！” 他抱着小女孩与泥石流擦肩而过】25日，云南昌宁县发生泥石流，一家四口被困。民警到达现场后，受困群众通讯中断情况不明。民警谢卫华说：这条路我熟悉，我先上！10分钟后，当他带着被困群众刚走出危险区，泥石流在他们身后一泻而下。@人民网云南频道 人民网云南频道的微博视频 ,0,0,0,1564491060000
,国家应急广播,:#急急侠话科普#【家住平房防暴雨 挡水断电高处逃】据统计，截至7月30日12时，受近期强降雨影响，云南多地发生洪涝、山体崩塌、滑坡、泥石流等自然灾害，截至7月30日12时，灾害已导致全省3.5万人受灾，因灾死亡14人，3人失踪。急急侠提醒家住平房的朋友，暴雨来临不要慌，应在雨季来临之前检查房屋，维修房顶，挡水断电高处逃！http://t.cn/AiOCvOM5,0,0,0,1564490940000
,南京晨报,:【暴雨灾害致四川凉山州甘洛县7人失联】记者从四川省应急管理厅获悉，截至30日9时，经初步核实，暴雨灾害共造成凉山州甘洛县7人失联。　　7月28日至29日，凉山州甘洛县大部地区出现大雨和暴雨，局地大暴雨天气过程。强降雨天气诱发山洪、泥石流，多地遭受大面积暴雨灾害。30日0时50分，凉山州防汛办向四川省防汛抗旱指挥部报告，强降雨致甘洛县6人失联。9时，经初步核实，甘洛县新确定1名失联人员。经确认，失联人员为甘洛县境内成昆铁路复线特克隧道3号横洞和特克隧道1号正洞施工人员6人，凉红电站1人。　　灾害发生后，四川省应急管理厅迅速启动应急预案，第一时间视频连线四川省消防救援总队、凉山州应急管理局和甘洛县应急管理局，会商研判灾情，指导调派救援力量，开展抢险救援工作。同时派出前方工作组，由副厅长毛德忠带队赶赴现场指导抢险救援工作。　　目前，甘洛消防大队、中铁十八局、甘洛县民兵队伍等救援队伍已前往现场进行救援，灾情仍在进一步核查中。by新华视点,2,0,0,1564490880000
1229286333,晨曦渐至,这种地区，一个敢批，一个敢建，一个敢买，一家敢住！  我特么笑死了的微博视频 ,0,0,0,1564490820000
6624310709,莞菀苑,#小栗旬挥手届的泥石流# 哈哈哈哈哈哈哈小栗旬的挥手从来不让人失望 ,0,0,0,1564490700000
5349563248,那曲网警巡查执法,#交通管制# 受近日降雨天气影响，2019年7月30日15时45分，国道318线林芝市波密县境内玉普路段3890Km处发生泥石流，无人员伤亡。目前，波密县公安局交警大队已对涉事路段实行交通管制点，通行时间待定（因水流较大无法预计），公安交管部门正全力配合武警交通部门紧急展开抢通工作。请广大驾驶员朋友出行前及时关注天气变化和路况信息，合理安排出行计划，确保安全文明驾驶。 http://t.cn/Aijs4fIM,0,0,0,1564490700000
1748976204,经典汽车广播晓舟,【“我熟悉，我先上！” 他抱着小女孩与泥石流擦肩而过】25日，云南昌宁县发生泥石流，一家四口被困。民警到达现场后，受困群众通讯中断情况不明。民警谢卫华说：这条路我熟悉，我先上！10分钟后，当他带着被困群众刚走出危险区，泥石流在他们身后一泻而下。@人民网云南频道 人民网云南频道的微博视频 ,0,0,0,1564490640000
6851871525,镶黄旗政法委,【暖爆！灾区中的最帅“公主抱”】近日，云南保山市山区路段发生泥石流，一辆载有全家四口的皮卡车被困其中，@昌宁警方 迅速赶往救援，民警谢卫华自告奋勇，冒着滚落的石块，只身寻找被困车辆。10分钟后，在所有人的焦急等待中，谢卫华以帅气的公主抱救出了小女孩。安哥：只要人民需要，危险在所不辞。http://t.cn/AijDmtiX,0,0,0,1564490640000
,张坊镇政府,:【张坊镇积极应对汛期和高温天气】一是持续对危险化学品、旅游两大行业开展监督检查，督促企业强化隐患排查治理工作，压实企业安全生产主体责任。在危险化学品方面，应急管理部门指导企业开展汛期安全生产教育培训，增强从业人员落实各项安全生产规章制度的自觉性、主动性，防止出现“三违”引发生产安全事故。同时，督促企业加强生产装置的运行维护，强化对生产装置、储运设施的监控，确保安全防范措施落实到位。二是增加路面撒水次数，对地面进行降温。三是加强森林防火，及时清除山林附近及林下墓地可燃物，保证森林防火物资、器械处于蓄势待发状态，同时加强应急处置救援演练。四是加强与气象、水利等部门和新闻媒体的联系，实现协调联动，密切关注雷电、暴雨等极端天气，根据有关部门发布的预警信息，及时提醒各部门落实防范措施，提早做好雷击、洪涝、泥石流等自然灾害引发各类生产安全事故的防范应对工作，防止生产安全事故发生。同时，针对汛期和高温天气下安全生产工作特点，组织各景区企业加强应急演练，进一步提高各企业应对危险化学品和汛期事故的防范和处置能力，抓细抓实安全防范各项工作，确保人民群众生命财产安全。,0,0,1,1564490520000
3978917636,千芳悦,这种地区，一个敢批，一个敢建，一个敢买，一家敢住！  我特么笑死了的微博视频 ,0,0,0,1564490400000
5506608181,u怀旧,:又遇到泥石流，解放军叔叔保护我。 林芝地区·嘎隆拉雪山 u怀旧的微博视频 ,1,0,1,1564490340000
5816714999,海阔天空老窝---885,【#四川甘洛突发泥石流#，消防头顶飞石转移120人，仍有7人失联🙏】7月29日，四川甘洛县部分区域突发山洪和泥石流，消防赶往现场救援。道路损毁严重，他们在泥地艰难行走，头顶不时有碎石滚落下来，非常危险。最终，他们成功转移120名被困群众，但目前仍有7人失联。愿平安！🙏 一手Video的秒拍视频 ,0,0,0,1564490340000
6508046291,凭祥fx,:【遭遇山体滑坡时该如何逃生】7月23日晚间，贵州六盘水水城县鸡场镇发生山体滑坡事故，#贵州山体滑坡遇难人员升至38人# ,0,0,0,1564490340000
5234529008,脑洞失联人士,#小栗旬挥手届的泥石流# 哈哈哈哈哈哈哈小栗旬的挥手从来不让人失望 ,0,0,0,1564490220000
,中国周刊,:【“我熟悉，我先上！” 他抱着小女孩与泥石流擦肩而过】25日，云南昌宁县发生泥石流，一家四口被困。民警到达现场后，受困群众通讯中断情况不明。民警谢卫华说：这条路我熟悉，我先上！10分钟后，当他带着被困群众刚走出危险区，泥石流在他们身后一泻而下。@人民网云南频道 http://t.cn/Aijk2cd0 ,10,2,0,1564490160000
1936090780,南县公安局,:【四川凉山甘洛突发泥石流 消防成功营救转移120名被困群众】#小凉同学#   2019年7月29日11时许，凉山州消防救援支队甘洛县大队接到报警：甘洛县阿兹觉乡、新市坝镇部分区域发生山洪和泥石流，造成部分道路阻断和成昆复线工程中铁十八局施工人员被困、失联。接警后，甘洛县消防救援大队迅速出动14名消防指战员携带通讯、救援装备，徒步前往事故现场开展救援。目前，已营救疏散转移群众120名。@四川消防  http://t.cn/Aijsgvn1,3,2,3,1564490100000
,攀枝花消防,【四川凉山甘洛突发泥石流 消防成功营救转移120名被困群众】#小凉同学#   2019年7月29日11时许，凉山州消防救援支队甘洛县大队接到报警：甘洛县阿兹觉乡、新市坝镇部分区域发生山洪和泥石流，造成部分道路阻断和成昆复线工程中铁十八局施工人员被困、失联。接警后，甘洛县消防救援大队迅速出动14名消防指战员携带通讯、救援装备，徒步前往事故现场开展救援。目前，已营救疏散转移群众120名。@四川消防  http://t.cn/Aijsgvn1,4,1,2,1564490040000
5721068922,黎平检察,:【暖爆！灾区中的最帅“公主抱”】近日，云南保山市山区路段发生泥石流，一辆载有全家四口的皮卡车被困其中，@昌宁警方 迅速赶往救援，民警谢卫华自告奋勇，冒着滚落的石块，只身寻找被困车辆。10分钟后，在所有人的焦急等待中，谢卫华以帅气的公主抱救出了小女孩。安哥：只要人民需要，危险在所不辞。@中国长安网  http://t.cn/AijDmtiX,0,0,0,1564489980000
6122770623,Waldeinsamkeit嚯,【“我熟悉，我先上！” 他抱着小女孩与泥石流擦肩而过】25日，云南昌宁县发生泥石流，一家四口被困。民警到达现场后，受困群众通讯中断情况不明。民警谢卫华说：这条路我熟悉，我先上！10分钟后，当他带着被困群众刚走出危险区，泥石流在他们身后一泻而下。@人民网云南频道 人民网云南频道的微博视频 ,0,0,0,1564489860000
,long1833,【“我熟悉，我先上！” 他抱着小女孩与泥石流擦肩而过】25日，云南昌宁县发生泥石流，一家四口被困。民警到达现场后，受困群众通讯中断情况不明。民警谢卫华说：这条路我熟悉，我先上！10分钟后，当他带着被困群众刚走出危险区，泥石流在他们身后一泻而下。@人民网云南频道 人民网云南频道的微博视频 ,0,0,0,1564489800000
,中国网直播,:【暖爆！灾区中的最帅“公主抱”】7月25日，保山市昌宁县山区路段发生泥石流，一辆载有全家四口的皮卡车被困其中，@昌宁警方 迅速赶往救援，民警谢卫华自告奋勇，冒着滚落的石块，只身寻找被困车辆。10分钟后，在所有人的焦急等待中，谢卫华抱着小女孩，带着另外3名被困群众出现了！这个帅气的“公主抱”也被深深定格…… http://t.cn/AijDmtiX,3,0,0,1564489800000
5182191786,平安叙永,:【“我熟悉，我先上！” 他抱着小女孩与泥石流擦肩而过】25日，云南昌宁县发生泥石流，一家四口被困。民警到达现场后，受困群众通讯中断情况不明。民警谢卫华说：这条路我熟悉，我先上！10分钟后，当他带着被困群众刚走出危险区，泥石流在他们身后一泻而下。@人民网云南频道  人民网云南频道的微博视频 ,0,0,0,1564489740000
6124719898,Light_小小王,哈哈哈哈哈哈哈哈哈哈哈哈哈哈哈哈哈哈哈哈哈哈哈哈哈哈哈哈哈哈哈哈哈哈哈哈哈哈哈哈哈哈哈哈哈哈哈哈哈哈哈哈哈啊！啊！给我买！给我买！哈哈哈哈哈哈哈哈哈哈哈哈哈哈哈哈哈哈哈哈哈哈哈哈哈哈哈哈哈哈哈哈哈哈哈哈哈哈哈哈哈哈哈哈哈哈哈哈哈哈哈哈哈哈哈哈哈哈哈哈哈哈哈哈哈哈哈哈哈哈哈哈哈哈哈哈哈哈哈哈哈哈哈哈哈哈哈哈哈哈哈哈哈哈哈哈 http://t.cn/AijeBxi2,0,0,0,1564489680000
,河北经济广播,:【“我熟悉，我先上！” 他抱着小女孩与泥石流擦肩而过】25日，云南昌宁县发生泥石流，一家四口被困。民警到达现场后，受困群众通讯中断情况不明。民警谢卫华说：这条路我熟悉，我先上！10分钟后，当他带着被困群众刚走出危险区，泥石流在他们身后一泻而下。@人民网云南频道  人民网云南频道的微博视频 ,0,0,0,1564489620000
5772690734,ImgUaO,【“我熟悉，我先上！” 他抱着小女孩与泥石流擦肩而过】25日，云南昌宁县发生泥石流，一家四口被困。民警到达现场后，受困群众通讯中断情况不明。民警谢卫华说：这条路我熟悉，我先上！10分钟后，当他带着被困群众刚走出危险区，泥石流在他们身后一泻而下。@人民网云南频道 人民网云南频道的微博视频 ,0,0,0,1564489560000
1009484631,宁静201415,【“我熟悉，我先上！” 他抱着小女孩与泥石流擦肩而过】25日，云南昌宁县发生泥石流，一家四口被困。民警到达现场后，受困群众通讯中断情况不明。民警谢卫华说：这条路我熟悉，我先上！10分钟后，当他带着被困群众刚走出危险区，泥石流在他们身后一泻而下。@人民网云南频道 人民网云南频道的微博视频 ,0,0,0,1564489560000
2478189743,酒醒三更z,【“我熟悉，我先上！” 他抱着小女孩与泥石流擦肩而过】25日，云南昌宁县发生泥石流，一家四口被困。民警到达现场后，受困群众通讯中断情况不明。民警谢卫华说：这条路我熟悉，我先上！10分钟后，当他带着被困群众刚走出危险区，泥石流在他们身后一泻而下。@人民网云南频道 人民网云南频道的微博视频 ,0,0,0,1564489500000
6384370930,鹿小米mi,:如果那谁真的要出演小说改版的电视剧《他从火光中走来》我就会当她一辈子的黑粉! ! !怎么谁火祸害谁呢烦人，没有演技拍电视剧圈钱心里没点AC数吗？!女演员里的泥石流烦死了! ! !千万不要毁掉耳东兔子的《他从火光中走来》啊！宋轶真的特别适合演南初，国民妖精，可妖娆可清纯身材好简直就是南初本人了!林陆骁朱亚文就特别适合啊！荷尔蒙爆发!特别有男人味咳咳就是很man想到南初在获奖的时候对林陆骁说的话：“你去守四方平安，我守着你。”那么好的南初那么好的林陆骁!千万不要让泥石流毁了啊！哎！老天一定要听到我的祈祷啊！千万千万不要让她演南初，求求了!🙏🙏,36,0,8,1564489440000
5605969579,小一LJY,【“我熟悉，我先上！” 他抱着小女孩与泥石流擦肩而过】25日，云南昌宁县发生泥石流，一家四口被困。民警到达现场后，受困群众通讯中断情况不明。民警谢卫华说：这条路我熟悉，我先上！10分钟后，当他带着被困群众刚走出危险区，泥石流在他们身后一泻而下。@人民网云南频道 人民网云南频道的微博视频 ,0,0,0,1564489440000
1738471382,嬉猫,【“我熟悉，我先上！” 他抱着小女孩与泥石流擦肩而过】25日，云南昌宁县发生泥石流，一家四口被困。民警到达现场后，受困群众通讯中断情况不明。民警谢卫华说：这条路我熟悉，我先上！10分钟后，当他带着被困群众刚走出危险区，泥石流在他们身后一泻而下。@人民网云南频道 人民网云南频道的微博视频 ,0,0,0,1564489320000
3633206074,凉山消防,:【四川凉山甘洛突发泥石流 消防成功营救转移120名被困群众】#小凉同学#   2019年7月29日11时许，凉山州消防救援支队甘洛县大队接到报警：甘洛县阿兹觉乡、新市坝镇部分区域发生山洪和泥石流，造成部分道路阻断和成昆复线工程中铁十八局施工人员被困、失联。接警后，甘洛县消防救援大队迅速出动14名消防指战员携带通讯、救援装备，徒步前往事故现场开展救援。目前，已营救疏散转移群众120名。@四川消防  http://t.cn/Aijsgvn1,11,3,6,1564489320000
,譚景榮,【“我熟悉，我先上！” 他抱着小女孩与泥石流擦肩而过】25日，云南昌宁县发生泥石流，一家四口被困。民警到达现场后，受困群众通讯中断情况不明。民警谢卫华说：这条路我熟悉，我先上！10分钟后，当他带着被困群众刚走出危险区，泥石流在他们身后一泻而下。@人民网云南频道 人民网云南频道的微博视频 ,0,0,0,1564489200000
,-胡适之-,【“我熟悉，我先上！” 他抱着小女孩与泥石流擦肩而过】25日，云南昌宁县发生泥石流，一家四口被困。民警到达现场后，受困群众通讯中断情况不明。民警谢卫华说：这条路我熟悉，我先上！10分钟后，当他带着被困群众刚走出危险区，泥石流在他们身后一泻而下。@人民网云南频道 人民网云南频道的微博视频 ,0,0,0,1564489140000
,新华视点,:【暴雨灾害致四川凉山州甘洛县7人失联】记者从四川省应急管理厅获悉，截至30日9时，经初步核实，暴雨灾害共造成凉山州甘洛县7人失联。　　7月28日至29日，凉山州甘洛县大部地区出现大雨和暴雨，局地大暴雨天气过程。强降雨天气诱发山洪、泥石流，多地遭受大面积暴雨灾害。30日0时50分，凉山州防汛办向四川省防汛抗旱指挥部报告，强降雨致甘洛县6人失联。9时，经初步核实，甘洛县新确定1名失联人员。经确认，失联人员为甘洛县境内成昆铁路复线特克隧道3号横洞和特克隧道1号正洞施工人员6人，凉红电站1人。　　灾害发生后，四川省应急管理厅迅速启动应急预案，第一时间视频连线四川省消防救援总队、凉山州应急管理局和甘洛县应急管理局，会商研判灾情，指导调派救援力量，开展抢险救援工作。同时派出前方工作组，由副厅长毛德忠带队赶赴现场指导抢险救援工作。　　目前，甘洛消防大队、中铁十八局、甘洛县民兵队伍等救援队伍已前往现场进行救援，灾情仍在进一步核查中。（记者张海磊）,41,9,20,1564488960000
6363631269,西双版纳交警,【“我熟悉，我先上！” 他抱着小女孩与泥石流擦肩而过】25日，云南昌宁县发生泥石流，一家四口被困。民警到达现场后，受困群众通讯中断情况不明。民警谢卫华说：这条路我熟悉，我先上！10分钟后，当他带着被困群众刚走出危险区，泥石流在他们身后一泻而下。@人民网云南频道 人民网云南频道的微博视频 ,0,0,0,1564488900000
,国家应急广播,:【近期强降雨致云南14人死亡3人失踪】记者从云南省减灾委办公室了解到，受近期强降雨影响，云南多地发生洪涝、山体崩塌、滑坡、泥石流等自然灾害。据统计，截至7月30日12时，多起灾害共造成云南红河、怒江、临沧、昭通、丽江、曲靖、保山、迪庆8州（市）3.5万人受灾，14人死亡，3人失踪，167人紧急转移安置；1467.3公顷农作物受灾，其中绝收234.7公顷；倒塌房屋40间，严重损坏14间，一般损坏133间。http://t.cn/AijsBtMY via新华社,2,2,0,1564488840000
1805685102,老黑皮哥,转发提醒！看到山上有碎石掉落，务必第一时间逃离-人民日报的秒拍视频 人民日报的秒拍视频 ,0,0,0,1564488840000
,余年年有鱼呀,【“我熟悉，我先上！” 他抱着小女孩与泥石流擦肩而过】25日，云南昌宁县发生泥石流，一家四口被困。民警到达现场后，受困群众通讯中断情况不明。民警谢卫华说：这条路我熟悉，我先上！10分钟后，当他带着被困群众刚走出危险区，泥石流在他们身后一泻而下。@人民网云南频道 人民网云南频道的微博视频 ,0,0,0,1564488780000
5178570128,古镇珠山发布,:【“我熟悉，我先上！” 他抱着小女孩与泥石流擦肩而过】25日，云南昌宁县发生泥石流，一家四口被困。民警到达现场后，受困群众通讯中断情况不明。民警谢卫华说：这条路我熟悉，我先上！10分钟后，当他带着被困群众刚走出危险区，泥石流在他们身后一泻而下。 人民网云南频道的微博视频 ,0,0,0,1564488780000
5599845517,候岸无人,【“我熟悉，我先上！” 他抱着小女孩与泥石流擦肩而过】25日，云南昌宁县发生泥石流，一家四口被困。民警到达现场后，受困群众通讯中断情况不明。民警谢卫华说：这条路我熟悉，我先上！10分钟后，当他带着被困群众刚走出危险区，泥石流在他们身后一泻而下。@人民网云南频道 人民网云南频道的微博视频 ,0,0,0,1564488720000
5917761052,朔州网警巡查执法,:【#凉山甘洛暴雨#：泥石流倾泻落石满地 上百人获救7人失联】7月28日，四川凉山州甘洛县强降雨致部分区域发生山洪、泥石流等，交通、通讯、电力中断。7名人员失联，其中6人为成昆铁路复线施工人员。失联人员女儿透露，自己父母均在当地一涵洞施工。 其母亲平安父亲失联，母亲告诉她父亲当时被洪水冲走。http://t.cn/AijsWDI5,0,0,0,1564488660000
3537004314,梦到微笑呵,:风雨采访路　　2019年7月21日，因强降雨，马边三河口乡涉水坝村、月儿坝村，梅子坝乡瓦侯库村等地受灾严重。22日，县委书记郭正强前去视察调研，指挥防汛减灾工作。夏平和邓忠平作为记者奉命跟随采访。　　县城到三河口有60公里左右，来回120公里多。一路上时不时暴雨倾盆，路上积厚水，被飞奔的车轮碾压四溅的水花煞是好看，发出哗哗哗的有节奏的声响。进入沙腔乡境内，暴雨更大，两岸的山势陡峭高耸，云雾笼罩。小车奔驰在山脚下的公路上，时不时发现公路上方飞沙走石，令人毛骨悚然，感觉危险在逼近。有经验的驾驶员杨海随时提高警惕，注意观察上面。每每遇到沙石掉落，他便立即停车观察，待不落了，才又加大油门冲过去。就在沙腔乡境内公路上，2016年3月8日，七名扶贫干部因遭遇塌方而献出宝贵的生命。当天郭正强冒雨指挥现场救援，也是杨海开车载夏平和万强去采访的。2018年夏天，当地半皮山半皮山的垮塌，弄的地动山摇，尘土飞扬，公路瞬间无踪影，泥石一时塞满河道，阻断河流。今天路过这里，遇到目前的险情，回想起“三八”事件，回想起去年的山崩，我就更加胆战心惊，感到不确定因素陡然增加，上方的山体随时都有可能崩塌似的，便立马给家人发了条告之去向的短信。在去涉水坝的路上，浑浊的山溪水轰轰轰地漫过漫水桥。小车冲过去，四轮都被淹没，感觉惊险又有趣，车轮被冲洗得干干净净。去月儿坝村的路上，泥石流阻断了交通，只好下车冒雨步行。脚踩黄色的稀泥，须格外小心，稍一走神，就有可能摔倒，弄得满身黄泥。由于我年纪到57岁，精力大不如从前，加上路途颠簸比较远，心情又比较紧张，去两个乡完成跟随拍摄、记录的采访任务，晚上回到家已经精疲力尽。头有些昏，双耳嗡嗡嗡地鸣叫，整个身体不想动了。打算明天才做稿件，今晚好生休息一下。可用了晚餐后，想到灾区群众面对灾情，奋起抗灾自救的感人场面；想到头发花白，岁数奔六的县委书记，不顾路途远，将个人的生命安危置之度外，奔赴灾区慰问灾民，指挥抢险救灾的情景，我便认识到自己苦点累点算什么，身体固然重要，可责任和使命更重要。于是我在稍微休息一下后，当晚便赶到办公室打开电脑，赶做当天抗灾救灾的新闻。夏平,0,0,0,1564488540000
6089346904,用户6089346904,【“我熟悉，我先上！” 他抱着小女孩与泥石流擦肩而过】25日，云南昌宁县发生泥石流，一家四口被困。民警到达现场后，受困群众通讯中断情况不明。民警谢卫华说：这条路我熟悉，我先上！10分钟后，当他带着被困群众刚走出危险区，泥石流在他们身后一泻而下。@人民网云南频道 人民网云南频道的微博视频 ,0,0,0,1564488540000
6332948109,左右不分,【“我熟悉，我先上！” 他抱着小女孩与泥石流擦肩而过】25日，云南昌宁县发生泥石流，一家四口被困。民警到达现场后，受困群众通讯中断情况不明。民警谢卫华说：这条路我熟悉，我先上！10分钟后，当他带着被困群众刚走出危险区，泥石流在他们身后一泻而下。@人民网云南频道 人民网云南频道的微博视频 ,0,0,0,1564488480000
5827448602,思想人生39316,【“我熟悉，我先上！” 他抱着小女孩与泥石流擦肩而过】25日，云南昌宁县发生泥石流，一家四口被困。民警到达现场后，受困群众通讯中断情况不明。民警谢卫华说：这条路我熟悉，我先上！10分钟后，当他带着被困群众刚走出危险区，泥石流在他们身后一泻而下。@人民网云南频道 人民网云南频道的微博视频 ,0,0,0,1564488480000
5935686950,崇左反邪,:【遭遇山体滑坡时该如何逃生】7月23日晚间，贵州六盘水水城县鸡场镇发生山体滑坡事故，#贵州山体滑坡遇难人员升至38人# ,5,1,0,1564488480000
2639086122,埃辛爵镜_eye,:#婚前同居#之前有一套房子转租出去，今天房子到期过去交接钥匙，顺便把房子打扫完交房，感觉有些事情经历过才理解到必要性。  租房的明明是一对情侣，男生打扮的也很得体，但是厨房洗碗池里面的厨余已经生蛆……比如只住了两个月，沙发上大片的油渍我完全无法清理，请问你俩是在沙发上煮红油火锅还洒了是吗……比如卧室清理出来话梅，瓜子和鸡骨头，明明有餐桌，你们是在卧室开茶话会？比如卫生间马桶后面仿佛经历了一场泥石流，厚厚的一层灰尘加上不能看的纸巾我刷都刷不掉……  感觉自己仿佛进了一个微生物乐园，一边应付不知道从哪里爬出来的虫子，一边尖叫着清理加自我怀疑，我真的灵魂发问，这样怎么生活在一起的，不对，这样都能在一起，是真爱吧？？？ 论邋遢，我输的心服口服，结果打扫完我还过敏了,0,0,5,1564488420000
6072765239,德宏同城,#德宏交通旅游广播# 【910权威发布】梁河县气象局、梁河县自然资源局2019年7月30日17时40分联合发布地质灾害气象风险Ⅲ级预警：预计未来24小时梁河有中雨天气，受持续降雨影响，全县地质灾害气象风险等级为Ⅲ级风险较高，易出现滑坡、泥石流、崩塌等地质灾害，请注意防范。 ,0,1,0,1564488360000
6448451662,专属逗逼呐,【“我熟悉，我先上！” 他抱着小女孩与泥石流擦肩而过】25日，云南昌宁县发生泥石流，一家四口被困。民警到达现场后，受困群众通讯中断情况不明。民警谢卫华说：这条路我熟悉，我先上！10分钟后，当他带着被困群众刚走出危险区，泥石流在他们身后一泻而下。@人民网云南频道 人民网云南频道的微博视频 ,0,0,0,1564488300000
,文明成都,:#微感动# 【“我熟悉，我先上！” 他抱着小女孩与泥石流擦肩而过】25日，云南昌宁县发生泥石流，一家四口被困。民警到达现场后，受困群众通讯中断情况不明。民警谢卫华说：这条路我熟悉，我先上！10分钟后，当他带着被困群众刚走出危险区，泥石流在他们身后一泻而下。@人民网云南频道 http://t.cn/Aijk2cd0 ,3,12,2,1564488240000
5042591133,臻臻_77718,【“我熟悉，我先上！” 他抱着小女孩与泥石流擦肩而过】25日，云南昌宁县发生泥石流，一家四口被困。民警到达现场后，受困群众通讯中断情况不明。民警谢卫华说：这条路我熟悉，我先上！10分钟后，当他带着被困群众刚走出危险区，泥石流在他们身后一泻而下。@人民网云南频道 人民网云南频道的微博视频 ,0,0,0,1564488180000
6413840377,秦萌旋,【“我熟悉，我先上！” 他抱着小女孩与泥石流擦肩而过】25日，云南昌宁县发生泥石流，一家四口被困。民警到达现场后，受困群众通讯中断情况不明。民警谢卫华说：这条路我熟悉，我先上！10分钟后，当他带着被困群众刚走出危险区，泥石流在他们身后一泻而下。@人民网云南频道 人民网云南频道的微博视频 ,0,0,0,1564488180000
5683161911,甜筒味的仙女,【“我熟悉，我先上！” 他抱着小女孩与泥石流擦肩而过】25日，云南昌宁县发生泥石流，一家四口被困。民警到达现场后，受困群众通讯中断情况不明。民警谢卫华说：这条路我熟悉，我先上！10分钟后，当他带着被困群众刚走出危险区，泥石流在他们身后一泻而下。@人民网云南频道 人民网云南频道的微博视频 ,0,0,0,1564488180000
,咱们微博吧,:【#凉山暴雨6人失联# 5人为成昆铁路复线施工人员】7月28日9时至29日15时，四川凉山州甘洛县降暴雨，部分区域发生山洪、泥石流等自然灾害，交通、通讯、电力中断，6名人员失联。记者从凉山州防汛办获悉，失联六人分别是成昆铁路复线5名施工人员和当地1名群众。目前，相关部门仍在组织搜救。 http://t.cn/AijkbI2X,0,0,0,1564488180000
6066141953,小莺茶町,【“我熟悉，我先上！” 他抱着小女孩与泥石流擦肩而过】25日，云南昌宁县发生泥石流，一家四口被困。民警到达现场后，受困群众通讯中断情况不明。民警谢卫华说：这条路我熟悉，我先上！10分钟后，当他带着被困群众刚走出危险区，泥石流在他们身后一泻而下。@人民网云南频道 人民网云南频道的微博视频 ,0,0,0,1564488120000
6324821275,MuearFM,:【“我熟悉，我先上！” 他抱着小女孩与泥石流擦肩而过】25日，云南昌宁县发生泥石流，一家四口被困。民警到达现场后，受困群众通讯中断情况不明。民警谢卫华说：这条路我熟悉，我先上！10分钟后，当他带着被困群众刚走出危险区，泥石流在他们身后一泻而下。@人民网云南频道 http://t.cn/Aijk2cd0  http://t.cn/Aijk2cd0,0,0,0,1564488120000
3835962571,zbpizi,【“我熟悉，我先上！” 他抱着小女孩与泥石流擦肩而过】25日，云南昌宁县发生泥石流，一家四口被困。民警到达现场后，受困群众通讯中断情况不明。民警谢卫华说：这条路我熟悉，我先上！10分钟后，当他带着被困群众刚走出危险区，泥石流在他们身后一泻而下。@人民网云南频道 人民网云南频道的微博视频 ,0,0,0,1564488120000
2118599917,老男人one1,【“我熟悉，我先上！” 他抱着小女孩与泥石流擦肩而过】25日，云南昌宁县发生泥石流，一家四口被困。民警到达现场后，受困群众通讯中断情况不明。民警谢卫华说：这条路我熟悉，我先上！10分钟后，当他带着被困群众刚走出危险区，泥石流在他们身后一泻而下。@人民网云南频道 人民网云南频道的微博视频 ,0,0,0,1564488060000
1276158711,居安子,转发提醒！看到山上有碎石掉落，务必第一时间逃离-人民日报的秒拍视频 人民日报的秒拍视频 ,0,0,0,1564488000000
,人民网,:【“我熟悉，我先上！” 他抱着小女孩与泥石流擦肩而过】25日，云南昌宁县发生泥石流，一家四口被困。民警到达现场后，受困群众通讯中断情况不明。民警谢卫华说：这条路我熟悉，我先上！10分钟后，当他带着被困群众刚走出危险区，泥石流在他们身后一泻而下。@人民网云南频道 人民网云南频道的微博视频 ,652,65,55,1564488000000
,重庆天气,:【强对流天气警报】市气象台7月30日19时56分发布强对流天气警报，未来0-2小时内巫山将出现短时强降水和雷电，请注意防范强降水可能诱发的山体滑坡、泥石流、中小河流洪水、山洪、城乡积涝等次生灾害，以及雷电可能造成的灾害。 ,5,0,0,1564488000000
,辽宁日报,:【今年我省新增42处地灾专业监测点】 8月份我省将进入主汛期，也是我省地质灾害高发期。据有关部门评估预测，今年全省地质灾害总体趋势接近常年，局部地区如大连、本溪、丹东和营口等地质灾害发生数量、危害程度和造成的直接经济损失较去年可能会有所增加。全省主要地质灾害类型仍为滑坡、泥石流、崩塌。根据最新统计，目前，全省有地质灾害隐患点2979个。为确保全省安全度汛和群众生命财产安全，日前，省政府下发《辽宁省地质灾害防治方案》，对今年地质灾害防治工作作出部署和要求。省政府要求，汛期期间各级自然资源部门实行24小时值班，各市、县（区）在汛期必须开展“三查”（即汛前排查、汛中巡查、汛后核查）工作，并针对本区域的地质灾害情况，逐级开展本区域内地质灾害气象风险预警工作，形成省、市、县三级地质灾害气象风险预警体系，不断提升地质灾害气象风险预警结果的精确度。方案强调，县级自然资源主管部门接到当地出现特大型、大型地质灾害险情、灾情报告后，应速报县级人民政府和市级人民政府自然资源主管部门，同时可越级速报省级和国家级自然资源主管部门。省级自然资源主管部门接到特大型、大型灾害险情、灾情报告后，应速报省政府和自然资源部，同时抄送省应急管理厅，最迟不得超过1小时。今年，我省将继续开展8个县（市）1∶50000地质灾害详查工作，确实掌握地质灾害风险隐患底数，保证全省地质灾害基础资料的不断更新，并计划开展6项地质灾害治理和1项搬迁避让工程。同时，在完善维护56处重要地质灾害隐患监测点的基础上，新增42处专业监测点，逐渐形成群专结合的地质灾害监测体系。同时，还要进一步加大关键技术支持，实现地质灾害防治技术装备现代化，充分利用无人机航拍、三维激光扫描仪等先进技术和手段，对地质灾害高易发区和重大地质灾害隐患点进行扫描，建立三维数字模型，分析判断其发展趋势，做到准确预警，确保人民群众生命财产安全。,0,2,0,1564488000000
3347027284,TSTV直播天水,:【强降雨导致四川凉山甘洛县6人失联 2500人因灾转移】  　新华社成都7月30日电（记者张海磊）记者从四川省防汛抗旱指挥部了解到，30日凉山州防汛办上报，28日至29日的强降雨造成凉山州甘洛县6人失联。　　据了解，7月28日9时至29日15时，甘洛县降暴雨，平均降雨量55毫米，最大降雨量达109.1毫米。强降雨致甘洛县部分区域发生山洪、泥石流等自然灾害，交通、通讯、电力中断。　　目前初步获悉，失联的6人分别是成昆铁路复线5名施工人员和当地1名群众。　　灾害发生后，当地迅速启动应急预案，全力搜救失联人员。详细受灾情况，仍在进一步核实统计中。　　此外，截至29日15时，27日以来的强降雨天气过程已致四川2.4万人受灾，2500人因灾转移。（消息来源：新华网）,0,1,0,1564488000000
,丝塔芙Cetaphil,:很多油皮小仙女都会为夏天肌肤出油烦恼不已，T区油到能炒菜，底妆化成泥石流……恨不能随时拿起大皂基洁面咔咔洗脸？错！过度清洁，只会迎来越洗越油的“噩运”，调整水油平衡才是重点！小芙家的净颜控油泡沫洁面乳就是懂得调控油脂的油皮救星，温和清洁、长效控油，长期使用还能改善黑头，想了解一下吗？点击图片查看！,3,12,11,1564488000000
6134140263,龙行天下工作室,:【#凉山甘洛暴雨#：泥石流倾泻落石满地 上百人获救7人失联】7月28日，四川凉山州甘洛县强降雨致部分区域发生山洪、泥石流等，交通、通讯、电力中断。7名人员失联，其中6人为成昆铁路复线施工人员。失联人员女儿透露，自己父母均在当地一涵洞施工。 其母亲平安父亲失联，母亲告诉她父亲当时被洪水冲走。http://t.cn/AijsWDI5 http://t.cn/R2WxSeZ,0,0,0,1564487760000
5235187312,Ormosia_cc,#王一博[超话]# wyb#王一博植村秀全球品牌大使# 今天真的人多到我都惊了,0,0,0,1564487580000
5926403274,恩施网警巡查执法,:【暖爆！灾区中的最帅“公主抱”】7月25日，保山市昌宁县山区路段发生泥石流，一辆载有全家四口的皮卡车被困其中，@昌宁警方 迅速赶往救援，民警谢卫华自告奋勇，冒着滚落的石块，只身寻找被困车辆。10分钟后，在所有人的焦急等待中，谢卫华抱着小女孩，带着另外3名被困群众出现了！这个帅气的“公主抱”也被深深定格…… 身边暖警超话http://t.cn/AijDmtiX,0,0,0,1564487580000
1652870651,老闷儿,:路是躺下的碑   碑是竖起的路    乔尔玛烈士陵园躺着168位为修建独库公路牺牲的战士。    穿越独库公路、欣赏沿途美景不忘拜谒为修筑美景而牺牲的战士。在长达9年的公路建设中，有上百名解放军战士因塌方、雪崩、泥石流等原因而长眠于乔尔玛烈士陵园，也有上千人因路致残。因此，这是一条贯穿天山的英雄之路。        在当时的技术设备条件下，修筑这样的公路基本靠人力。解放军战士为响应“要把天山搞活”的号召，不怕牺牲，艰苦奋斗，硬是用生命使天堑变通途。    吃水不忘挖井人，向英雄战士致敬。 http://t.cn/R2WxkHP,5,0,3,1564487580000
2731318691,卡中的神,:#最炫国民风# 1981年，一场泥石流，中国铁路史上发生了最大的交通事故，造成275人死亡. ,0,0,0,1564487580000
6025816119,今天吃鸡蛋饼了,:五粮液金巧? or泥石流,2,0,4,1564487280000
,晓宏哥,:红星新闻发布时间：07-3016:06成都商报社↑救援现场连日来，四川多地出现暴雨天气。7月28日至7月29日的强降雨，目前已致四川省凉山州甘洛县7人失联。7月30日下午，红星新闻记者从凉山州消防救援支队获悉，7月29日11时许，甘洛县大队接到报警：甘洛县阿兹觉乡、新市坝镇部分区域发生山洪和泥石流，造成部分道路阻断和成昆复线工程中铁十八局施工人员被困、失联。接警后，甘洛县消防救援大队迅速出动14名消防指战员携带通讯、救援装备，徒步前往事故现场开展救援。↑救援现场18时43分，救援人员在行进途中成功营救2名遇险群众，并转移至安全区域，消防救援人员继续前往灾害现场。7月29日晚20时35分，甘洛县消防大队救援人员在途经苏雄2-3号隧道时，发现隧道内有中铁十八局施工人员及家属被困，救援人员随即展开营救，并成功将隧道内118名被困人员营救转移至安全区域。7月30日12时16分，消防救援人员乘坐火车前往人员失联区域进行搜救。据红星新闻记者了解，7名失联人员中，1人为当地群众，其余6人为成昆铁路复线施工人员。目前，四川省消防救援总队已启动跨区域增援作战预案，调派雅安、乐山消防救援力量共计4车28人携带救援装备器材赶赴事故现场，凉山州西昌市、冕宁县、越西县消防救援力量已做好随时增援准备。7月30日下午，红星新闻记者联系上当地村干部，据他介绍，从29日上午开始，失联人员的电话就打不通，他们也参与到搜救中，当地道路垮方太严重了，每隔十米左右都一处塌方，人员根本进不去，离失联人员距离的地方大约有几百米，目前挖掘机正在抢通道路。曹尚 巫明杰 红星新闻记者江龙 摄影报道编辑 陈艳妮,1,0,0,1564487280000
,新华视点,:【近期强降雨致云南14人死亡3人失踪】记者从云南省减灾委办公室了解到，受近期强降雨影响，云南多地发生洪涝、山体崩塌、滑坡、泥石流等自然灾害，截至7月30日12时，灾害已导致全省3.5万人受灾，因灾死亡14人，3人失踪。　　7月25日以来，云南省多地出现中到大雨局部暴雨、大暴雨天气，引发洪涝、山体崩塌、滑坡、泥石流等自然灾害。其中，临沧市镇康县木场乡勐撒村一条公路7月26日发生山体滑坡，导致一辆驶过的皮卡车上4人死亡；昭通永善县黄华镇黄华社区龙冲河小组7月27日发生滑坡，导致3人死亡。　　据统计，截至7月30日12时，多起灾害共造成云南红河、怒江、临沧、昭通、丽江、曲靖、保山、迪庆8州（市）3.5万人受灾，14人死亡，3人失踪，167人紧急转移安置；1467.3公顷农作物受灾，其中绝收234.7公顷；倒塌房屋40间，严重损坏14间，一般损坏133间。　　灾害发生后，云南省相关部门立即启动应急响应，派出工作组赶赴灾区，协助指导做好失踪人员搜救、遇难人员善后、转移安置群众生活安排等工作。目前，省级已向受灾地区调拨一批帐篷等救灾物资，用于保障转移避险群众安置。       云南省人民政府办公厅已下发防汛减灾工作相关紧急通知，要求各地及相关部门进一步强化监测预报预警，突出抓好水库安全和调度运行，强化山洪地质灾害防御，进一步强化城市防洪排涝，抓好安全生产工作，强化部门协调配合，做好值班值守和消息客观及时发布。（记者林碧锋）,39,7,8,1564487220000
6523479915,两百分开心,:#木子洋粉丝恐惧症调查#来凑热闹，海啸地震泥石流太恐怖了 ,1,0,2,1564487160000
6063043196,大姨夫和你说天气,:#泥石流#云南德钦:突发泥石流，官兵紧急排险 大姨夫和你说天气的微博视频 ,1,0,0,1564487040000
5816714999,海阔天空老窝---885,【航拍#甘肃甘南泥石流#：10户房屋完全冲毁】7月29日，甘肃甘南迭部县达拉乡次哇村强降雨致暴雨泥石流，10户房屋完全冲毁，14户房屋不同程度受损。当地消防、应急等部门到场救援，截至至7月30日12时，事故已致2人死亡、2人失联，搜救工作还在进行中。新京报我们视频的秒拍视频 ,0,0,0,1564486980000
1964493261,你的紫霞Supergirl,#李现[超话]#“现男友”果然是直播界的一股“泥石流”！先嘘寒问暖的“老男人”太过真实了！古有王一博直播尬聊拖时间，今有李现冷漠解说NBA！真香！ 综艺每日精选的秒拍视频 ,0,0,0,1564486980000
1768646465,沈萌萌的四月天,蓝启仁：云深不知处 禁止蹦迪！！！！！我不听我不听，给我死劲蹦哈哈哈哈哈哈哈哈哈哈哈哈哈哈哈哈哈哈哈哈哈哈哈哈哈哈哈哈哈哈#陈情令# 腐剧追不停的微博视频 ,0,0,0,1564486860000
5213145259,一杯抹茶菩提,#王一博[超话]# wyb#王一博植村秀全球品牌大使# 今天真的人多到我都惊了,0,1,0,1564486740000
6072765290,迪庆同城,:迪庆州路况信息：7月30日，星期二，天气：中到大雨，全州气温10到29摄氏度。国道214线香格里拉市虎跳峡镇红旗村至俄迪村民小组一带道路，连续长下坡，弯多，车流量大，雨天道路湿滑，减速慢行，各行其道，严禁超速行驶；香格里拉市旅游东环线、香格里拉至格咱乡路段弯多坡陡，减速慢行；国道214线白马雪山路段道路弯多坡陡，注意行车安全；白马雪山隧道很长，严禁超车、超速行驶，雨天路滑，谨慎驾驶，依次通行；德钦至维西二级公路下雨天气落石多，注意行车安全；香格里拉国道G215尼塔路K2934+100米处塔方，经过抢修，已恢复通行。近期，迪庆境内出现强降雨天气，导致多处山区道路发生塌方、落石、泥石流等自然灾害，部分路段云雾多，道路湿滑，出行车辆驾驶人要谨慎驾驶，减速慢行，细节关乎生命，安全文明出行。（迪庆交警支队）！！！,0,0,0,1564486680000
6072765290,迪庆同城,:迪庆州路况信息：7月30日，星期二，天气：中到大雨，全州气温10到29摄氏度。国道214线香格里拉市虎跳峡镇红旗村至俄迪村民小组一带道路，连续长下坡，弯多，车流量大，雨天道路湿滑，减速慢行，各行其道，严禁超速行驶；香格里拉市旅游东环线、香格里拉至格咱乡路段弯多坡陡，减速慢行；国道214线白马雪山路段道路弯多坡陡，注意行车安全；白马雪山隧道很长，严禁超车、超速行驶，雨天路滑，谨慎驾驶，依次通行；德钦至维西二级公路下雨天气落石多，注意行车安全；香格里拉国道G215尼塔路K2934+100米处塔方，经过抢修，已恢复通行。近期，迪庆境内出现强降雨天气，导致多处山区道路发生塌方、落石、泥石流等自然灾害，部分路段云雾多，道路湿滑，出行车辆驾驶人要谨慎驾驶，减速慢行，细节关乎生命，安全文明出行。（迪庆交警支队）！！！！~！！！,0,0,0,1564486680000
6072765290,迪庆同城,:迪庆州路况信息：7月30日，星期二，天气：中到大雨，全州气温10到29摄氏度。国道214线香格里拉市虎跳峡镇红旗村至俄迪村民小组一带道路，连续长下坡，弯多，车流量大，雨天道路湿滑，减速慢行，各行其道，严禁超速行驶；香格里拉市旅游东环线、香格里拉至格咱乡路段弯多坡陡，减速慢行；国道214线白马雪山路段道路弯多坡陡，注意行车安全；白马雪山隧道很长，严禁超车、超速行驶，雨天路滑，谨慎驾驶，依次通行；德钦至维西二级公路下雨天气落石多，注意行车安全；香格里拉国道G215尼塔路K2934+100米处塔方，经过抢修，已恢复通行。近期，迪庆境内出现强降雨天气，导致多处山区道路发生塌方、落石、泥石流等自然灾害，部分路段云雾多，道路湿滑，出行车辆驾驶人要谨慎驾驶，减速慢行，细节关乎生命，安全文明出行,0,0,0,1564486680000
6072765290,迪庆同城,:迪庆州路况信息：7月30日，星期二，天气：中到大雨，全州气温10到29摄氏度。国道214线香格里拉市虎跳峡镇红旗村至俄迪村民小组一带道路，连续长下坡，弯多，车流量大，雨天道路湿滑，减速慢行，各行其道，严禁超速行驶；香格里拉市旅游东环线、香格里拉至格咱乡路段弯多坡陡，减速慢行；国道214线白马雪山路段道路弯多坡陡，注意行车安全；白马雪山隧道很长，严禁超车、超速行驶，雨天路滑，谨慎驾驶，依次通行；德钦至维西二级公路下雨天气落石多，注意行车安全；香格里拉国道G215尼塔路K2934+100米处塔方，经过抢修，已恢复通行。近期，迪庆境内出现强降雨天气，导致多处山区道路发生塌方、落石、泥石流等自然灾害，部分路段云雾多，道路湿滑，出行车辆驾驶人要谨慎驾驶，减速慢行，细节关乎生命，安全文明出行。（迪庆交警支队）！！！！！！,0,0,0,1564486680000
1676210513,人造地球新闻眼,:【#凉山甘洛暴雨#：泥石流倾泻落石满地 上百人获救7人失联】7月28日，四川凉山州甘洛县强降雨致部分区域发生山洪、泥石流等，交通、通讯、电力中断。7名人员失联，其中6人为成昆铁路复线施工人员。失联人员女儿透露，自己父母均在当地一涵洞施工。 其母亲平安父亲失联，母亲告诉她父亲当时被洪水冲走。http://t.cn/AijsWDI5,0,0,0,1564486620000
1895694994,一字马美少女,:刘昊然吴磊你们是采访界的泥石流啊，太搞笑了#搞笑# #搞笑##搞笑视频# 一字马美少女的微博视频 ,24,5,3,1564486560000
6072765290,迪庆同城,:迪庆州路况信息：7月30日，星期二，天气：中到大雨，全州气温10到29摄氏度。国道214线香格里拉市虎跳峡镇红旗村至俄迪村民小组一带道路，连续长下坡，弯多，车流量大，雨天道路湿滑，减速慢行，各行其道，严禁超速行驶；香格里拉市旅游东环线、香格里拉至格咱乡路段弯多坡陡，减速慢行；国道214线白马雪山路段道路弯多坡陡，注意行车安全；白马雪山隧道很长，严禁超车、超速行驶，雨天路滑，谨慎驾驶，依次通行；德钦至维西二级公路下雨天气落石多，注意行车安全；香格里拉国道G215尼塔路K2934+100米处塔方，经过抢修，已恢复通行。近期，迪庆境内出现强降雨天气，导致多处山区道路发生塌方、落石、泥石流等自然灾害，部分路段云雾多，道路湿滑，出行车辆驾驶人要谨慎驾驶，减速慢行，细节关乎生命，安全文明出行。（迪庆交警支队）！！！,0,0,0,1564486500000
6072765290,迪庆同城,:迪庆州路况信息：7月30日，星期二，天气：中到大雨，全州气温10到29摄氏度。国道214线香格里拉市虎跳峡镇红旗村至俄迪村民小组一带道路，连续长下坡，弯多，车流量大，雨天道路湿滑，减速慢行，各行其道，严禁超速行驶；香格里拉市旅游东环线、香格里拉至格咱乡路段弯多坡陡，减速慢行；国道214线白马雪山路段道路弯多坡陡，注意行车安全；白马雪山隧道很长，严禁超车、超速行驶，雨天路滑，谨慎驾驶，依次通行；德钦至维西二级公路下雨天气落石多，注意行车安全；香格里拉国道G215尼塔路K2934+100米处塔方，经过抢修，已恢复通行。近期，迪庆境内出现强降雨天气，导致多处山区道路发生塌方、落石、泥石流等自然灾害，部分路段云雾多，道路湿滑，出行车辆驾驶人要谨慎驾驶，减速慢行，细节关乎生命，安全文明出行。（迪庆交警支队）！,0,0,0,1564486500000
6072765290,迪庆同城,:迪庆州路况信息：7月30日，星期二，天气：中到大雨，全州气温10到29摄氏度。国道214线香格里拉市虎跳峡镇红旗村至俄迪村民小组一带道路，连续长下坡，弯多，车流量大，雨天道路湿滑，减速慢行，各行其道，严禁超速行驶；香格里拉市旅游东环线、香格里拉至格咱乡路段弯多坡陡，减速慢行；国道214线白马雪山路段道路弯多坡陡，注意行车安全；白马雪山隧道很长，严禁超车、超速行驶，雨天路滑，谨慎驾驶，依次通行；德钦至维西二级公路下雨天气落石多，注意行车安全；香格里拉国道G215尼塔路K2934+100米处塔方，经过抢修，已恢复通行。近期，迪庆境内出现强降雨天气，导致多处山区道路发生塌方、落石、泥石流等自然灾害，部分路段云雾多，道路湿滑，出行车辆驾驶人要谨慎驾驶，减速慢行，细节关乎生命，安全文明出行。（迪庆交警支队）！！！,0,0,0,1564486500000
3243757400,安徽商贸学院警务室,:【#凉山甘洛暴雨#：泥石流倾泻落石满地 上百人获救7人失联】7月28日，四川凉山州甘洛县强降雨致部分区域发生山洪、泥石流等，交通、通讯、电力中断。7名人员失联，其中6人为成昆铁路复线施工人员。失联人员女儿透露，自己父母均在当地一涵洞施工。 其母亲平安父亲失联，母亲告诉她父亲当时被洪水冲走。http://t.cn/AijsWDI5,0,0,0,1564486440000
6098794784,季玥,#小栗旬挥手届的泥石流# 哈哈哈哈哈哈哈小栗旬的挥手从来不让人失望 ,0,0,0,1564486200000
2056232345,鱼眼的天空,【#四川甘洛突发泥石流#，消防头顶飞石转移120人，仍有7人失联🙏】7月29日，四川甘洛县部分区域突发山洪和泥石流，消防赶往现场救援。道路损毁严重，他们在泥地艰难行走，头顶不时有碎石滚落下来，非常危险。最终，他们成功转移120名被困群众，但目前仍有7人失联。愿平安！🙏 一手Video的秒拍视频 ,0,0,0,1564486200000
1372979095,高筱祺,【#四川甘洛突发泥石流#，消防头顶飞石转移120人，仍有7人失联🙏】7月29日，四川甘洛县部分区域突发山洪和泥石流，消防赶往现场救援。道路损毁严重，他们在泥地艰难行走，头顶不时有碎石滚落下来，非常危险。最终，他们成功转移120名被困群众，但目前仍有7人失联。愿平安！🙏 一手Video的秒拍视频 ,0,0,0,1564486140000
6509856562,江州区fxj,:【遭遇山体滑坡时该如何逃生】7月23日晚间，贵州六盘水水城县鸡场镇发生山体滑坡事故，#贵州山体滑坡遇难人员升至38人# ,0,0,0,1564486080000
5372523601,道法自然3586,转发提醒！看到山上有碎石掉落，务必第一时间逃离-人民日报的秒拍视频 人民日报的秒拍视频 ,0,0,0,1564485900000
3946307527,栖凤山D,这种地区，一个敢批，一个敢建，一个敢买，一家敢住！  我特么笑死了的微博视频 ,0,0,0,1564485720000
5943595658,一手Video,:【#四川甘洛突发泥石流#，消防头顶飞石转移120人，仍有7人失联🙏】7月29日，四川甘洛县部分区域突发山洪和泥石流，消防赶往现场救援。道路损毁严重，他们在泥地艰难行走，头顶不时有碎石滚落下来，非常危险。最终，他们成功转移120名被困群众，但目前仍有7人失联。愿平安！🙏 一手Video的秒拍视频 ,15,3,3,1564485600000
1956533033,Linda11月,:一路长途跋涉，身体已经适应了。我们很幸运的躲过了泥石流和大雨 黑河 ,0,0,0,1564485540000
6299481973,啊义1999,:天气预报:31日-8月1日，粤西、珠江三角洲、粤东沿海市县有大到暴雨局部大暴雨，其中深圳、珠海、江门、中山、阳江、茂名、湛江有暴雨到大暴雨，其余市县有中到大雨局部暴雨。最高气温：粤北市县32℃～34℃，其余市县30℃～32℃。8月2日，粤西和珠江三角洲有大雨局部暴雨，其余市县有中（雷）雨、局部暴雨。最高气温：30℃～32℃。但是，降雨影响时间可能较长，要特别注意引发的城乡积涝、山洪、泥石流、山体滑坡等灾害，提前防御。未来三天广东海面及粤西沿海、琼州海峡、北部湾、南海中北部海面风力逐渐加大到7级～9级。,1,0,0,1564485540000
,嘉陵检察,:【暖爆！灾区中的最帅“公主抱”】近日，云南保山市山区路段发生泥石流，一辆载有全家四口的皮卡车被困其中，@昌宁警方 迅速赶往救援，民警谢卫华自告奋勇，冒着滚落的石块，只身寻找被困车辆。10分钟后，在所有人的焦急等待中，谢卫华以帅气的公主抱救出了小女孩。安哥：只要人民需要，危险在所不辞。http://t.cn/AijDmtiX http://t.cn/R4o3mE2,0,0,0,1564485480000
,海口公安,:【暖爆！灾区中的最帅“公主抱”】7月25日，保山市昌宁县山区路段发生泥石流，一辆载有全家四口的皮卡车被困其中，@昌宁警方 迅速赶往救援，民警谢卫华自告奋勇，冒着滚落的石块，只身寻找被困车辆。10分钟后，在所有人的焦急等待中，谢卫华抱着小女孩，带着另外3名被困群众出现了！这个帅气的“公主抱”也被深深定格…… #身边暖警[超话]#  http://t.cn/AijDmtiX,3,0,1,1564485480000
6242547610,来个帅哥哥让我喜欢一下,#小栗旬挥手届的泥石流# 哈哈哈哈哈哈哈小栗旬的挥手从来不让人失望 ,0,0,0,1564485480000
5658026095,乌鲁木齐网警巡查执法,:【暖爆！灾区中的最帅“公主抱”】近日，云南保山市山区路段发生泥石流，一辆载有全家四口的皮卡车被困其中，@昌宁警方 迅速赶往救援，民警谢卫华自告奋勇，冒着滚落的石块，只身寻找被困车辆。10分钟后，在所有人的焦急等待中，谢卫华以帅气的公主抱救出了小女孩。安哥：只要人民需要，危险在所不辞。http://t.cn/AijDmtiX,0,0,0,1564485240000
3718877307,淮阴区社区矫正中心,:#淮矫微播报#【暖爆！灾区中的最帅“公主抱”】近日，云南保山市山区路段发生泥石流，一辆载有全家四口的皮卡车被困其中，@昌宁警方 迅速赶往救援，民警谢卫华自告奋勇，冒着滚落的石块，只身寻找被困车辆。10分钟后，在所有人的焦急等待中，谢卫华以帅气的公主抱救出了小女孩。安哥：只要人民需要，危险在所不辞。 http://t.cn/AijDmtiX,0,0,0,1564485240000
2136383201,你的7宝阿,:男朋友就是减肥路上的泥石流给我点外卖点双人份的是宠爱也是赘肉,0,0,0,1564484940000
5905679595,潺溪悠清,:[沙湾]塔城地区气象台7月30日16时发布雷电黄色预警信号:预计今天下午到夜间，塔城地区大部出现雷电、冰雹、短时大风、短时强降水等强对流天气的可能性较大，需做好局地山洪、泥石流等次生地质灾害的防范工作。该城市还有其它2条预警或提醒信息。（来自@360天气，免费下载：http://t.cn/zW8d8o3 ) http://t.cn/R2Wxe3S,0,0,0,1564484820000
6026399343,笑出腹肌的狗哥,:真是拔河界的一股泥石流,181,15,16,1564484700000
,胡庙案侦大队,#象警官提醒#【一分钟教你暴雨天气如何自救,0,0,0,1564484700000
2997829562,云南警方,:《不惧泥石流，他涉险勇救4名被困群众……》  不惧泥石流，他涉险勇救4名被困群众…… ,5,0,1,1564484700000
5226420146,天賜吉祥118,转发提醒！看到山上有碎石掉落，务必第一时间逃离-人民日报的秒拍视频 人民日报的秒拍视频 ,0,0,0,1564484580000
,中国长安网,:【暖爆！灾区中的最帅“公主抱”】近日，云南保山市山区路段发生泥石流，一辆载有全家四口的皮卡车被困其中，@昌宁警方 迅速赶往救援，民警谢卫华自告奋勇，冒着滚落的石块，只身寻找被困车辆。10分钟后，在所有人的焦急等待中，谢卫华以帅气的公主抱救出了小女孩。安哥：只要人民需要，危险在所不辞。http://t.cn/AijDmtiX,123,72,23,1564484520000
,年画娃娃抱锦鲤,2019#超级红人节##红人的诞生#人气大咖盛典倒计时【6天】各路大V集结成都，超红力量蓄势待发,0,0,0,1564484400000
1998988241,胥荣东主任医师,转发提醒！看到山上有碎石掉落，务必第一时间逃离-人民日报的秒拍视频 人民日报的秒拍视频 ,1,6,0,1564484340000
3579921617,浩瀚宇宙佛缘天下yn,:[精选] 云南德钦突发泥石流！城中一大道被流动的淤泥“霸占”。查看👉👉👉http://t.cn/AijsM3Pj云南德钦突发泥石流！城中一大道被流动的淤泥“霸占”http://t.cn/AijsM3Pj ,0,0,0,1564483860000
3959220741,红河州中级法院,【航拍#甘肃甘南泥石流#：10户房屋完全冲毁】7月29日，甘肃甘南迭部县达拉乡次哇村强降雨致暴雨泥石流，10户房屋完全冲毁，14户房屋不同程度受损。当地消防、应急等部门到场救援，截至至7月30日12时，事故已致2人死亡、2人失联，搜救工作还在进行中。新京报我们视频的秒拍视频 ,0,0,0,1564483560000
,云南新闻网,:【强降雨致云南14人死亡2人失踪】中国应急管理部国家减灾中心主办的国家减灾网29日消息，7月25—27日，云南省多地出现中到大雨，局地暴雨、大暴雨天气，引发洪涝、滑坡、泥石流灾害。目前，灾害已造成3.1万人受灾，14人死亡、2人失踪，直接经济损失1400余万元。 ,1,0,0,1564483440000
3042513584,西藏网警,#交通管制# 受近日降雨天气影响，2019年7月30日15时45分，国道318线林芝市波密县境内玉普路段3890Km处发生泥石流，无人员伤亡。目前，波密县公安局交警大队已对涉事路段实行交通管制点，通行时间待定（因水流较大无法预计），公安交管部门正全力配合武警交通部门紧急展开抢通工作。请广大驾驶员朋友出行前及时关注天气变化和路况信息，合理安排出行计划，确保安全文明驾驶。 http://t.cn/Aijs4fIM,2,3,1,1564483440000
,老百姓韭研室,:贵州省黔西县发布暴雨蓝色预警，黔西县气象台2019年7月30日17时30分发布暴雨蓝色预警信号: 目前我县林泉镇降水量已达49.7毫米，预计未来12小时降雨仍将持续，请注意防范降水可能诱发的山洪、滑坡、泥石流等地质灾害 ,0,0,0,1564482840000
,路过的向往,云南迪庆最新路况信息(交警提示):       据德钦交警大队消息：  7月27日(今天)早上，德钦县升平镇从德钦中学至巨水桥路段发生泥石流，现该路段已被交通管制，各部门正在全力进行疏通工作，请需要经过该路段的车辆提前做好安排，听从现场交警指挥，道路修通前禁止车辆通行！  (迪庆交警支队  宣) http://t.cn/RmmKvOR http://t.cn/AijoY4Le,0,0,0,1564482720000
1842578804,一只远眺雪峰_Cat,:【成昆线也被......复线何时修通啊？！】国道G245线四川凉山甘洛段中断 泥石流从山上倾泻而下 国道G245线四川凉山甘洛段中断 泥石流从山上倾泻而下 ,0,0,0,1564482720000
5869964869,五星荧惑天尊,这种地区，一个敢批，一个敢建，一个敢买，一家敢住！  我特么笑死了的微博视频 ,0,0,0,1564482600000
1752227393,明道社,":崇禎三百九十二年,六月廿八,火曜日  土地庙陷地中一日,大槐镇土地庙忽陷地中,衆人皆惊,以為不祥.这土地庙虽有百年,然近年鎮人多信外神,少有再拜者,故而廢旧,今陷地中,虽有嘆息者,然無欲再建,多拜外神以求去此不祥.    有大鬼見此笑曰,吾運来矣,土地陷無制我者也.小鬼曰,外神在,何為無制.大鬼曰,外神佑他方,多拜無益,此镇皆愚夫也,唯土地佑己哉,土地亡则诸神無附,何况外神乎.二鬼遂作祟.    一日,盲者撞一男子,即道歉.男子惡語,無眼乎.二鬼見此曰,有惡语者,必有惡心.惡心即吾所居也.随附其身.此男姓山名吉,年二十五,家贫無妻,不好勞做,慕富家,感嘆伤身,常去赌坊,夢一日富.二鬼使其無運滥賭,丧盡家資.山吉欲死,度吾未尝人间之樂也,此去無歸,孤怜無依,当使人陪吾同去.遂起奸淫殺虐之心.而后,吉四处寻欲為者,于青石山見一富贵貌美女子独行,歹心驟起.伺無人,将其擊昏,拖至林中,奸淫,后殺死.山吉度,吾名山吉,居山则吉.遂往山高处行.会暴雨時至,泥石流發,吉欲逃無處,遂死其中.    山吉,居山则吉,天吉当如何.為惡则無吉.富女何罪,受此祸,富女何德,居此富.福祸寿夭,命數也.正神不拜,邪鬼生矣.",1,0,1,1564482420000
,盘龙MoreLife,:#盘龙君带你看云南# #云南暴雨# 昨天，（7月29日）云南省人民政府网站发布了《云南省人民政府办公厅关于切实做好防汛减灾工作的紧急通知》，通知指出，当前正值“七下八上”防汛关键时期，未来十天云南省多降水天气，要切实做好当前和今后一个时期，全省防汛减灾工作，确保人民群众生命财产安全。据国家减灾办官微消息，7月25—27日，云南省多地出现中到大雨，局地暴雨、大暴雨天气，引发洪涝、滑坡、泥石流灾害，造成玉米、马铃薯、烤烟等作物受灾，房屋倒损，道路塌方，河埂垮塌。截至目前统计，临沧、红河、怒江等6市（自治州）8个县（市）3.1万人受灾，14人死亡，2人失踪，100余人紧急转移安置；100余间房屋不同程度损坏；农作物受灾面积1.3千公顷，其中绝收200余公顷；直接经济损失1400余万元。#昆明一夜暴雨# #云南# #云南身边事# @昆明盘龙发布 @昆明发布 @昆宣发布 @昆明信息港 @云南零距离 （转载自：掌上春城）,0,0,0,1564482240000
3939518175,安宁区法院,:脱贫攻坚战正酣  秦皇故里扶贫忙               --安宁区人民法院第一扶贫小组驻村侧记   连着欣赏了几天的雾气缭绕、蓝天白云，终于感受到了塞上江南的水量。瓢泼大雨持续十几个小时，还来不及感受雨量的充沛，就被各组汇报的滑坡、泥石流险情牵动。六十四岁的陈老支书广播里反复喊着：“各家各户，雨大，各把各的门看好”（后来请教老支书，他说这话就是让大家多操心，各自管好自家事全村就都没问题了）。天刚一亮，我们小组的三个成员就和驻村干部一起去看路况。从村里通往山下的两条路都有多处滑坡，而村主任早就在现场安排清障工作。他说，在这里，只要下雨，这种滑坡就会有，随时要疏通，否则村民们就会被困在山上。站在山边，看着挖掘机一点一点地清理，老支书和村主任总算有时间和我们聊几句。老支书对我们带队组长高桂君说：“真的心疼你们这些女干部，你看我们龙林镇党委书记王勤同志，自从原党委书记秦彦军同志去年初突发心脏病倒在工作岗位上后，她就镇长、书记责任一肩挑，在这次精准扶贫活动里，真的比男同志们都辛苦，我本来说自己年纪大了，不管了，可是看着她为了我们脱贫工作每天到处跑，我是真的想再多尽自己的一份力。”老支书站在山边，对我说：“小许，你觉得我们店子村怎么样？苦吗？我告诉你，我们这里不能说好，但是也不差，我们这的山美、水美、天也美，村里的人都好，实在。现在党的政策这么好，我们给大家把住的条件一改善，村里再把王勤书记给大家搞的种植合作社好好搞起来，脱贫不是问题！我们村委会的水冲式厕所已经立项了，王勤书记让我抓紧盖，我们这里只会越来越好！”说完，又带我们去种植合作社实地参观，眉眼里的自豪让人不由心生感动。刚到村委会路口，看到被雨水冲出的大坑，小组成员俞朝晖同志二话不说就拿起铁锨去修整，看的老支书眉开眼笑，说：“你们这些城里来的同志都是党员吧，都这么实在，我喜欢！欢迎你们来，你们来看看我们现在农村的生活，也对我们提提意见。你们几个前两天给我们把妇联的那个家美积分超市摆好了，这两天又在统计全村133户的用水安全，小许的电脑用的好，也能给我们的年轻人教一教，我们也好快点脱贫，哈哈～”整整清了两天的路终于通了，晚上跟着老书记走访了贫困户，了解了他们最新想法后迅速召开会议，根据胡剑队长带来的最新会议精神研究讨论下一步扶贫工作方案，也更深的感受到了农村基层工作的不易。特别是在精准扶贫的政策要求下，更是要对每村每户每个人的情况都做到心中有数，才能更加行之有效的开展全国、省、市、县、镇的各项工作。来到这里，感受最多的就是村民的纯朴，即便不说话也会对我们满是善意的一直笑，或者招呼我们去家里坐坐，更有直接拿着鸡蛋土豆往我们手里塞的。当前，脱贫攻坚工作是一场输不起、等不得、没退路的硬仗。贫困面积大、贫困程度深的礼县店子村亦不例外，面对艰巨的任务，作为共产党员，深入贫困一线，了解百姓疾苦，要坚持把扶贫同扶智、扶志相结合，切实做好对贫困乡村群众的宣传、教育、培训和组织发动工作，注重培育贫困群众发展生产和务工经商的基本技能，注重激发贫困群众脱贫致富的内在活力，注重提高贫困群众的自我发展能力显得刻不容缓。亲眼见到像王勤书记这样的扶贫带头人，有陈老书记这样的一线责任人，还有这些淳朴善良的村民们，我们有信心有决心，确保精准扶贫精准脱贫方略在礼县龙林镇店子村落地生根！,0,0,0,1564482240000
6572540184,圣城要塞,【#四川甘洛突发泥石流#  消防徒步前往救援 已转移118人】连日来，四川多地出现暴雨天气。7月28日至7月29日的强降雨，目前已致四川省凉山州甘洛县7人失联。7月29日，甘洛县大队接到报警：甘洛县阿兹觉乡、新市坝镇部分区域发生山洪和泥石流，造成部分道路阻断和成昆复线工程中铁十八局施工人员被困、失联。接警后，甘洛县消防救援大队迅速出动14名消防指战员携带通讯、救援装备，徒步前往事故现场开展救援。 7月29日晚，甘洛县消防大队救援人员在途经苏雄2-3号隧道时，发现隧道内有中铁十八局施工人员及家属被困，救援人员随即展开营救，并成功将隧道内118名被困人员营救转移至安全区域。7月30日下午，红星新闻记者联系上当地村干部，据他介绍，从29日上午开始，失联人员的电话就打不通，他们也参与到搜救中，当地道路垮方太严重了，每隔十米左右都一处塌方，人员根本进不去，离失联人员距离的地方大约有几百米，目前挖掘机正在抢通道路。http://t.cn/AijkuPfS,1,0,0,1564482180000
7057366034,污点大叔,:地铁里的泥石流，太辣眼睛了 ,33,3,2,1564482180000
2191510872,怀集天气,:【怀集天气快讯】7月30日17时，南海北部海面的热带扰动加强为热带低压，其中心位于徐闻市东南方向约620公里的海面上，中心附近最大风力7级。预计，热带低压将以20公里左右的时速向西北方向移动，强度逐渐加强，较大可能于31日夜间在电白到海南琼海一带沿海地区登陆（热带风暴级）。受其影响，未来3天我县雨势明显加大，局地伴有8级左右短时雷雨大风。预计，今晚到明天，多云到阴天，有中雨，局部大雨；8月1日有大到暴雨；8月2日有中雨，局部大雨。需注意防御强降水引发的城乡积涝、山洪、泥石流、山体滑坡等灾害。怀集县气象台7月30日18时15分发布,0,0,0,1564482120000
5825685064,美味情缘馆,:刷屏千万遍，不如来相见！美食界的泥石流@办公室小野将在本次#超级红人节#大v见面会中和大家回顾成长之路！8月5日14：40成都新国际会展中心9号馆不见不散！#美食大V秀# ,0,0,0,1564481940000
,中国新闻社贵州分社,:【贵州发布山洪灾害风险预警提示】#聚焦贵州# 贵州省应急管理厅7月30日16时10分发布灾害风险预警提示：据气象预报，今天夜间到明天白天，贵州省各地多云间阴天有分散阵雨或雷雨，雷雨中可能伴有短时强降雨、大风等强对流天气，其中省的西部有中到大雨，个别乡镇有暴雨。由于前期降雨频繁，土壤含水充分饱和，强降雨极易引发山洪、塌方、滑坡、泥石流、城镇内涝、危旧房屋和农村自建房倒塌等灾害。遇突发险情灾情要第一时间上报省应急厅指挥中心。值班电话：0851-86893028（省应急厅指挥中心 图片来源于黔气象）,0,0,0,1564481640000
,贵州综合广播,:#946快讯#【贵州省应急管理厅发布灾害风险最新预警提示】     根据气象预报，7月30号夜间到7月31号白天，贵州全省各地多云间阴天有分散阵雨或雷雨，雷雨中可能伴有短时强降雨、大风等强对流天气，其中贵州省的西部有中到大雨，个别乡镇有暴雨。由于前期降雨频繁，土壤含水充分饱和，强降雨极易引发山洪、塌方、滑坡、泥石流、城镇内涝、危旧房屋和农村自建房倒塌等灾害。     贵州省应急管理厅提示：各级各类安全生产和防汛责任人要克服麻痹思想，靠前调度指挥；各地地质灾害群测群防员、水库巡查责任人、安全网格员要认真履职，强化地质灾害隐患点、山洪易发区、水库、危险区域、城镇易涝区巡查值守，提前落实转移避险措施。各相关部门及企事业单位要做好涉水景区、交通运输、水上交通、建筑工地、尾矿库、矿山矿井、工棚、危旧房屋、农村自建房等高风险区域巡查排险，遇雷雨、大风等强对流天气要采取停工、停产、停业、停运等措施，迅速转移安置危险区域群众。公众特别是学生要注意安全，不要到水库、水塘、河流等危险陌生水域游泳，避免发生溺水事件；遇暴雨洪水，不要强行涉水过河、行车，不要到河边垂钓、捕捞，不要到河滩地、江心洲及低洼易涝区域宿营、逗留、停车。如果遇突发险情灾情要第一时间上报贵州省应急管理厅指挥中心。值班电话：0851-86893028（贵州综合广播吴荻）,2,0,1,1564481520000
,都市时报,:【#四川甘洛突发泥石流#  消防徒步前往救援 已转移118人】连日来，四川多地出现暴雨天气。7月28日至7月29日的强降雨，目前已致四川省凉山州甘洛县7人失联。7月29日，甘洛县大队接到报警：甘洛县阿兹觉乡、新市坝镇部分区域发生山洪和泥石流，造成部分道路阻断和成昆复线工程中铁十八局施工人员被困、失联。接警后，甘洛县消防救援大队迅速出动14名消防指战员携带通讯、救援装备，徒步前往事故现场开展救援。 7月29日晚，甘洛县消防大队救援人员在途经苏雄2-3号隧道时，发现隧道内有中铁十八局施工人员及家属被困，救援人员随即展开营救，并成功将隧道内118名被困人员营救转移至安全区域。7月30日下午，红星新闻记者联系上当地村干部，据他介绍，从29日上午开始，失联人员的电话就打不通，他们也参与到搜救中，当地道路垮方太严重了，每隔十米左右都一处塌方，人员根本进不去，离失联人员距离的地方大约有几百米，目前挖掘机正在抢通道路。http://t.cn/AijkuPfS,1,2,1,1564481400000
,奎屯政府网,:黄瓜，对很多人来说是一种随处可见的蔬菜。帕米尔山区牧民阿热孜库力·库尔班30岁那年第一次走出大山，见到黄瓜那一刻却心怀疑虑：我们山里的绿果子都是虫子吃；黄瓜，人可以吃吗？时隔20年，如今他在山里开了一家小型蔬菜店，眼下最新进的蔬菜品种就是黄瓜。阿热孜库力的家位于帕米尔高原腹地的阿克陶县布伦口乡。这里平均海拔3400米。即使在时下的盛夏季节，晌午也要穿外套，晚上穿棉大衣。以乡政府为圆心、80多公里为半径，1900多户牧民和散落在各条河谷里的牛羊是这片大山的主人。一直以来，这里是农作物的禁区，当然也长不出黄瓜。与其他人一样，阿热孜库力的祖祖辈辈也都生活在这里，以放牧为生。“吃羊肉、穿羊皮，哪里有草场哪里就是我们的家。”阿热孜库力说，过去的放牧生活快乐也艰苦，“因为那时候居无定所，电视、手机等所有现代化东西，我们山里人都是最晚接触的。”比手机走入家门还晚的是什么？“是黄瓜。”阿热孜库力解释说，过去山区偏远、交通艰难，更主要的是老百姓兜里没钱，山里人日常只吃得起耐颠簸、耐储存、价格便宜的萝卜、土豆、洋葱等，像黄瓜这类“娇贵”的绿色蔬菜自然就上不了山。阿热孜库力说，上山的路越来越通畅是他开蔬菜店的基础。他说，小时候骑马上山最快也得一个星期，还得看“老天爷的脸色”；即使后面有了砂石路，黄瓜这样的绿色蔬菜也极难进山。现在通往乡里的这条高原道路经过多次修缮扩建，对外面人来说依然充满险阻，但在阿热孜库力眼里却是一条“完美的坦途”。从山下城市来到阿热孜库力家，黄瓜要在崇山峻岭中的公路上“奔跑”，要躲避风霜雨雪，钻山洞、翻雪山，哪怕中途遇到泥石流、山石滑坡也不能退缩。这是黄瓜的上山路。同样，山里人所用之物，小到一针一线、大到冰箱电视都要经过这道“九曲十八弯”。阿热孜库力说，他能开起蔬菜店，还要感谢当地政府的帮助。他指着乡政府对面一排门面房告诉记者，这些店面都是2018年政府建成后免费提供给他们这些贫困户的。放眼看去，饭馆、日用品店、理发店、小超市一应俱全。不仅如此，2012年以来，布伦口乡所有牧民陆续住进了政府免费提供的抗震房，实现了定居生活。当地政府还通过鼓励建立“牧家乐”、劳务输出、改良牲畜品种等方式，帮扶大家实现增收。几年下来，摩托车已不算山里人家的“大件”，庭院里停一辆皮卡是常见景象。为了保证蔬菜运输快捷，阿热孜库力利用乡政府的帮扶资金也买了一辆小型厢式卡车，“路上风吹不到、雨淋不到，六七个小时黄瓜就能从山下运到店里。”“人们有钱了，就需要提高生活质量。山里人吃羊肉太多了，买来黄瓜凉拌吃，可以荤素搭配、营养均衡。”他说。山里人的蔬菜贩卖方式与城里不同。他店里的“稀罕物”黄瓜和常见的土豆、胡萝卜、洋葱等摆在一起，“人们每样拿几个，最后打包5元钱一公斤售出。”他说。因为保鲜问题，眼下山里阔叶类绿色蔬菜还很少。布伦口乡副乡长侯振强说，根据山区海拔高、气候寒冷等自然条件特点，当地政府部门建了高原大棚试验田，已试种出一些阔叶绿色蔬菜。不久后，更多物美价廉的绿色蔬菜将端上高原居民的餐桌。经过这一年的努力，阿热孜库力家今年已经脱贫。收入高了，干劲更足了，现在他每隔4天就要下山进一趟货，还把豆角、西葫芦也纳入采购范畴。多年的劳作让他的脸颊呈现紫红色，这是帕米尔高原的馈赠。不过，他店里的黄瓜都是嫩绿色。,1,0,0,1564480920000
6445413750,河口县委政法委,【航拍#甘肃甘南泥石流#：10户房屋完全冲毁】7月29日，甘肃甘南迭部县达拉乡次哇村强降雨致暴雨泥石流，10户房屋完全冲毁，14户房屋不同程度受损。当地消防、应急等部门到场救援，截至至7月30日12时，事故已致2人死亡、2人失联，搜救工作还在进行中。新京报我们视频的秒拍视频 ,0,0,0,1564480860000
3847863434,四川煤田,:映汶高速将于2019年8月1日0时开始正式恢复收费经四川省交通运输厅、省发展改革委员会、省财政厅批复同意，映秀到汶川高速公路将于2019年8月1日0时开始正式恢复收费。这是记者7月25日从四川高速川西公司获悉的。映汶高速起于都江堰至映秀高速公路龙溪隧道出口，经映秀枫香树、东界脑、银杏、沙坪关、桃关、绵虒、玉虎、七盘沟，止于汶川凤坪坝，全长约48公里，是蓉昌高速（G4217）的重要组成部分，也是连接成都经都江堰至九寨沟和黄龙旅游景区的重要旅游公路，在四川省和阿坝州公路网占有极其重要的地位。该高速公路为政府还贷项目，于2012年11月建成通车。2013年汶川“7·10”泥石流灾害后，国道213线受损严重，映汶高速成为进出汶川唯一通道，因此暂停收取车辆通行费。6年来，映汶高速累计减免高速公路通行费超12.3亿元。2018年底，国道213线映秀至汶川段公路正式通车，从成都进入阿坝州有多条路径选择，映汶高速不再是唯一通道。经省级相关部门同意，正式恢复收费。 （记者 王眉灵）转自：四川省人民政府网,0,0,0,1564480860000
1453302367,第1时间博报,:四川遭遇强降雨 甘洛县7人失联 ---------- 30日，四川凉山州防办上报，初步核实，甘洛县新确认一名失联人员。至此，凉山州甘洛县已发现7名失联人员。此前，记者获悉，28日9时至29日15时，凉山州甘洛县降暴雨。据凉山州防办30日0时50分报告，强降雨致甘洛县部分区域发生山洪、泥石流等自然灾害，交通、通讯、电力中断，成昆铁路复线5名施工人员和当地1名群众失联。灾害发生后，当地迅速启动应急预案，全力搜救失联人员，及时疏散转移受威胁群众。(央视、封面新闻),0,0,1,1564480860000
3161363514,劳马微博,:四川遭遇强降雨 甘洛县7人失联 ---------- 30日，四川凉山州防办上报，初步核实，甘洛县新确认一名失联人员。至此，凉山州甘洛县已发现7名失联人员。此前，记者获悉，28日9时至29日15时，凉山州甘洛县降暴雨。据凉山州防办30日0时50分报告，强降雨致甘洛县部分区域发生山洪、泥石流等自然灾害，交通、通讯、电力中断，成昆铁路复线5名施工人员和当地1名群众失联。灾害发生后，当地迅速启动应急预案，全力搜救失联人员，及时疏散转移受威胁群众。(央视、封面新闻),0,0,0,1564480740000
,西安应急管理,:#应急科普#滑坡、崩塌、泥石流……认识这些地质气象灾害，了解发生前兆，正确避险自救！你一定要知道！ ,0,0,0,1564480620000
6070424924,这里是晚上,:最近收到最多的信息就是“来了来了，云南完了……云南又被淹了……云南人民挺住啊……天呐某某地又发生泥石流啦……注意！今明日，云南等地发生地质灾害风险较高，注意防范强降水造成的地质灾害！！！…云南今夜暴雨预警，请提前做好防御工作……” ,3,0,0,1564480500000
7170168834,萌有紸丶Sunanan,:费玉清不愧是综艺界的泥石流，一个笑话笑得嘉宾直不起腰来 萌有紸丶Sunanan的微博视频 ,0,0,0,1564480320000
,德宏交通旅游广播,:#德宏交通旅游广播# 【910权威发布】梁河县气象局、梁河县自然资源局2019年7月30日17时40分联合发布地质灾害气象风险Ⅲ级预警：预计未来24小时梁河有中雨天气，受持续降雨影响，全县地质灾害气象风险等级为Ⅲ级风险较高，易出现滑坡、泥石流、崩塌等地质灾害，请注意防范。 ,1,2,1,1564480260000
,德宏交通旅游广播,:#德宏交通旅游广播# 【910权威发布】瑞丽市气象局、瑞丽市自然资源局7月30日17时40分继续联合发布地质灾害气象风险Ⅲ级预警：预计未来24小时瑞丽有中雨天气，受前期持续降雨影响，我市地质灾害气象风险等级为Ⅲ级（风险较高），易出现滑坡、泥石流和崩塌等地质灾害，请注意防御。 ,0,0,0,1564480200000
3958688797,弥勒审判,【航拍#甘肃甘南泥石流#：10户房屋完全冲毁】7月29日，甘肃甘南迭部县达拉乡次哇村强降雨致暴雨泥石流，10户房屋完全冲毁，14户房屋不同程度受损。当地消防、应急等部门到场救援，截至至7月30日12时，事故已致2人死亡、2人失联，搜救工作还在进行中。新京报我们视频的秒拍视频 ,0,0,0,1564480140000
,文明成都,:【目前有7人失联！四川甘洛突发泥石流，消防头顶飞石救120人】2019年7月29日，四川甘洛县部分区域突发山洪和泥石流，消防赶往现场救援。道路损毁严重，他们在泥地艰难行走，而头顶不时有碎石滚落下来，看着非常危险。最终，他们成功转移120名被困群众，但目前仍有7人失联。#甘洛泥石流7人失联#http://t.cn/AijFNfBq,1,3,1,1564479660000
6523839577,深夜食记,:ID：蛋蛋是吃货        泥石流爆浆蛋糕 #吃播[超话]# 深夜食记的微博视频 ,14,0,9,1564479600000
,德宏交通旅游广播,:#德宏交通旅游广播# 【910权威发布】芒市气象局、芒市自然资源局2019年7月30日17时15分继续联合发布地质灾害气象风险Ⅲ级预警：预计未来24小时芒市有中雨天气，受前期持续降雨影响，我市大部分地区地质灾害气象风险等级为Ⅲ级（风险较高），易出现滑坡、泥石流、崩塌等地质灾害，请注意防范。 ,0,0,0,1564479360000
6367088390,锡都政法,【航拍#甘肃甘南泥石流#：10户房屋完全冲毁】7月29日，甘肃甘南迭部县达拉乡次哇村强降雨致暴雨泥石流，10户房屋完全冲毁，14户房屋不同程度受损。当地消防、应急等部门到场救援，截至至7月30日12时，事故已致2人死亡、2人失联，搜救工作还在进行中。新京报我们视频的秒拍视频 ,0,0,0,1564479300000
1880640913,尼玛是个神经病窝们不要理她,#午间话题# 大圣被唐僧赶走、雪孩子融化、白猫班长牺牲、哪吒自杀、木法沙之死、妲己纣王殉情……你的#童年哭瞎名场面# 是什么？ ,0,0,0,1564479300000
3955273284,陇南政法,:【公安部发布暑期汛期道路交通安全预警】当前我国正处于“七下八上”主汛期的关键阶段，高温、降雨、强对流等极端和恶劣天气频繁，山洪、内涝、滑坡、泥石流等次生灾害多发，加之暑期生产作业繁忙，旅游出行集中，道路交通安全风险加大。7月16日至23日，山东、宁夏、辽宁、云南、贵州等地接连发生车辆翻坠事故，对此，公安部发出交通安全预警提示。http://t.cn/AijFNXKL,0,0,0,1564479240000
6077096055,四川梨,:【目前有7人失联！四川甘洛突发泥石流，消防头顶飞石救120人】2019年7月29日，四川甘洛县部分区域突发山洪和泥石流，消防赶往现场救援。道路损毁严重，他们在泥地艰难行走，而头顶不时有碎石滚落下来，看着非常危险。最终，他们成功转移120名被困群众，但目前仍有7人失联。#甘洛泥石流7人失联#http://t.cn/AijFNfBq,0,0,0,1564479180000
6348346023,玉溪政法,【航拍#甘肃甘南泥石流#：10户房屋完全冲毁】7月29日，甘肃甘南迭部县达拉乡次哇村强降雨致暴雨泥石流，10户房屋完全冲毁，14户房屋不同程度受损。当地消防、应急等部门到场救援，截至至7月30日12时，事故已致2人死亡、2人失联，搜救工作还在进行中。新京报我们视频的秒拍视频 ,1,1,2,1564479120000
,济南小小子,:#致敬中国军人#哪有什么岁月静好，那是有人替你负重前行。面对高温酷暑、极强降雨、山体滑坡、泥石流等自然灾害，那一次不是我们的官兵在守护着我们？他们服装的颜色才是我们眼中最亮丽的颜色，只要他们在，#祖国请放心# ，人民请放心！向他们致敬！  ,0,0,0,1564479060000
5334093338,Coco小语仁欢西,:发布了头条文章：《央视主持频爆金句，“泥石流”#朱广权#也忍不住了 手语老师：闭嘴》  央视主持频爆金句，“泥石流”#朱广权#也忍不住了 手语老师：闭嘴 ,0,0,0,1564479060000
5498961481,-Little·prince-,:#泥石流聚集地[超话]#🎦打卡…（敖丙真的好帅！） ,1,0,0,1564479060000
,济南大泉城,:#致敬中国军人#哪有什么岁月静好，那是有人替你负重前行。面对高温酷暑、极强降雨、山体滑坡、泥石流等自然灾害，那一次不是我们的官兵在守护着我们？他们服装的颜色才是我们眼中最亮丽的颜色，只要他们在，#祖国请放心# ，人民请放心！向他们致敬！ ,9,0,7,1564478460000
,龙江气象,:#天气预警信息[超话]#【齐齐哈尔市气象台2019年07月30日17时发布暴雨橙色预警信号】:预计未来3小时，富裕、依安部分地区累计雨量可达50毫米以上。请有关单位和个人注意做好预防工作。 防御指南：1.政府及相关部门按照职责做好防暴雨应急工作；2.切断有危险的室外电源，暂停户外作业；3.处于危险地带的单位应当停课、停业，采取专门措施保护已到校学生、幼儿和其他上班人员的安全；4.做好城市、农田的排涝，注意防范可能引发的山洪、滑坡、泥石流等灾害。,1,1,1,1564478400000
6902580629,四川路网,:【断道信息】凉山州甘洛县2019年7月30日，G245线K845+400至K901+500处（阿兹觉乡至则拉乡），因泥石流断道。现则拉乡到甘洛县城已抢通，县城至埃岱已抢通。k848阿兹乡至k866埃岱大桥桥头（地名）间断道数十处，其中K850处依吉隧道内堵满泥石流，k858+500凉红桥已损毁。 ,0,0,0,1564478400000
5421860523,水上消防,【#甘肃甘南泥石流#冲毁10户民房 已致1死3失联】7月29日，甘肃甘南迭部县达拉乡次哇村强降雨致暴雨泥石流。消防、武警等到场救援，消防员用铁锹清理淤泥，疏散转移危房内人员。至29日12时，暴雨泥石流致24户受灾，其中10户民房完全冲毁，1人死亡、3人失联，当地供电中断正在抢修中。http://t.cn/Aijmzi7B,0,0,0,1564478400000
6572694674,甘洛发布,:#凉山甘洛抢险救灾# 7月28日至29日，凉山州甘洛县持续暴雨，引发山洪、泥石流等自然灾害，全县各地不同程度受灾，凉山州积极应对甘洛暴雨灾害，全力开展抢险救灾工作。详情请点击:【今日头条】凉山州：积极应对甘洛暴雨灾害 全力开展抢险救灾 ,2,2,0,1564478340000
,-食品与养生-,转发提醒！看到山上有碎石掉落，务必第一时间逃离-人民日报的秒拍视频 人民日报的秒拍视频 ,0,7,0,1564478280000
5239365548,小金气象,:预计：今天晚上到明天白天多云有小雨，部分乡镇有中雨；气温15℃至24℃，东北风2级；地质灾害气象等级3级。请加强防范泥石流、山体滑坡等此生灾害。 ,0,0,0,1564478280000
5521606430,遵义发布,:【凉山州甘洛县发生山洪致6人失联】记者从四川省防汛抗旱指挥部办公室了解到，7月28日9时至29日15时，凉山州甘洛县降暴雨，平均降雨量55毫米，最大降雨达109.1毫米。据凉山州防办7月30日0时50分报告，强降雨致甘洛县部分区域发生山洪、泥石流等自然灾害，交通、通讯、电力中断，成昆铁路复线5名施工人员和当地1名群众失联。  灾害发生后，当地迅速启动应急预案，全力搜救失联人员，及时疏散转移受威胁群众。,0,0,1,1564478100000
,微凉山,:【注意！暴雨致成昆铁路部分区间中断 30日这些列车停运】7月28日至29日，四川省部分地区出现暴雨天气。受暴雨影响，7月29日上午，成昆铁路凉红至埃岱站间、甘洛至南尔岗站间发生水害塌方，导致线路中断。 受暴雨影响，29日10时20分，成昆铁路凉红至埃岱站间的接触网垮塌;11时35分左右，甘洛至南尔岗站间约40方泥石流涌上铁轨，导致这两个区段线路中断。铁路部门立即启动应急预案，迅速组织人员全力抢险。从29日晚上开始，大型机械陆续到达现场，上百名抢险人员正在多点同时抢险。受此影响，7月29日，20趟列车折返或停运。据成都铁路局客户服务中心官方微博@成都铁路12306发布的消息显示，7月30日，成昆线多趟列车停运。 (一) 1. 2019 年 7 月 30 日攀枝花-成都南 T8870 次，2. 2019 年 7 月 30 日成都南-攀枝花T8869 次停运。3. 2019 年 7 月 30 日攀枝花-成都南 K9456 次，4. 2019 年 7 月 30 日成都南-攀枝花 K9455 次停运。5. 2019 年 7 月 30 日西昌-成都 T8866 次，6. 2019 年 7 月 30 日成都-西昌 T8865 次停运。7. 2019 年 7 月 29-30 日攀枝花-成都 K9492 次，8. 2019 年 7 月 30 日成都-攀枝花 K9491 次停运。9. 2019 年 7 月 30 日普雄-燕岗 5620 次，10.2019 年 7 月 30 日燕岗-普雄 5619 次停运。详情请以车站公告为准，若有疑问请致电铁路客服热线028-12306咨询。 (二) 1. 7 月 29-30 日昆明-成都南 K146 次停运。2. 7 月 30-31 日成都南-昆明 K145 次停运。3. 7 月 29-30日昆明-西宁 K986/7 次停运。4. 7 月 29-30 日西宁-昆明 K988/5 次停运。5. 7 月 30 日昆明-成都 K114 次停运。6.7 月 30 日成都-昆明 K113 次停运。7.7 月 29 日北京西开 K117 次运行至成都终止;同时成都至攀枝花间 K117 次停运。8.7 月 30 日攀枝花开 K118 次运行区段缩短为成都至北京西;同时攀枝花至成都间 K118 次停运。详情请以车站公告为准，若有疑问请致电铁路客服热线028-12306咨询。（凉山日报）,1,1,0,1564478040000
2367933594,塔城气象,:雷电黄色预警    塔城地区气象台7月30日16时发布雷电黄色预警信号:预计今天下午到夜间，塔城地区大部出现雷电、冰雹、短时大风、短时强降水等强对流天气的可能性较大，需做好局地山洪、泥石流等次生地质灾害的防范工作。    防御指南: 1.政府及相关部门按照职责做好防雷工作；2.密切关注天气，尽量避免户外活动。,0,0,0,1564477800000
6136845112,elaine_lv的非凡人生,【四川甘洛突发泥石流  消防成功营救转移120名被困群众】7月29日11时许，四川甘洛县阿兹觉乡、新市坝镇，部分区域发生山洪和泥石流，造成部分道路阻断和成昆复线工程中铁十八局施工人员被困、失联。接警后，消防救援人员徒步前往事故现场开展救援。18时43分，救援人员在行进途中成功营救2名遇险群众，并转移至安全区域。20时35分，成功将隧道内118名被困人员营救转移至安全区域。7月30日12时16分，消防救援人员乘坐火车前往人员失联区域进行搜救。据，7名失联人员中，1人为当地群众，其余6人为成昆铁路复线施工人员。7月30日下午，当地村干部介绍，当地道路垮方太严重，距离失联人员方位大约有几百米，目前挖掘机正在抢通道路。@成都商报 http://t.cn/AijkuPfS,0,0,0,1564477680000
6463860571,开远政法官微,【航拍#甘肃甘南泥石流#：10户房屋完全冲毁】7月29日，甘肃甘南迭部县达拉乡次哇村强降雨致暴雨泥石流，10户房屋完全冲毁，14户房屋不同程度受损。当地消防、应急等部门到场救援，截至至7月30日12时，事故已致2人死亡、2人失联，搜救工作还在进行中。新京报我们视频的秒拍视频 ,0,0,0,1564477620000
2834698170,惠阳天气,:【惠阳重大气象信息】目前位于南海中部海面的热带扰动将于30日傍晚前后加强为热带低压，31日可能加强为今年第7号台风，趋向粤西到海南东部沿海，较大可能于31日夜间在上述沿海地区登陆（热带风暴级）。受其影响，7月31日至8月1日我区有暴雨，局部大暴雨，阵风可达6到8级；2日，大雨局部暴雨，风力减弱；3日，中到大雨；4至5日转（雷）阵雨。此次降雨过程持续时间长、累积雨量大，请注意做好强降水及其引发的城乡积涝、山体滑坡、山洪、泥石流等地质灾害的防御工作，并密切关注江河、山塘、水库等水利设施的安全，同时需防御大风等导致的灾害。惠阳区气象台7月30日17时发布。,0,0,0,1564477620000
5878552201,齐齐哈尔气象,:齐齐哈尔气象台2019年7月30日17时发布暴雨橙色预警信号：预计未来3小时，富裕、依安部分地区累计降雨量可达50毫米以上。请有关单位和个人注意做好预防工作。防御指南：1.政府及相关部门按照职责做好防暴雨应急工作；2.切断有危险的室外电源，暂停户外作业；3.处于危险地带的单位应当停课、停业，采取专门措施保护已到校学生、幼儿和其他上班人员的安全；4.做好城市、农田的排涝，注意防范可能引发的山洪、滑坡、泥石流等灾害。,0,0,0,1564477620000
,大亚湾天气,:【天气预报】预计，今晚到明天，我区雷阵雨转暴雨，气温25～31℃；8月1日，暴雨局部大暴雨。今天夜间起我区沿海和近海海面风力将逐渐加大到7～9级，需防范海上大风对水上交通、海上作业、沿海旅游等造成的影响；注意防御强降水引发的山洪、泥石流、山体滑坡等灾害。大亚湾气象服务中心发布 ,0,0,0,1564477620000
5856357396,青山院气象,:【黑龙江省气象台2019年07月30日16时40分发布暴雨橙色预警信号】:预计未来3小时，富锦、同江西部、绥滨、萝北、富裕、依安部分地区累计雨量可达50毫米以上。请有关单位和个人注意做好预防工作。 防御指南：1.政府及相关部门按照职责做好防暴雨应急工作；2.切断有危险的室外电源，暂停户外作业；3.处于危险地带的单位应当停课、停业，采取专门措施保护已到校学生、幼儿和其他上班人员的安全；4.做好城市、农田的排涝，注意防范可能引发的山洪、滑坡、泥石流等灾害。,0,0,0,1564477620000
7257012421,_忘川之上_,:从28号开始，四川凉山州甘洛县遭受强降雨袭击，最大降雨量达109.1毫米，部分区域发生山洪、泥石流等自然灾害，成昆铁路复线5名施工人员和当地1名群众失联。 ,0,0,0,1564477320000
2367933594,塔城气象,:7月30日夜间到31日白天：塔城地区北部小雨转晴，西风4到5级，风口西风6到7级，最低气温13到17℃，最高气温27到32℃；地区南部阵雨转多云，西风3到4级，最低气温20℃，最高气温32℃。山区局部出现短时强降水、冰雹、雷暴大风等强对流天气的可能性较大，需提前做好强对流及其引发的局地山洪、泥石流等次生地质灾害的防范工作。塔城地区大部空气污染气象条件预报：一级。非常有利于空气污染物稀释、扩散和清除。 7月30日夜间到31日白天塔城地区主要旅游景点预报：塔城市塔尔巴哈台山景区：小雨转晴，西风4到5级，气温14到30度。裕民县巴尔鲁克旅游风景区：晴间多云有阵雨，西风4到5级，气温18到28度。乌苏市佛山国家森林公园景区：多云有阵雨，西风3到4级，气温12到25度。沙湾县温泉景区：小雨，西风3到4级，气温16到29度。  沙湾县鹿角湾景区：小到中雨，西风3到4级，气温12到22度。 沙湾县东大塘风景区：小雨，西风3到4级，气温14到29度。,0,0,0,1564477260000
6389398313,建水政法,【航拍#甘肃甘南泥石流#：10户房屋完全冲毁】7月29日，甘肃甘南迭部县达拉乡次哇村强降雨致暴雨泥石流，10户房屋完全冲毁，14户房屋不同程度受损。当地消防、应急等部门到场救援，截至至7月30日12时，事故已致2人死亡、2人失联，搜救工作还在进行中。新京报我们视频的秒拍视频 ,0,0,0,1564477200000
6224706568,Fewkes,他被称为“保定爱迪生”、“发明界的泥石流”，大家说他做的东西是“无用良品”  有码哥的微博视频 ,0,0,0,1564477200000
,辽宁日报,:【全省各市积极应对降雨确保安全度汛】我省各市全面做好本轮降雨防御工作，7月29日，沈阳、锦州、丹东等市分别从包保责任制落实、防汛抢险预案制定、预测预报预警、人员转移等几方面提出具体工作要求。沈阳市防汛抗旱指挥部全力组织做好2019年防汛各项工作，全力保障人民群众生命财产安全，并提示市民：一、及时了解天气预报，关注汛情预警信息；二、发布汛情预警时，建议调整出行计划，尽量减少外出，避免进入山区、河道泄洪区、蓄滞洪区、采空沉降区及低洼地带等危险区域；三、居住在地质灾害易发地区，请提前熟知预警信号、转移路线、避险场所。遇有险情时，要听从相关部门的转移安排，及时有序撤离。危险未解除时，切不可返回原危险住地；四、注意雨天出行安全；五、不要在雨天进入山区沟谷旅游；六、如需要帮助，请拨打消防119、安全生产（应急救援）12350等汛期便民热线。锦州市防汛抗旱指挥部要求切实完善各类防灾避险预案，尤其要落实水库下游、河道险工险段、山洪泥石流地质灾害易发区、危房险房等重点部位的人员转移安置预案，确保安全转移工作不留死角。全市立即关闭旅游景区、海滨浴场、滨河公园等景区景点和娱乐场所，并提前组织游人撤离景点，全力保障人民群众生命安全。锦州现有山洪泥石流、滑坡地质灾害隐患点40处，已全部落实各类责任制。全市共编制修订水库、险工险段、城市防洪、山洪泥石流等各类县级以上预案96个、乡村级预案686个。锦州现有水库26座、尾矿库2座，全部落实防汛责任制。完成了全市水库、险工险段、山洪泥石流、低洼易涝区等重点部位应转移人口实名制统计，落实各类抢险队伍1.5万余人。城市排涝方面，完成了城区21座闸门、6座强排泵站的检修和运转工作，疏通排水主干道6800米。7月29日，丹东市召开防汛紧急会商调度会议，由驻丹部队和地方组成14支应急抢险队伍，总计1万人；县区应急救援队伍105支6400人；公路、通信、电力等专业应急救援队伍40支7406人。全市储备抢险物资基本可保障应急需要。为强化落实防汛责任，丹东市全面落实市级领导包县区、市级河长包流域的“双包责任制”，全市累计落实各类责任人2716人。全市对重点区域部位和薄弱环节加强监测、预报和预警，加大巡查检查力度，派专人24小时值守，水务、应急、国土、住建等部门针对防汛重点领域进行排查和整改，确保安全度汛。目前，丹东全市上下严阵以待，密切关注天气变化和水情、雨情、工情变化，加强会商和预报、预警工作。全市储备抢险物资包括麻袋7万条、编织袋73万条、木桩594.5万根以及大型防汛抗旱设备等，基本可保障应急需要。此外，落实应急避难场所879个，储备救灾物资包括棉被褥6.5万床、帐篷2700顶、棉大衣1万件。,0,1,0,1564477200000
,遇见均安_摄影师甘总,【#四川甘洛突发泥石流#  消防徒步前往救援 已转移118人】连日来，四川多地出现暴雨天气。7月28日至7月29日的强降雨，目前已致四川省凉山州甘洛县7人失联。7月29日，甘洛县大队接到报警：甘洛县阿兹觉乡、新市坝镇部分区域发生山洪和泥石流，造成部分道路阻断和成昆复线工程中铁十八局施工人员被困、失联。接警后，甘洛县消防救援大队迅速出动14名消防指战员携带通讯、救援装备，徒步前往事故现场开展救援。 7月29日晚，甘洛县消防大队救援人员在途经苏雄2-3号隧道时，发现隧道内有中铁十八局施工人员及家属被困，救援人员随即展开营救，并成功将隧道内118名被困人员营救转移至安全区域。7月30日下午，红星新闻记者联系上当地村干部，据他介绍，从29日上午开始，失联人员的电话就打不通，他们也参与到搜救中，当地道路垮方太严重了，每隔十米左右都一处塌方，人员根本进不去，离失联人员距离的地方大约有几百米，目前挖掘机正在抢通道路。http://t.cn/AijkOqHc http://t.cn/AijkuPfS,0,0,0,1564477140000
5300969049,绵阳日报社,":#绵阳交通#【@广大驾驶员,经过平武这些路段请注意安全】7月30日，记者获悉，由于平武已进入汛期，为有效预防和减少道路交通事故的发生，平武公安交警在结合“五大曝光行动”具体要求，分析近几年平武辖区道路交通事故数据的基础上，公布以下事故多发及危险路段，请广大驾驶员朋友予以关注。　　1、危险路段：省道205线45KM+500M（白马乡万伊代延一号桥下方）　　存在隐患：该路段为滑坡路段长30米，雨季来临时易造成泥石流、落石。　　整改建议：加装铁丝网，水泥挡墙，完善安全警示标志标牌。　　2、事故多发路段：省道205线136KM+700M（龙安镇大坪）　　存在隐患：弯道（施工）围挡遮道路视线，易发生交通事故。　　整改建议：拆除（施工）围挡。　　3、事故多发路段：省道105线232公里500米（响岩镇宝灵寺庙）　　存在隐患：水毁路段，单向通行，无护栏，事故易发路段。　　整改建议：恢复双向通行，安装护栏，增加醒目标示标牌，增加减速设施。　　4、危险路段：省道205线174公里900米（南坝镇黄莲树）　　存在隐患：水毁路段，无护栏，事故易发路段　　整改建议：恢复双向通行，安装护栏，增加醒目标示标牌，增加减速设施。　　平武公安交警提醒：广大交通参与者应自觉遵守交通法规，途经上述事故多发路段以及类似安全隐患突出、安全风险较大的路段时，务必谨慎驾驶，严格控制车速，依法礼让，确保交通安全。（李军 绵阳日报社全媒体记者 任露潇 文/图）",2,0,0,1564477140000
6211384302,ShirleysCafe幸一狗咖,:泥石流洋芋出场，开大声音最后可听洋芋猪叫,1,0,0,1564477080000
6716480975,永登新闻,:航拍甘肃迭部县发生泥石流灾害，23户居民受灾 永登新闻的微博视频 ,0,0,0,1564477080000
,大亚湾天气,:【大亚湾重大气象信息】目前位于南海中部海面的热带扰动将于30日傍晚前后加强为热带低压，31日可能加强为今年第7号台风，趋向粤西到海南东部沿海，较大可能于31日夜间在上述沿海地区登陆（热带风暴级别）。受其影响，7月31日-8月1日，我区有暴雨局部大暴雨，沿海和近海海面最大阵风可达7～9级；2日，大雨局部暴雨；3日，中到大雨；4-5日，阵雨或雷阵雨。海面风力逐渐加大，海上作业和过往船只需及时回港避风，海岸活动、海岛旅游等需注意安全；注意防御强降水引发的山洪、泥石流、山体滑坡等地质灾害。大亚湾气象服务中心发布,0,0,0,1564476900000
,得荣资讯,:【地质灾害气象风险预警】据最新气象资料分析：7月30日20时至8月2日20时，得荣县大部有中到大雨，部分乡镇有暴雨，过程中伴有短时强降水、大风、雷电、冰雹等强对流天气。受持续性强降水影响，地质灾害气象风险等级可达Ⅱ级（风险高）。各级各部门需切实加强地质灾害防范，强化监测、巡查、值守，并做好主动、提前、预防避让工作。防御指南：1.有关单位加强对区域内中小河流水情的巡查，加强对山洪流灾害的预防工作；2.遇较强降雨时，在山洪、泥石流极易发生区域，应及时采取避让措施，避免灾害带来的危害；3.驾驶人员应提高警惕，采取有效的临灾处置措施，确保驾驶安全。备注： Ⅰ级：风险很高。Ⅱ级：风险高。Ⅲ级：风险较高。Ⅳ级：有一定风险。（信息由得荣县气象局、得荣县自然资源局、得荣县应急管理局联合发布）,0,2,0,1564476900000
2483641935,田园祥福,【#四川甘洛突发泥石流#  消防徒步前往救援 已转移118人】连日来，四川多地出现暴雨天气。7月28日至7月29日的强降雨，目前已致四川省凉山州甘洛县7人失联。7月29日，甘洛县大队接到报警：甘洛县阿兹觉乡、新市坝镇部分区域发生山洪和泥石流，造成部分道路阻断和成昆复线工程中铁十八局施工人员被困、失联。接警后，甘洛县消防救援大队迅速出动14名消防指战员携带通讯、救援装备，徒步前往事故现场开展救援。 7月29日晚，甘洛县消防大队救援人员在途经苏雄2-3号隧道时，发现隧道内有中铁十八局施工人员及家属被困，救援人员随即展开营救，并成功将隧道内118名被困人员营救转移至安全区域。7月30日下午，红星新闻记者联系上当地村干部，据他介绍，从29日上午开始，失联人员的电话就打不通，他们也参与到搜救中，当地道路垮方太严重了，每隔十米左右都一处塌方，人员根本进不去，离失联人员距离的地方大约有几百米，目前挖掘机正在抢通道路。http://t.cn/AijkOqHc http://t.cn/AijkuPfS,0,1,0,1564476780000
6418480627,星视频,:【甘洛暴雨引发山洪泥石流，致7人失联】近日凉山洲甘洛县遭遇强降雨部分区域发生山洪泥石流等自然灾害，目前因暴雨失联人数增至7人，1人为当地群众，6人为成昆线复线工作人员，目前抢险搜救工作正在紧张进行中。@长沙政法频道  星视频的微博视频 ,2,0,2,1564476720000
6776902171,屏边政法微博,【航拍#甘肃甘南泥石流#：10户房屋完全冲毁】7月29日，甘肃甘南迭部县达拉乡次哇村强降雨致暴雨泥石流，10户房屋完全冲毁，14户房屋不同程度受损。当地消防、应急等部门到场救援，截至至7月30日12时，事故已致2人死亡、2人失联，搜救工作还在进行中。新京报我们视频的秒拍视频 ,0,0,0,1564476720000
,文明成都,:【四川甘洛突发泥石流  消防成功营救转移120名被困群众】7月29日11时许，四川甘洛县阿兹觉乡、新市坝镇，部分区域发生山洪和泥石流，造成部分道路阻断和成昆复线工程中铁十八局施工人员被困、失联。接警后，消防救援人员徒步前往事故现场开展救援。18时43分，救援人员在行进途中成功营救2名遇险群众，并转移至安全区域。20时35分，成功将隧道内118名被困人员营救转移至安全区域。7月30日12时16分，消防救援人员乘坐火车前往人员失联区域进行搜救。据，7名失联人员中，1人为当地群众，其余6人为成昆铁路复线施工人员。7月30日下午，当地村干部介绍，当地道路垮方太严重，距离失联人员方位大约有几百米，目前挖掘机正在抢通道路。@成都商报 http://t.cn/AijkuPfS,0,5,1,1564476660000
,蜀龙网,:#绵阳新闻#  【驾驶员朋友注意啦！经过平武这些路段请注意安全】30日，记者获悉，由于平武已进入汛期，为有效预防和减少道路交通事故的发生，平武公安交警结合“五大曝光行动”具体要求，分析近几年平武辖区道路交通事故数据的基础上，现公布以下事故多发及危险路段，请广大驾驶员朋友予以关注。1、危险路段：省道205线45KM+500M（白马乡万伊代延一号桥下方）    存在隐患：该路段为滑坡路段长30米，雨季来临时易造成泥石流，落石。整改建议：加装铁丝网，水泥挡墙，完善安全警示标志标牌。2、事故多发路段：省道205线136KM+700M(龙安镇大坪）存在隐患：弯道（施工） 围挡遮道路视线，易发生交通事故。整改建议：拆除（施工）围挡。3、事故多发路段：省道105线232公里500米（响岩镇宝灵寺庙）存在隐患：水毁路段，单向通行 ，无护栏，事故易发路段。整改建议：恢复双向通行，安装护栏，增加醒目标示标牌，增加减速设施。4、危险路段：省道205线174公里900米（南坝镇黄莲树）存在隐患：水毁路段，无护栏，事故易发路段整改建议：恢复双向通行，安装护栏，增加醒目标示标牌，增加减速设施。平武公安交警交警提醒：广大交通参与者应自觉遵守交通法规，途经上述事故多发路段以及类似安全隐患突出、安全风险较大的路段时，务必谨慎驾驶，严格控制车速，依法礼让，确保交通安全。,1,0,0,1564476660000
,小吃货皮卡丘,:发布了头条文章：《加盟益禾堂之后，该如何应对时间的“泥石流”？加盟益禾堂应懂得应对》 #益禾堂加盟[超话]# #益禾堂怎样加盟#  加盟益禾堂之后，该如何应对时间的“泥石流”？加盟益禾堂应懂得应对 ,2,0,1,1564476660000
6456350705,金平政法,【航拍#甘肃甘南泥石流#：10户房屋完全冲毁】7月29日，甘肃甘南迭部县达拉乡次哇村强降雨致暴雨泥石流，10户房屋完全冲毁，14户房屋不同程度受损。当地消防、应急等部门到场救援，截至至7月30日12时，事故已致2人死亡、2人失联，搜救工作还在进行中。新京报我们视频的秒拍视频 ,0,0,0,1564476600000
6062260869,澜沧气象,:温馨提示：预计未来24小时澜沧大部阴有中雨，局地伴有短时强降水、大风等强对流天气；短时强降水易引发城市内涝、山洪、滑坡、泥石流、崩塌等灾害，请注意防范。 ,0,0,0,1564476600000
6444449311,踩需捆,:#林更新#这货简直就是娱乐圈的一股泥石流 ,0,0,0,1564476540000
,保山政法,【航拍#甘肃甘南泥石流#：10户房屋完全冲毁】7月29日，甘肃甘南迭部县达拉乡次哇村强降雨致暴雨泥石流，10户房屋完全冲毁，14户房屋不同程度受损。当地消防、应急等部门到场救援，截至至7月30日12时，事故已致2人死亡、2人失联，搜救工作还在进行中。新京报我们视频的秒拍视频 ,0,0,0,1564476480000
2660620164,博州气象,:博州自然资源局与博州气象局7月30日16时联合发布地质灾害气象风险预警：7月30日午后开始温泉扎勒木特乡库克托木站两小时降水量为29.0毫米，已达暴量，预计今天下午到夜间，降水仍将持续，由于山区降水量较大，加之前期气温较高，博州西部、北部山区地质灾害气象风险较高，请当地居民注意防范明显降水引发的崩塌、滑坡、泥石流等地质灾害，并请防范局地融雪型和混合型洪水。@博尔塔拉报 @温泉零距离 @杞都精河 @亚欧枢纽港-阿拉山口市 @灵壤博乐,0,0,0,1564476480000
7053353457,夏樱丶sunday_mie,:mini打卡网红蛋糕，泥石流蛋糕该怎样吃你大吃货还不知道 夏樱丶sunday_mie的微博视频 ,0,0,0,1564476480000
5136332069,孤心独走,他被称为“保定爱迪生”、“发明界的泥石流”，大家说他做的东西是“无用良品”  有码哥的微博视频 ,0,0,0,1564476420000
6346800161,honey昔日炮灰12,:灭顶之灾恳求援助！尊敬的领导，您好！我叫蒋学法，现年46周岁，系湖南省衡阳县井头镇白云村石牛组人。我自幼丧父，母亲体弱多病，两间土砖瓦房摇摇欲坠！我只得东挪西借建了三间红砖房。却不料今年的洪水将屋后的山坡浸泡，顷刻间山体滑坡，泥石流奔涌而至，我家房屋完全被掩埋，家人死里逃生！由于无栖身之处（现在仍居住在岌岌可危的房间），我不得不贷款十万元请来挖掘机和汽车清於转运，债台高筑的我家在凄风苦雨中瑟缩，陷入了山穷水尽之境地！俗话说：一方有难，八方支援！可突如其来的天灾除了我家积极自救外别无外援？我向基层父母官反映多次无果？恳请领导调查落实我家的灾情。拯救生活在水深火热中的我家！让我家人能真真切切地感受到党的关怀和社会主义大家庭的温暖！ http://t.cn/E2NrThI,0,0,0,1564476420000
,三水天气,:【三水区重大气象信息快报】目前位于南海中部海面的热带扰动将在7月30日傍晚前后加强为热带低压，之后向西北偏西方向移动，强度逐渐加强，趋向粤西到海南东部沿海，较大可能于31日夜间以热带风暴级在上述沿海地区登陆。预计受其环流影响，我区将转持续性强降水天气。具体预报如下：7月31日阴天间多云，有暴雨，26到31度，偏东风3到4级，雷雨时阵风7到8级；8月1日阴天，有暴雨，25到28度，东南风3到4级；8月2日阴天，有大雨到暴雨，25到29度；8月3日阴天间多云，有中到大雨，25到30度；8月4日多云间阴天，有阵雨，26到32度，东南风2到3级。本轮强降水持续时间较长，请注意防御泥石流、山体滑坡、城乡积涝等灾害。三水区气象台2019年7月30日16时45分发布,2,0,0,1564476360000
3264881970,皇家quito,:美墨边境：我只是想给我儿子一个更好的生活。  所以美国是好 道理很简单也就这么简单。 正视一切（倡导的文化自信） 希望一些人别天天发布会、又出书什么的  靠嘴皮子你们这届早已经全宇宙第一了。我所知道和见到的事：这么科技的环境安全生产除了爆炸就是泥石流，大数据时代骗子无穷尽，房地产是支柱、实业兴邦 股市却跌出天际  至少还真的有那么久不被世人熟知的低头做事的张富清（2018年以前会说的都干什么去了） 可爱的人永远默默无闻做事 #中美貿易戰#,0,0,0,1564476300000
5973861277,视频教授,:他被称为“保定爱迪生”、“发明界的泥石流”，大家说他做的东西是“无用良品”  有码哥的微博视频 ,10,4,2,1564476240000
6406530063,王唯一还是,🙀🙀🙀我的天呐！太热了吧！ 微博视频 ,0,0,0,1564476180000
5253720566,南风冬梅,这种地区，一个敢批，一个敢建，一个敢买，一家敢住！  我特么笑死了的微博视频 ,0,0,0,1564476120000
,望江路街道,【#四川甘洛突发泥石流#  消防徒步前往救援 已转移118人】连日来，四川多地出现暴雨天气。7月28日至7月29日的强降雨，目前已致四川省凉山州甘洛县7人失联。7月29日，甘洛县大队接到报警：甘洛县阿兹觉乡、新市坝镇部分区域发生山洪和泥石流，造成部分道路阻断和成昆复线工程中铁十八局施工人员被困、失联。接警后，甘洛县消防救援大队迅速出动14名消防指战员携带通讯、救援装备，徒步前往事故现场开展救援。 7月29日晚，甘洛县消防大队救援人员在途经苏雄2-3号隧道时，发现隧道内有中铁十八局施工人员及家属被困，救援人员随即展开营救，并成功将隧道内118名被困人员营救转移至安全区域。7月30日下午，红星新闻记者联系上当地村干部，据他介绍，从29日上午开始，失联人员的电话就打不通，他们也参与到搜救中，当地道路垮方太严重了，每隔十米左右都一处塌方，人员根本进不去，离失联人员距离的地方大约有几百米，目前挖掘机正在抢通道路。http://t.cn/AijkOqHc http://t.cn/AijkuPfS,0,2,0,1564476120000
,龙江气象,:#天气预警信息[超话]#【黑龙江省气象台2019年07月30日16时40分发布暴雨橙色预警信号】:预计未来3小时，富锦、同江西部、绥滨、萝北、富裕、依安部分地区累计雨量可达50毫米以上。请有关单位和个人注意做好预防工作。 防御指南：1.政府及相关部门按照职责做好防暴雨应急工作；2.切断有危险的室外电源，暂停户外作业；3.处于危险地带的单位应当停课、停业，采取专门措施保护已到校学生、幼儿和其他上班人员的安全；4.做好城市、农田的排涝，注意防范可能引发的山洪、滑坡、泥石流等灾害。,2,1,1,1564476060000
,云南日报,:【受强降雨影响，云南这些地方地质灾害气象风险Ⅱ级预警】云南省气象局、云南省自然资源厅 2019年7月30日16时30分继续联合发布地质灾害气象风险预警：受强降雨影响，预计未来24小时昭通、曲靖北部及东部、楚雄西北部、丽江大部、怒江北部、迪庆南部、德宏西部、红河南部地质灾害气象风险等级为Ⅱ级（风险高），易出现滑坡、泥石流和崩塌等地质灾害，请注意防御。（云南气象）,0,4,0,1564476060000
2592786632,云南气象,:【地质灾害气象风险Ⅱ级预警】云南省气象局、云南省自然资源厅 2019年7月30日16时30分继续联合发布地质灾害气象风险预警：受强降雨影响，预计未来24小时昭通、曲靖北部及东部、楚雄西北部、丽江大部、怒江北部、迪庆南部、德宏西部、红河南部地质灾害气象风险等级为Ⅱ级（风险高），易出现滑坡、泥石流和崩塌等地质灾害，请注意防御。,3,1,0,1564475940000
6346800161,honey昔日炮灰12,:灭顶之灾恳求援助！尊敬的领导，您好！我叫蒋学法，现年46周岁，系湖南省衡阳县井头镇白云村石牛组人。我自幼丧父，母亲体弱多病，两间土砖瓦房摇摇欲坠！我只得东挪西借建了三间红砖房。却不料今年的洪水将屋后的山坡浸泡，顷刻间山体滑坡，泥石流奔涌而至，我家房屋完全被掩埋，家人死里逃生！由于无栖身之处（现在仍居住在岌岌可危的房间），我不得不贷款十万元请来挖掘机和汽车清於转运，债台高筑的我家在凄风苦雨中瑟缩，陷入了山穷水尽之境地！俗话说：一方有难，八方支援！可突如其来的天灾除了我家积极自救外别无外援？我向基层父母官反映多次无果？恳请领导调查落实我家的灾情。拯救生活在水深火热中的我家！让我家人能真真切切地感受到党的关怀和社会主义大家庭的温暖！ http://t.cn/E2NrThI,0,0,0,1564475880000
,听堂FM,:【#四川甘洛突发泥石流#  消防徒步前往救援 已转移118人】连日来，四川多地出现暴雨天气。7月28日至7月29日的强降雨，目前已致四川省凉山州甘洛县7人失联。7月29日，甘洛县大队接到报警：甘洛县阿兹觉乡、新市坝镇部分区域发生山洪和泥石流，造成部分道路阻断和成昆复线工程中铁十八局施工人员被困、失联。接警后，甘洛县消防救援大队迅速出动14名消防指战员携带通讯、救援装备，徒步前往事故现场开展救援。 7月29日晚，甘洛县消防大队救援人员在途经苏雄2-3号隧道时，发现隧道内有中铁十八局施工人员及家属被困，救援人员随即展开营救，并成功将隧道内118名被困人员营救转移至安全区域。7月30日下午，红星新闻记者联系上当地村干部，据他介绍，从29日上午开始，失联人员的电话就打不通，他们也参与到搜救中，当地道路垮方太严重了，每隔十米左右都一处塌方，人员根本进不去，离失联人员距离的地方大约有几百米，目前挖掘机正在抢通道路。（@成都商报 ）,2,0,0,1564475700000
,YoRinbow_悠子只谈风月,#小栗旬挥手届的泥石流# 哈哈哈哈哈哈哈小栗旬的挥手从来不让人失望 ,1,0,0,1564475580000
2164096520,成都交通文艺广播,:【#四川甘洛突发泥石流#  消防徒步前往救援 已转移118人】连日来，四川多地出现暴雨天气。7月28日至7月29日的强降雨，目前已致四川省凉山州甘洛县7人失联。7月29日，甘洛县大队接到报警：甘洛县阿兹觉乡、新市坝镇部分区域发生山洪和泥石流，造成部分道路阻断和成昆复线工程中铁十八局施工人员被困、失联。接警后，甘洛县消防救援大队迅速出动14名消防指战员携带通讯、救援装备，徒步前往事故现场开展救援。 7月29日晚，甘洛县消防大队救援人员在途经苏雄2-3号隧道时，发现隧道内有中铁十八局施工人员及家属被困，救援人员随即展开营救，并成功将隧道内118名被困人员营救转移至安全区域。7月30日下午，红星新闻记者联系上当地村干部，据他介绍，从29日上午开始，失联人员的电话就打不通，他们也参与到搜救中，当地道路垮方太严重了，每隔十米左右都一处塌方，人员根本进不去，离失联人员距离的地方大约有几百米，目前挖掘机正在抢通道路。(@成都商报 ),0,0,0,1564475580000
,红星视频,:【四川甘洛突发泥石流  消防成功营救转移120名被困群众】7月29日11时许，四川甘洛县阿兹觉乡、新市坝镇，部分区域发生山洪和泥石流，造成部分道路阻断和成昆复线工程中铁十八局施工人员被困、失联。接警后，消防救援人员徒步前往事故现场开展救援。18时43分，救援人员在行进途中成功营救2名遇险群众，并转移至安全区域。20时35分，成功将隧道内118名被困人员营救转移至安全区域。7月30日12时16分，消防救援人员乘坐火车前往人员失联区域进行搜救。据，7名失联人员中，1人为当地群众，其余6人为成昆铁路复线施工人员。7月30日下午，当地村干部介绍，当地道路垮方太严重，距离失联人员方位大约有几百米，目前挖掘机正在抢通道路。@成都商报 http://t.cn/AijkuPfS,1,0,0,1564475460000
,宿州市民论坛,:【30日始，雷雨来袭 桑拿天略有“收敛”】       俗话常说“小暑大暑，有米不愿回家煮。”足见“三伏”天气的热辣。连日来，宿州市最高气温维持在35℃以上，大家饱受桑拿天的“洗礼”。预计本周初，高温天依旧，最高气温36～38℃。可喜的是，从今日开始，受雷阵雨天气影响，高温略有缓解。      据最新气象资料分析，本周宿州市主要受副热带高压控制，高温天气持续发展，29-30日最高气温可达36～38℃，局部39℃以上，请注意防暑降温；30日后高温天气有所回落。受高空槽东移和副高边缘影响，7月30日-8月4日宿州市多雷阵雨。夏季易发生对流性天气，请广大市民朋友注意天气变化，及时防范。     雷雨天来临，安全出行必不可少，8条安全出行小知识大家要牢记。     1、雨天行走要小心。尽量不要靠围墙、建筑物行走，防止建筑物倒塌、高空坠物等危险发生。雷雨天气容易发生泥石流、山体滑坡，如在野外，不要在室外逗留，尽快离开危险区域。    2、行走时远离车辆。步行出门时，一定要走地势高的道路，尽量避开机动车和非机动车。因为雨天道路湿滑，车辆刹车系统不灵活，更容易发生交通事故。安全起见，行走时最好远离车辆行驶的道路。    3、行走时不要玩手机。一边走路一边玩手机本来就不安全，雨天还要注意防雷，以及避免触电等危险，所以下雨天千万不要一边走路一边玩手机。    4、选择地势高处避雨。如果暴雨来临时正好在室外，那么先找一个安全的地方停留，直至暴雨结束为止。这个安全的地方必须是牢固的建筑物，或者地势较高的建筑物。在选择避雨地点时，要远离建筑工地的临时围墙、建在山坡上的围墙等。    5、小心“吃人”井盖。雨天出行，无论多么匆忙，一定要当心下水道、排污井等深坑，避免掉下去。如果发现路面有旋涡、突泉时要远远绕行；也要留心观察路面上有没有特殊标志，标志可能是发现险情后在提醒路过的人要小心。    6、“蹚水”需三思。雨天必须外出时，尽可能绕过积水严重地段。如果必须要蹚水通过，一定要随时观察所通过的路段附近有没有供电设备，以及有没有供电线路段落在积水中。    7、远离“电力设备”。多雨潮湿的天气，电气设备绝缘性能下降，人体的电阻也相对降低。在路上行走时不要靠近电力设备，更不能在供电线路和变压器下避雨。因为大风有可能刮断架空电线，雷击和暴雨容易引起裸线或变压器放电。    8、“8米”安全距离。如果发现电线段落掉在地上或浸在积水中，切勿接触，应离开导线落地点8米以外，提醒行人不要靠近，及时通知供电公司紧急处理。新媒体编辑：周仲秋,2,0,0,1564475400000
2363872087,-人生如寄-,哈哈哈哈哈哈哈哈哈哈哈哈哈哈哈哈哈哈哈哈哈哈哈哈哈景仪@郭丞 发的这个我要笑死了 小辈组在剧组真的很欢乐哈哈哈哈哈哈哈哈哈哈哈哈哈哈 恃宠久骄的微博视频 ,0,0,0,1564474980000
6215536291,雷眼观察,:【#四川甘洛突发泥石流#  消防徒步前往救援 已转移118人】连日来，四川多地出现暴雨天气。7月28日至7月29日的强降雨，目前已致四川省凉山州甘洛县7人失联。7月29日，甘洛县大队接到报警：甘洛县阿兹觉乡、新市坝镇部分区域发生山洪和泥石流，造成部分道路阻断和成昆复线工程中铁十八局施工人员被困、失联。接警后，甘洛县消防救援大队迅速出动14名消防指战员携带通讯、救援装备，徒步前往事故现场开展救援。 7月29日晚，甘洛县消防大队救援人员在途经苏雄2-3号隧道时，发现隧道内有中铁十八局施工人员及家属被困，救援人员随即展开营救，并成功将隧道内118名被困人员营救转移至安全区域。7月30日下午，红星新闻记者联系上当地村干部，据他介绍，从29日上午开始，失联人员的电话就打不通，他们也参与到搜救中，当地道路垮方太严重了，每隔十米左右都一处塌方，人员根本进不去，离失联人员距离的地方大约有几百米，目前挖掘机正在抢通道路。@成都商报  http://t.cn/AijkOqHc,0,0,0,1564474920000
6420680143,文山政法,【航拍#甘肃甘南泥石流#：10户房屋完全冲毁】7月29日，甘肃甘南迭部县达拉乡次哇村强降雨致暴雨泥石流，10户房屋完全冲毁，14户房屋不同程度受损。当地消防、应急等部门到场救援，截至至7月30日12时，事故已致2人死亡、2人失联，搜救工作还在进行中。新京报我们视频的秒拍视频 ,0,0,0,1564474800000
2524874683,牛逼的视频,:地铁里的泥石流，太辣眼睛了,2,3,3,1564474800000
5147519281,木夏清海,:#林更新#这货简直就是娱乐圈的一股泥石流 ,0,0,0,1564474800000
,云南日报,:【“我熟悉，我先上！” 他抱着小女孩与泥石流擦肩而过】7月25日，云南省昌宁县云永线发生泥石流，一辆皮卡车被困，车上有一家四口。昌宁县公安局交通管理部沧江中队接到群众报警求助后，民警迅速赶往现场救援。到达现场后，受困群众通讯中断，情况不明。民警谢卫华对同事说：“这条路我熟悉，我先上！”10分钟后，谢卫华抱着小女孩出现在同事的视线中，他们刚走出危险区，更大的泥石流一泻而下。（人民网云南频道）http://t.cn/Aijk2cd0,2,0,1,1564474800000
7199963185,英吉沙气象,:预计未来24小时（7月30日夜间到31日白天）英吉沙县多云有微到小阵雨，气温有些下降，风力3级，气温20到34度，8月1日晴间多云，气温变化不大；8月2～3日多云，有微到小阵雨，气温下降3～5℃。7月30日～8月3日浅山区持续有小雨，局地有中雨。高温、降水天气易引发山区暴雨融雪混合型洪水，谨防山区局地山洪、泥石流、山体滑坡等气象地质灾害。,0,0,0,1564474620000
2273481521,志存高远nlj,这种地区，一个敢批，一个敢建，一个敢买，一家敢住！  我特么笑死了的微博视频 ,0,0,0,1564474440000
,成都商报,:【#四川甘洛突发泥石流#  消防徒步前往救援 已转移118人】连日来，四川多地出现暴雨天气。7月28日至7月29日的强降雨，目前已致四川省凉山州甘洛县7人失联。7月29日，甘洛县大队接到报警：甘洛县阿兹觉乡、新市坝镇部分区域发生山洪和泥石流，造成部分道路阻断和成昆复线工程中铁十八局施工人员被困、失联。接警后，甘洛县消防救援大队迅速出动14名消防指战员携带通讯、救援装备，徒步前往事故现场开展救援。 7月29日晚，甘洛县消防大队救援人员在途经苏雄2-3号隧道时，发现隧道内有中铁十八局施工人员及家属被困，救援人员随即展开营救，并成功将隧道内118名被困人员营救转移至安全区域。7月30日下午，红星新闻记者联系上当地村干部，据他介绍，从29日上午开始，失联人员的电话就打不通，他们也参与到搜救中，当地道路垮方太严重了，每隔十米左右都一处塌方，人员根本进不去，离失联人员距离的地方大约有几百米，目前挖掘机正在抢通道路。http://t.cn/AijkOqHc http://t.cn/AijkuPfS,23,9,13,1564474320000
2048794803,我的痛楚你知道,:灭顶之灾恳求援助！尊敬的领导，您好！我叫蒋学法，现年46周岁，系湖南省衡阳县井头镇白云村石牛组人。我自幼丧父，母亲体弱多病，两间土砖瓦房摇摇欲坠！我只得东挪西借建了三间红砖房。却不料今年的洪水将屋后的山坡浸泡，顷刻间山体滑坡，泥石流奔涌而至，我家房屋完全被掩埋，家人死里逃生！由于无栖身之处（现在仍居住在岌岌可危的房间），我不得不贷款十万元请来挖掘机和汽车清於转运，债台高筑的我家在凄风苦雨中瑟缩，陷入了山穷水尽之境地！俗话说：一方有难，八方支援！可突如其来的天灾除了我家积极自救外别无外援？我向基层父母官反映多次无果？恳请领导调查落实我家的灾情。拯救生活在水深火热中的我家！让我家人能真真切切地感受到党的关怀和社会主义大家庭的温暖！,0,0,0,1564474080000
2395541442,歌指柔,:#林更新#这货简直就是娱乐圈的一股泥石流 ,0,0,0,1564474080000
2464409642,伊犁天气,:伊犁州气象台2019年7月30日15时05分发布雷电黄色预警信号:预计今天下午至夜间，伊犁河谷部分地区将出现雷电天气，可能造成雷电灾害，期间可能伴有短时强降水、短时大风、冰雹等强对流天气，易引发局地洪水及泥石流、滑坡等地质灾害，注意防范。 ,0,0,0,1564474020000
3201566902,平度司法,:#安全生产#  遇到山体滑坡怎么办？这些逃生技巧讲给孩子听来源：微言教育2019-07-30 10:37　　安全公开课　　夏季，暴雨频发，容易发生山体滑坡、泥石流等自然灾害。暑假期间，家长带孩子出行如果遭遇山体滑坡该如何应对？　　今天，带大家看“暑期安全公开课”，通过长图一起来了解。　　什么是山体滑坡？遭遇山体滑坡怎么办？一图了解。,0,0,0,1564473840000
5537781788,辽宁发布,:8月份我省将进入主汛期，也是我省地质灾害高发期。据有关部门评估预测，今年全省地质灾害总体趋势接近常年，局部地区如大连、本溪、丹东和营口等地质灾害发生数量、危害程度和造成的直接经济损失较去年可能会有所增加。全省主要地质灾害类型仍为滑坡、泥石流、崩塌。根据最新统计，目前，全省有地质灾害隐患点2979个。http://t.cn/AijkopSc,0,1,1,1564473780000
