6372813088,若璃1206,KGU-Volunteer王俊凯粉丝公益 联合 CrownKarry-王冠站向学校送水,0,0,0,1559231700000
5175067804,木木玩多肉,:肉肉长的饱满的原理同人，只有暴饮暴食才能肥胖，多肉植物一样，饱满的多肉是叶片储存了足够多的水分，为什么会储存那么多水分呢？这是自然进化的结果，只有经常处于缺水状态的多肉植物才能激活其体内的储水机能，根系发达，当有充分的水分时会使劲的储存水分，为即将到来的干旱做准备，这就是控养。让多肉植物记住接下来还是干旱的季节，当雨水来临，多肉就会狼吞虎咽，暴饮暴食，叶片也会变得非常饱满。控养的精髓就是控制浇水的频率，保持充足的光照，最好是颗粒土，控养的肉肉一般会精致而饱满，色彩艳丽，小呆萌才是我们的最爱。 http://t.cn/E6gFwWx,1,0,0,1559231700000
5703557362,AmazonDemeter,【#4岁女孩吐槽阿拉丁#：不需要男孩带我看世界】5月23日，迪士尼动画电影《阿拉丁》真人版已在院线上映，电影保留了主人公阿拉丁带茉莉公主乘魔毯夜游世界的情节，但美国得州一位4岁小观众对这段经典桥段并不满意。观影前她就表示：女孩不需要男孩子带她看世界，公主也不需要王子来救。http://t.cn/AiKnpS9O @新京报我们视频,9,0,3,1559231640000
5892157026,N_AiPinBo,KGU-Volunteer王俊凯粉丝公益 联合 CrownKarry-王冠站向学校送水,1,0,0,1559231340000
5517739362,你的头发上有雪,":雪人在雪地里静静地看着农夫,不愿错过一分一秒。夜深了，农夫回到家，雪人仍朝着农夫家的方向望去，里面有温暖的灯光。是你创造了我，可爱的农夫。第二天，太阳升起，雪人化成了一滩水，雪人在阳光的照射下缓缓的上升，并朝着农夫大喊:“再见啊。”第二年夏天，农民们遇到了几十年难遇的干旱，农夫也望着大片裂开的土地发愁。“农夫，我来啦。”一朵白云从远处赶来，“我给你带来了北太平洋的兄弟们。”晚安",5,0,0,1559231280000
6319518416,阿拉小俊的喵,KGU-Volunteer王俊凯粉丝公益 联合 CrownKarry-王冠站向学校送水,0,0,0,1559231220000
,山东新闻哥,:#泰安身边事# 【一位老杨病了，30亩大棚废了。老杨啊，你到底是病呢？还是不病呢？】5月30日，《#问政山东#》第十三期节目中，曝光了新泰市为了治理采煤沉陷区建设的农光互补项目中，30个光伏大棚荒草丛生、覆膜破损严重的问题。对此，新泰市市长赵书刚回应说，大棚破败是因为今年天气干旱，并且大棚的承包者老杨因为生病耽误了种植，目前老杨正以每天两三个棚的速度进行种植。 http://t.cn/AiKuEpFe,2,0,1,1559231220000
6320615963,夏天的承诺LK,KGU-Volunteer王俊凯粉丝公益 联合 CrownKarry-王冠站向学校送水,0,0,0,1559231220000
2275375947,云南勐库津原茶叶,:冰岛老寨古树🍃                            二春第一波开采。由于天气一直干旱，发芽比较慢，数量也非常少[抱拳] 临沧·冰岛村 ,3,0,1,1559230920000
3942973235,最最喜欢蓝色,KGU-Volunteer王俊凯粉丝公益 联合 CrownKarry-王冠站向学校送水,0,0,0,1559230740000
6050692324,俊宝飞刀,KGU-Volunteer王俊凯粉丝公益 联合 CrownKarry-王冠站向学校送水,0,0,0,1559230740000
7047809691,不次肥又又的梅梅酱,:干旱了五个月没下雨的版纳，今天下了很久的大雨，导致我决定每天的山地跑步今天中断了，唉，不开心，不过我跟着微博推荐的Tabata做了四组，暴了一身汗，还坚持了两分钟的平板支撑，算是运动了吧，今天就偷个懒了，明早起来一称体重估计就打回67了，明天我就只吃草了，要把今天没跑掉的肥油，在明天饿肚子来抵消。加油，胖梅！,1,0,0,1559230500000
5378063179,用户5378063179,:2019年5月29日聚焦三农 关注云南干旱 CCTV7完整视频http://t.cn/AiK3cdll北京时间2019年5月29日，由中央电视台CCTV7军事农业频道制作播出的节目《聚焦三农》关注云南干旱将正式在CCTV7军事农业播出，更多精彩内容，敬请期待。 ,0,0,0,1559230440000
5378063179,用户5378063179,:2019年5月29日聚焦三农 关注云南干旱 CCTV7完整视频-央视节目-大地足球 http://t.cn/AiK3cRQk ,0,0,0,1559230440000
5228154139,奔跑的凯唯思思,KGU-Volunteer王俊凯粉丝公益 联合 CrownKarry-王冠站向学校送水,0,0,0,1559229780000
6235733059,爱吃糖果小仙女BCD,KGU-Volunteer王俊凯粉丝公益 联合 CrownKarry-王冠站向学校送水,0,0,0,1559229780000
3098456133,老c队长,:近期多地发生干旱，5月山东滨州、河南杞县、民权、宁陵、内黄、获嘉，山西阳泉、平定、洪洞5月1-29日降水为0。,16,3,5,1559229300000
3503613567,嫉妒是粒沙子0921,KGU-Volunteer王俊凯粉丝公益 联合 CrownKarry-王冠站向学校送水,0,0,0,1559229180000
1862570851,桔子酱翻车鱼,:今天终于下了2019年最炎热最干旱夏天的第一场雨。煮一锅绿豆汤，继续贪恋这一点点清凉。 ,2,0,0,1559229000000
6037832578,整个宇宙的繁星k,KGU-Volunteer王俊凯粉丝公益 联合 CrownKarry-王冠站向学校送水,0,0,0,1559228940000
6362320874,奈奈生sakura,KGU-Volunteer王俊凯粉丝公益 联合 CrownKarry-王冠站向学校送水,0,0,0,1559228640000
6346108676,Kr_浅白色,KGU-Volunteer王俊凯粉丝公益 联合 CrownKarry-王冠站向学校送水,0,0,0,1559228460000
6115101323,凯宝的小棉袄921,KGU-Volunteer王俊凯粉丝公益 联合 CrownKarry-王冠站向学校送水,0,0,0,1559228280000
6037824462,田娅Nancy,还魂草，可以在极端干旱条件下生存多年，当缺水时，会变成褐色，卷曲成球状，看起来已经枯萎死亡，达到完全休眠，浇水后又复苏伸展，几个小时内会变成绿色。  媒体印象的秒拍视频 ,0,0,0,1559228160000
5214540136,超平和晖晖,KGU-Volunteer王俊凯粉丝公益 联合 CrownKarry-王冠站向学校送水,0,0,0,1559227860000
3806199617,昆明市商务局,":【云南干旱因全球变暖和厄尔尼诺事件 昆明依然是“春城”】""今年云南的异常干旱气象缘于全球气候变暖的大背景和厄尔尼诺事件。”5月27日,在云南省防汛抗旱指挥部联合云南省农业农村厅、云南省气象局共同举行的2019云南省防汛抗旱工作媒体通气会上,云南省气象局副局长顾万龙这样解释了今年云南遭遇重大旱情的原因。",2,0,0,1559227440000
,俊俊凯的冰美式,KGU-Volunteer王俊凯粉丝公益 联合 CrownKarry-王冠站向学校送水,0,0,0,1559227320000
5250721599,校门口买的荷兰豆,KGU-Volunteer王俊凯粉丝公益 联合 CrownKarry-王冠站向学校送水,0,0,0,1559226900000
2315238225,问政山东,:#泰安身边事# 【#30多个光伏大棚示范项目杂草丛生# 市长回应：承包的老杨病了】5月30日，《#问政山东#》第十三期节目中，曝光了新泰市为了治理采煤沉陷区建设的农光互补项目中，30个光伏大棚荒草丛生、覆膜破损严重的问题。对此，新泰市市长赵书刚回应说，大棚破败是因为今年天气干旱，并且大棚的承包者老杨因为生病耽误了种植，目前老杨正以每天两三个棚的速度进行种植。 http://t.cn/AiKuEpFe,35,4,18,1559226660000
6484815960,花残半落,:云南地区首先是云贵高原，海拔高，暖湿空气难以爬升到达，降水较少，其次，为喀斯特地貌，容易流水溶蚀，空隙多，易下渗，不易地表存积，导致水少干旱，有很大部分就是人的不合理利用， 云南部分地区为什么容易干旱? ,10,0,0,1559226600000
5347288835,猫咪小卡,KGU-Volunteer王俊凯粉丝公益 联合 CrownKarry-王冠站向学校送水,0,0,0,1559226600000
6180671158,养眼的村姑村里有个姑娘叫小芳,:南飞的大雁是对北方寒冷的告别秋天的落叶是对炎热夏天的告别雨季是对干旱的告别彩虹是对风雨的告别山重水复后的柳暗花明是对迷失的告别福满人生是对忙累烦苦惨五毒人生的告别告别是一种必然因为我们有着最初的美好的约定那个约定 叫【幸福】今晚8点 相约【福满人生】空中微课邱佳雨老师和您一起告别过去所有的不如意迎接轻松喜悦的小幸运人生 家庭 孩子 企业 家族五个版块 五福临门 圆满成功 http://t.cn/EGc2DE2,0,1,0,1559226540000
5945814223,皮凯秋的921,KGU-Volunteer王俊凯粉丝公益 联合 CrownKarry-王冠站向学校送水,0,0,0,1559226360000
1628389152,微宇初歇,【攀枝花小贵妃】一年一度芒果季！小贵妃来啦！,0,0,0,1559226240000
,兮遥咖啡庄园,:#普洱咖啡#终于下雨了，咖农悬了几个月的心终于放下来了，朋友圈都是大家的欢呼特别是咱们种地的，跟过年了一样开心。看我视频感受一下我们的喜悦。,4,0,0,1559226180000
5454371594,甜甜的凯莉,KGU-Volunteer王俊凯粉丝公益 联合 CrownKarry-王冠站向学校送水,0,0,0,1559226180000
5211503869,蟹蟹--crab,KGU-Volunteer王俊凯粉丝公益 联合 CrownKarry-王冠站向学校送水,0,0,0,1559225640000
6383922385,来瓶921年的爽歪歪,KGU-Volunteer王俊凯粉丝公益 联合 CrownKarry-王冠站向学校送水,0,0,0,1559225520000
6593827089,MD_宁哥哥的小灯笼,:#刘宇宁摩登肌密# #摩登兄弟刘宇宁 快乐大本营# #摩登兄弟[超话]#老大啊！西双版纳蛮热的，你多补充水分，注意防晒，防暑。干旱天气很容易感冒。你要照顾好自己，不要感冒。不然我们可得要担心了啊,13,1,21,1559225520000
5965087878,陪俊俊去冰岛漫游,KGU-Volunteer王俊凯粉丝公益 联合 CrownKarry-王冠站向学校送水,1,0,0,1559225100000
6593568765,燕子的果子,【攀枝花小贵妃】一年一度芒果季！小贵妃来啦！,0,11,0,1559224380000
5852029464,指间上的熏衣草,KGU-Volunteer王俊凯粉丝公益 联合 CrownKarry-王冠站向学校送水,0,0,0,1559223960000
5099502719,清古林TEAHOUSE,:几个月来连续干旱的普洱，终于在今日降下雨水。久逢甘霖，细雨浇愁，饮一壶清古林普洱茶，幸福莫过于此。 ,1,0,0,1559223900000
,天气有聊吗,:【今日形势】在连续两天的短暂间歇之后，滇中及以东又将迎来雨水的洗礼，不仅是滇中以东，滇南近期的雨也是一直不停，持续的降雨对于降低森林火险，改善土壤墒情，缓解气象干旱都极为有利，但也要注意旱涝急转，尤其是滇南边缘，注意防范山洪以及地质灾害。滇西和滇西北的东部，短期来看，仍缺乏有效降水，旱情的缓解还需再等一等。,3,0,0,1559223840000
2335538943,K凌云霄,KGU-Volunteer王俊凯粉丝公益 联合 CrownKarry-王冠站向学校送水,0,0,0,1559223360000
6452693115,灵芝净土,KGU-Volunteer王俊凯粉丝公益 联合 CrownKarry-王冠站向学校送水,0,0,0,1559223240000
6404828481,九棵树二一年,KGU-Volunteer王俊凯粉丝公益 联合 CrownKarry-王冠站向学校送水,0,0,0,1559223180000
6788414556,Karry的老阿姨,KGU-Volunteer王俊凯粉丝公益 联合 CrownKarry-王冠站向学校送水,0,0,0,1559223180000
6485143615,回忆少年的你,KGU-Volunteer王俊凯粉丝公益 联合 CrownKarry-王冠站向学校送水,0,0,0,1559223120000
6793209286,用户6793209286,":近几年，越来越多的极端天气，像今年云南干旱，景东县气象台2019年5月30日20时40分继续发布干旱橙色预警信号:根据最新气象资料分析,目前景东县大部地区仍达气象干旱重旱等级。干旱的直接危害是造成农牧业减产,人畜饮水发生困难,农牧民群众陷于贫困之中。干旱的间接危害是引发其他自然灾害的发生。希望云南尽快度过干旱这道坎。",1,0,0,1559223120000
3826720806,谜之少女瑶瑶酱,KGU-Volunteer王俊凯粉丝公益 联合 CrownKarry-王冠站向学校送水,0,0,0,1559223000000
,文教艺在线,:#中国发布[超话]#【一片狼藉！美国连续12天龙卷风，近百人无家可归】堪萨斯城地区受到暴风雨的袭击，暴风雨愈演愈烈产生了龙卷风，毁坏了树木和电线，房屋受损，在这样恶劣的天气中，至少十几人受伤。龙卷风开始向纽约市东部渐行渐近。而宾夕法尼亚州和新泽西州的部分地区也遭到龙卷风袭击，数小时后，房屋粉碎，窗户烧毁，一些学生由于建筑物损坏而提前结束上课。龙卷风导致一人死亡，至少130人受伤。星期二堪萨斯城的暴风雨连续第12天，美国国家气象局（NWS）至少报告了有8次龙卷风。医院发言人Janice Early说，至少有十几人被送往劳伦斯的医院，该医院位于密苏里州堪萨斯城市中心以西约65公里处，是堪萨斯大学的所在地。据报道，堪萨斯州邦纳斯普林斯，林伍德和普莱森特格罗夫镇也遭受了破坏。48岁的马克·达芬从他的妻子和电视报道中了解到，这场大型龙卷风正朝着他位于堪萨斯城以西约50公里的林伍德的家中。他知道的下一件事是，他家的墙壁倒塌了。恶劣的天气不仅限于中西部，在宾夕法尼亚州东部确认了龙卷风来袭，国家气象局对纽约市和新泽西州北部的部分地区确认发布了龙卷风警报。据报道，俄亥俄州代顿市外有一些非常严重的损毁。俄亥俄州州长麦克发现了三个遭受重创的县后宣布进入紧急状态，允许该州暂停正常的采购程序，并迅速提供水和发电机等供应。风暴预测中心的气象学家帕特里克·马什说，周一是美国连续第11天遭遇至少8次龙卷风的创纪录日子。上一次这样的纪录是在1980年。天气服务网站周二至少有27起龙卷风报道，其中大多数发生在堪萨斯州和密苏里州，也发生在宾夕法尼亚州和伊利诺伊州。马什说，50次甚至更多次龙卷风的爆发并不罕见，在美国历史上发生了63次，其中有三次超过100次。但周一这次不同寻常，因为它发生在一个特别广泛的地理区域，并且特别活跃的延伸到周围城市，至于为什么会发生这种情况，马什说东南部的高压和落基山脉上异常寒冷的低谷，迫使温暖潮湿的空气进入美国中部，引发反复的强雷暴和龙卷风。科学家表示，气候变化导致更强烈和更频繁的极端天气，如风暴，干旱，洪水和火灾，但如果没有进行广泛研究，他们就无法直接将单一天气事件与气候变化联系起来。,3,1,0,1559223000000
,易会林,:【市井百相：沙枣花】晚上到小区散步，闻到一股沁人心脾的花香。这就是每年到了五月下旬行驰户外马路旁有时候可以闻到的沙枣花的气息，这是小时候久违的浓浓沙枣花香。老新疆都知道，新疆沙漠干旱的地方只有胡杨树、红柳、沙枣树这样耐旱的树种才能成活，久居新疆生活的人会对沙枣树有种特殊的感情。小时候在团场、乡村多见，如今在城市里的小区看到，比较稀罕。摄于2019年5月29日。#资讯微播报##资讯播报##街拍中国##我和我的祖国·新疆心声##我们的街拍时刻##乌鲁木齐##乌鲁木齐资讯##新疆播报##易会林随手拍##沙枣花开# http://t.cn/z82FZOI,2,0,0,1559222640000
6124207081,阿蛮醨,KGU-Volunteer王俊凯粉丝公益 联合 CrownKarry-王冠站向学校送水,0,0,0,1559222580000
6136594053,玲晨雨,:锄禾正午，汗透衣襟湿几度。青苗萎靡，可叹田家顶日灼。冀北干旱，江南阴雨常连绵。南北两重，旱涝不均难相同。 潍坊 ,27,0,33,1559222340000
6052661283,凯始是那一回眸的温柔,KGU-Volunteer王俊凯粉丝公益 联合 CrownKarry-王冠站向学校送水,0,0,0,1559222280000
6275392754,王导的迷姐一枚,KGU-Volunteer王俊凯粉丝公益 联合 CrownKarry-王冠站向学校送水,0,0,0,1559222220000
,满河是水,:【凤翔今开廉割麦 比往年提前一周】5月30日上午，宝鸡凤翔县长青镇长青村的一些村民，已开始挥镰割麦。据村民们讲，由于干旱少雨，今年的小麦减产已成定局，其中坡地减产近三成。开镰时间则比往年提前了一周。 ,3,0,0,1559222220000
5658191304,穿透心灵的冰521,KGU-Volunteer王俊凯粉丝公益 联合 CrownKarry-王冠站向学校送水,0,0,0,1559221980000
7006200464,FM899潍坊新闻广播,:虞河路与玉清街交叉口西南边的绿化带喊“渴” 市区虞河路与玉清街交叉口西南的绿化带损坏严重，不少地方被踩成了小路，绿化带内的苗木枯萎。请听潍坊电台融媒体记者的报道。 在市区虞河路与玉清街交叉口西南的绿化带内，记者看到，这里被踩出了一条条硬邦邦的小路。看上去这里长久没有浇水了，地上的绿植枯萎了。记者顺着玉清街往西走，发现，这一路段的绿化带损毁严重，很多地方都被踩出了小路。市民刘女士告诉记者，城市建设的这么美，市民也应该共同维护美好的环境，不能图自己方便，糟蹋了绿化带。【出录音：天气这么干旱，应该及时浇水才行，这些花花草草都干死了，看着怪心疼的。这些绿化带大家也应该共同维护，不应该在里面走。】绿化带也需要定期维护，记者将这一现象反映给了12319市政服务热线，工作人员表示，将派相关部门处理。【出录音：马上落实相关单位，我通知相关部门让他们去浇水。】,0,0,0,1559221980000
6094665601,超喜欢小泽er吖_,KGU-Volunteer王俊凯粉丝公益 联合 CrownKarry-王冠站向学校送水,0,0,0,1559221860000
5489886227,星空下的眼泪_0921,KGU-Volunteer王俊凯粉丝公益 联合 CrownKarry-王冠站向学校送水,0,0,0,1559221560000
,郁洲先生,:上周六与今天真的可以人工降雨了，连云港有点干旱少雨了 连云港·花果山 ,0,0,0,1559221560000
5202731539,发光的蓝色星星921,KGU-Volunteer王俊凯粉丝公益 联合 CrownKarry-王冠站向学校送水,0,0,0,1559221560000
5759186710,清风丽影--,:红尘攘攘，紫陌花繁，总有些景只能一人独赏。昨夜，狂风猛袭，暴雨扯天连地，像是天河决了堤。开在墙角里的小黄花已过了季，经过这场肆虐的袭击，躬身不起，娇小的朵儿微微合闭。无奈掐下几枝，插在花瓶里，也不知她们还能开几许香几许，顺其自然吧，总归已应了春的景，我的心。近两个月来，这丛玲珑纤细的腰身，任春寒变幻干旱少雨，她一直开的充盈美丽，似乎与风月无关，千尘不染，干净嫣然！虽没有许多名花的雍容与馨香，堪至连名字都不曾有过，但她不张扬，不骄傲，不消沉，不脆弱，淡雅从容，骨子里的清幽与顽强，自成品格，独领姿容，风来翩跹，雨来无恙，独自安静地绽放于无常光阴中的帷幔。经过一段时间近距离的用心品味和欣赏，从小黄花素美顽强的姿态中感悟颇多……万物盛极总是一时，不过，经历和接受她们由盛而衰的过程，能历练一颗坚强而不失柔软的心。无论她们是绽放还是凋零，望着她们，都好于频频回眸……此刻间，无言便是最真的情感，纵世间有再多的百媚千红，我只把小黃花当成一场最美的遇见！把花开花落的时光，浅遇深藏。折回的几枝细心护养，免她冷免她伤，让她在生命的终了，能够得以温暖得以安然。与一束花的相遇，相惜，相守，作别，一时一地，这情，轻盈温婉，这爱，舒怀简单。爱你，这一束静美与从容，永远开在我心中！也许，生命中的所有遇见皆是有缘，一束花，一处景，一朵云，一个人……,52,19,93,1559221440000
6424987598,最爱菠萝包啦,KGU-Volunteer王俊凯粉丝公益 联合 CrownKarry-王冠站向学校送水,0,0,0,1559221440000
5100466152,Fairy有只猫,KGU-Volunteer王俊凯粉丝公益 联合 CrownKarry-王冠站向学校送水,0,0,0,1559221260000
6474973076,甜星小俊,KGU-Volunteer王俊凯粉丝公益 联合 CrownKarry-王冠站向学校送水,0,0,0,1559221140000
1823006797,可爱妮妮房,KGU-Volunteer王俊凯粉丝公益 联合 CrownKarry-王冠站向学校送水,0,0,0,1559221080000
,任澎,:植物学备课日，观沙漠植物有感。纵然生活不易，已将我们雕琢成满身是刺的圆润，只要心有柔情，便可咽下千般苦楚，像这沙漠玫瑰艳丽绽放！（我第一次知道在干旱的沙漠里，竟然有图二沙漠玫瑰这种植物！） 北京·首都机场T3航站楼 ,2,1,0,1559221020000
5967905742,Sarah-0921,KGU-Volunteer王俊凯粉丝公益 联合 CrownKarry-王冠站向学校送水,0,0,0,1559220840000
7078706764,深拥则暖F_鞍hzK,:植物遇到干旱的时候，根会变长变密；视觉受损的动物，听觉会更敏锐。世界很残酷，但凡留存至今的物种，没有弱者，都有一套强大的补偿机制，甚至会超量补偿，生长得比遇到逆境之前还好。只要杀不死，就能更强大。 ,0,0,0,1559220660000
6760376786,第921个街口,KGU-Volunteer王俊凯粉丝公益 联合 CrownKarry-王冠站向学校送水,0,0,0,1559220600000
5829478726,蓝·希·Nancy,KGU-Volunteer王俊凯粉丝公益 联合 CrownKarry-王冠站向学校送水,0,0,0,1559220420000
6336301940,KYX_十四,KGU-Volunteer王俊凯粉丝公益 联合 CrownKarry-王冠站向学校送水,0,0,0,1559220180000
5419100475,kanshenmekanrangnikanlema22,KGU-Volunteer王俊凯粉丝公益 联合 CrownKarry-王冠站向学校送水,0,0,0,1559220120000
6769461892,愿凯K常安,KGU-Volunteer王俊凯粉丝公益 联合 CrownKarry-王冠站向学校送水,0,0,0,1559219940000
6420484232,叮咚岛主,KGU-Volunteer王俊凯粉丝公益 联合 CrownKarry-王冠站向学校送水,0,0,0,1559219760000
5595763490,小俊的火锅底料,KGU-Volunteer王俊凯粉丝公益 联合 CrownKarry-王冠站向学校送水,0,0,0,1559219520000
5225368603,凯意笑眸k,KGU-Volunteer王俊凯粉丝公益 联合 CrownKarry-王冠站向学校送水,0,0,0,1559219460000
6431395552,千夏风凯66262,KGU-Volunteer王俊凯粉丝公益 联合 CrownKarry-王冠站向学校送水,0,0,0,1559219400000
6684989682,週期,KGU-Volunteer王俊凯粉丝公益 联合 CrownKarry-王冠站向学校送水,0,0,0,1559219400000
2506510675,小晚Eyre,:明明我才是陪床照顾人的那个，但是我家妈怕我无聊，自己去给我买了这些小零嘴，真的这个感觉一点都不好，今年是一个对我很不友好的年，先是爷爷住院，才出院没几天我妈也住院，再加上今年干旱，心累的不行，只希望我家人都健健康康的，其它的真的什么都不重要了 ,3,0,4,1559219100000
3797814215,王锵锵奶茶工,KGU-Volunteer王俊凯粉丝公益 联合 CrownKarry-王冠站向学校送水,0,0,0,1559218980000
2758450907,初识高山植物,:霞红灯台报春，据说能形成花海，但今年干旱，可能无缘见到了。 ,35,15,5,1559218680000
7059868823,筱雷6120,:水杉耐寒性强，耐水湿能力强，在轻盐碱地可以生长为喜光性树种，根系发达，生长的快慢常受土壤水分的支配。水杉喜光不耐贫瘠和干旱，净化空气，生长缓慢，移栽容易成活。拍 👉🏻http://t.cn/AiKuvotr👈🏻 ,0,0,0,1559218620000
1350185760,KallyQ0921,KGU-Volunteer王俊凯粉丝公益 联合 CrownKarry-王冠站向学校送水,0,0,0,1559218500000
2140479502,JINJIN丫,KGU-Volunteer王俊凯粉丝公益 联合 CrownKarry-王冠站向学校送水,0,0,0,1559218380000
6365072472,H蓝色海,KGU-Volunteer王俊凯粉丝公益 联合 CrownKarry-王冠站向学校送水,0,0,0,1559218320000
2839299675,married_beloved,:枸杞全世界共有80种，我国有7种产自西北和西南地区，枸杞中最珍贵的就是黑果枸杞，珍贵的野生黑枸杞多产于柴达木、塔里木等干旱盆地戈壁，尤其是可以预防癌症的功效更是倍受老百姓青睐而誉为“黑金”。 ,8,0,4,1559218080000
5377240006,指尖中的细碎阳光,KGU-Volunteer王俊凯粉丝公益 联合 CrownKarry-王冠站向学校送水,0,0,0,1559218020000
6531730525,路飞快去找他_,KGU-Volunteer王俊凯粉丝公益 联合 CrownKarry-王冠站向学校送水,0,0,0,1559217900000
6531730525,路飞快去找他_,KGU-Volunteer王俊凯粉丝公益 联合 CrownKarry-王冠站向学校送水,0,0,0,1559217900000
3452622700,王俊凯我等你开演唱会呢,KGU-Volunteer王俊凯粉丝公益 联合 CrownKarry-王冠站向学校送水,0,1,0,1559217900000
5899585185,还我小鱼干00,KGU-Volunteer王俊凯粉丝公益 联合 CrownKarry-王冠站向学校送水,1,1,0,1559217780000
6976111737,yyq佳期如梦,:                   楸树园里助农忙中原区：冀会超 报道    2019年5月30日， 阴转晴，风力5到6级。上润宏达农业有限公司百亩果园，在上个月河南许昌长葛德胜课堂，全体志愿者帮助果园栽完楸树苗后，由于天气炎热干旱，死了许多树苗，急需补种。今日授农业有限公司求助，东望志愿者又一次来到果园补栽楸树苗。       虽然路途遥远，他们不辞劳苦来到果园，立马投入到工作之中。他们分工明确，井然有序，搬的搬、栽的栽、锄的锄、浇水的浇水，干的热火朝天，不亦乐乎，时不时还传来优美高亢的歌声和欢声笑语。他们不怕苦、不怕累，经过一天的辛苦付出，补栽了十余亩果园，公司老总感激之情溢于言表，赞不绝口，给予了他们高度评价。,0,0,0,1559217540000
5257845889,彧59027,KGU-Volunteer王俊凯粉丝公益 联合 CrownKarry-王冠站向学校送水,0,0,0,1559217360000
6413114355,冬日暖阳_199702,KGU-Volunteer王俊凯粉丝公益 联合 CrownKarry-王冠站向学校送水,0,0,0,1559217300000
5853835923,浮萍的玫瑰_999,KGU-Volunteer王俊凯粉丝公益 联合 CrownKarry-王冠站向学校送水,0,0,0,1559217240000
6518008715,天衣无缝小柠檬,KGU-Volunteer王俊凯粉丝公益 联合 CrownKarry-王冠站向学校送水,0,0,0,1559217000000
5432818556,花开半夏heart,KGU-Volunteer王俊凯粉丝公益 联合 CrownKarry-王冠站向学校送水,0,0,0,1559216940000
6321588333,喵本猫KK,KGU-Volunteer王俊凯粉丝公益 联合 CrownKarry-王冠站向学校送水,0,0,0,1559216880000
5545112432,kkkwang3luo,KGU-Volunteer王俊凯粉丝公益 联合 CrownKarry-王冠站向学校送水,0,0,0,1559216700000
,重庆_巴渝毛,:【猜你喜欢】     “八泉峡”景区，位于山西长治壶关太行山大峡谷北侧，景区全长11公里，集江河峡谷、石灰岩干旱峡谷和溪流峡谷等诸多景致为一体，气候湿润，植被良好，旅游资源丰美，地理位置处优，被人们称之为“世界极品旅游资源”（摄影 曾庆平） 重庆·保利花半里 ,1,1,1,1559216700000
6432528997,善良没坏处,KGU-Volunteer王俊凯粉丝公益 联合 CrownKarry-王冠站向学校送水,0,1,0,1559216640000
6700251298,倍特期货上海分公司,:橡胶维持震荡观点：今日天然橡胶出现回调，RU1909合约收报12030点，下跌0.41%。目前橡胶基本面变化不大，市场矛盾主要集中在上游干旱天气的影响，而近期混合胶增加关税的影响逐步淡化，下游方面目前缺乏增量，轮胎厂维持正常开工率。目前天气因素对橡胶影响明显。消息面，2019年，上期所对天然橡胶品种的总扶持预算将达到1.06亿元。其中“保险+期货”试点专项资金为9000万元，比上年净增加近2000万元。交易策略方面，橡胶维持震荡行情，炒作空间受限，如果RU1909合约突破12300点，则空单平仓。,0,0,0,1559216520000
5334558781,用户5334558781,:中央气象台！天气预报发布了全国多地降雨！个别地区干旱天气！朋友们请注意防洪防署防干旱灾情发生！注意安全。 ,0,0,0,1559216460000
5515851336,从开始到未来_只为凯宝,KGU-Volunteer王俊凯粉丝公益 联合 CrownKarry-王冠站向学校送水,0,0,0,1559216460000
6062260869,澜沧气象,:澜沧县气象台2019年5月30日19时45分降级发布干旱橙色预警信号：根据最新气象资料分析，预计未来7天我县大部地区气象干旱等级为重旱等级，现将5月23日19时45分发布的干旱红色预警信号降级为干旱橙色预警信号，请相关部门积极采取应对措施。防御指南：1.有关部门和单位按照职责做好防御干旱的应急工作；2.有关部门启用应急备用水源，调度辖区内一切可用水源，优先保障城乡居民生活用水和牲畜饮水；3.压减城镇供水指标，优先经济作物灌溉用水，限制大量农业灌溉用水；4.限制非生产性高耗水及服务业用水，限制排放工业污水。,0,0,0,1559216460000
6360302985,心引力Karry流星,KGU-Volunteer王俊凯粉丝公益 联合 CrownKarry-王冠站向学校送水,0,0,0,1559216400000
6378377080,王巨可爱麻麻,KGU-Volunteer王俊凯粉丝公益 联合 CrownKarry-王冠站向学校送水,0,1,0,1559216280000
,Space星核火磁云MWR,【中原干旱可能继续发展加重】今年5月以来，黄河长江之间地区的气象干旱不断发展加重，5月29日在山西南部、河南、山东、江苏安徽湖北三省北部出现了重度气象干旱，河南、湖北、安徽、山东部分地区特旱。从降水量来看，5月以来这一带降水显著偏少，本来统计了很多的站点数据，但是发不出来！！！可能因为某些数字犯冲了。山东滨州、河南杞县、民权、宁陵、内黄、获嘉，山西阳泉、平定、洪洞5月1-29日降水为0。在河南安徽北部等地，降水量普遍不足常年的10%，大多是几毫米，甚至不到1毫米，河南平顶山 漯河 南阳、安徽亳州 宿州 阜阳 淮南 蚌埠为历史同期最少。今后10天，已经明显出现气象干旱的中原地区，气象干旱还会进一步发展加剧。一方面是降水依然偏少甚至无降水（图5），另外一方面，高温晴热天气居多，河南一带6月1-2日高温快速增多，上旬可能出现连续性高温，从图6的气温距平（偏低偏高）预报看，黄河和长江之间的河南山东安徽江苏一带，为气温偏高最明显区域，高温晴热加大土壤蒸发量，土壤水分的收支不平衡导致的干旱会继续加重。此外，5月上中旬降水偏少、气温偏高的云南，未来降水增多，气象干旱有望得到一定程度缓和。,0,0,0,1559216220000
1801976352,锵锵-凯帝喵星卡里,KGU-Volunteer王俊凯粉丝公益 联合 CrownKarry-王冠站向学校送水,0,0,0,1559216220000
5583445512,念念最爱王俊凯wjk,KGU-Volunteer王俊凯粉丝公益 联合 CrownKarry-王冠站向学校送水,0,0,0,1559216160000
6495557074,小垃圾没错,KGU-Volunteer王俊凯粉丝公益 联合 CrownKarry-王冠站向学校送水,0,0,0,1559216160000
2144491840,螃蟹与喵,KGU-Volunteer王俊凯粉丝公益 联合 CrownKarry-王冠站向学校送水,0,0,0,1559216040000
6616196568,感恩0921,KGU-Volunteer王俊凯粉丝公益 联合 CrownKarry-王冠站向学校送水,0,0,0,1559216040000
6597766439,退役熬夜选手k,KGU-Volunteer王俊凯粉丝公益 联合 CrownKarry-王冠站向学校送水,0,0,0,1559216040000
6381063029,陈小仙凯,KGU-Volunteer王俊凯粉丝公益 联合 CrownKarry-王冠站向学校送水,0,0,0,1559216040000
2639344865,王叮叮的锵锵,KGU-Volunteer王俊凯粉丝公益 联合 CrownKarry-王冠站向学校送水,0,0,0,1559216040000
6901211595,TheCandyKarry,KGU-Volunteer王俊凯粉丝公益 联合 CrownKarry-王冠站向学校送水,0,0,0,1559216040000
5877665555,王俊凯的御林军,KGU-Volunteer王俊凯粉丝公益 联合 CrownKarry-王冠站向学校送水,48,118,26,1559215980000
5999607991,山东国勇,:天气干旱，国勇和小老妹去地里给丝瓜苗浇水，还意外的挖到了大把曲曲菜，这个季节还能挖到野菜真是发财了。  国勇美食的微博视频 ,3,1,0,1559215980000
2238285583,竹庵,:今年的云南久旱不雨，干旱的土地，好多地方将颗粒无收，真是民生多艰～ ,23,1,11,1559215440000
2386233150,山泥窝,KGU-Volunteer王俊凯粉丝公益 联合 CrownKarry-王冠站向学校送水,0,0,0,1559214480000
2583414315,郭启红,【中原干旱可能继续发展加重】今年5月以来，黄河长江之间地区的气象干旱不断发展加重，5月29日在山西南部、河南、山东、江苏安徽湖北三省北部出现了重度气象干旱，河南、湖北、安徽、山东部分地区特旱。从降水量来看，5月以来这一带降水显著偏少，本来统计了很多的站点数据，但是发不出来！！！可能因为某些数字犯冲了。山东滨州、河南杞县、民权、宁陵、内黄、获嘉，山西阳泉、平定、洪洞5月1-29日降水为0。在河南安徽北部等地，降水量普遍不足常年的10%，大多是几毫米，甚至不到1毫米，河南平顶山 漯河 南阳、安徽亳州 宿州 阜阳 淮南 蚌埠为历史同期最少。今后10天，已经明显出现气象干旱的中原地区，气象干旱还会进一步发展加剧。一方面是降水依然偏少甚至无降水（图5），另外一方面，高温晴热天气居多，河南一带6月1-2日高温快速增多，上旬可能出现连续性高温，从图6的气温距平（偏低偏高）预报看，黄河和长江之间的河南山东安徽江苏一带，为气温偏高最明显区域，高温晴热加大土壤蒸发量，土壤水分的收支不平衡导致的干旱会继续加重。此外，5月上中旬降水偏少、气温偏高的云南，未来降水增多，气象干旱有望得到一定程度缓和。,0,0,0,1559214000000
5589699972,守护王六岁,KGU-Volunteer王俊凯粉丝公益 联合 CrownKarry-王冠站向学校送水,0,0,0,1559214000000
6221285968,凯之蓝0921,KGU-Volunteer王俊凯粉丝公益 联合 CrownKarry-王冠站向学校送水,0,0,0,1559212620000
2949080015,O凯蟹蟹yo,KGU-Volunteer王俊凯粉丝公益 联合 CrownKarry-王冠站向学校送水,0,0,0,1559212140000
2281198613,手机用户2281198613,:#小蛮腰撑腰计划# 某地干旱很久了，眼看农作物都快干死了，一农民特地去请教一法师， 法师给了农民一纸条曰：“天机不可泄露，必须等下雨的时候才能打开。” 三日后果然下起了暴雨，农民大喜，农民打开字条，上写今日会下雨，曰：“真乃神人也。”n ,0,0,0,1559211660000
6577412927,冬青屋,KGU-Volunteer王俊凯粉丝公益 联合 CrownKarry-王冠站向学校送水,0,0,0,1559211420000
,云南电网公司,:【石林供电局为村民解决用水问题获好评】近日，云南省昆明市石林县长湖镇维则村民在网上营业厅申请安装抽水变压器一台，用于解决持续干旱导致农业生产用水面临的困难。接到客户远程报装后，云南电网石林供电局迅速组织施工队在圆湖抗旱提水点，新立电杆两根，新架线路40米，新装变压器80千伏安一台，并把原来350米的裸线换成了绝缘导线，大大提高提水点用电安全，受到了长湖镇镇政府及当地群众的一致好评。（孔德林 杨淑涵）@昆明供电局 @南网50Hz,2,0,0,1559211120000
2219156782,点清楚,KGU-Volunteer王俊凯粉丝公益 联合 CrownKarry-王冠站向学校送水,0,0,0,1559210760000
5513386114,路飞来找你啦,KGU-Volunteer王俊凯粉丝公益 联合 CrownKarry-王冠站向学校送水,3,0,0,1559210160000
1010194354,9413小枫,:北方的高温和干旱，南方缠绵不休的雨，我更爱后者。漫步在雨中，六神无主，只期待日子快一点过，拔开云雾见晴日，那晴日便是我心中的太阳。来吧，我张开双臂拥抱你！ http://t.cn/RPK37uw ,0,0,0,1559210100000
5689031351,拥蟹家滴小姑娘,KGU-Volunteer王俊凯粉丝公益 联合 CrownKarry-王冠站向学校送水,0,0,0,1559209500000
6746257078,钮冷雪ljw,:#小蛮腰撑腰计划# 某地干旱很久了，眼看农作物都快干死了，一农民特地去请教一法师， 法师给了农民一纸条曰：“天机不可泄露，必须等下雨的时候才能打开。” 三日后果然下起了暴雨，农民大喜，农民打开字条，上写今日会下雨，曰：“真乃神人也。”n ,0,0,0,1559208000000
2699856332,188敏敏188,:这次青海游的最后一个景点、张掖七彩丹霞、张掖祁连山丹霞主要由红色砾石、砂岩和泥岩组成，有明显的干旱、半干旱气候的印迹，以交错层理、四壁陡峭、垂直节理、色彩斑斓而示奇，它是一个以自然风光为主的自然风景区，集广东丹霞的悬崖峭壁、峰林石柱的奇、险、美，还兼有新疆五彩城的色彩斑斓于一体。 http://t.cn/RJ2IpDz,4,0,0,1559207400000
,昆明那点小事,":#昆明身边事# 日前,市城市管理局召开落实消防安全责任开展消防检查专题工作会,对我市城市管理系统安全生产、消防安全、森林防火等相关工作进行安排部署,并对金殿名胜区消防安全和森林防火工作进行现场检查。为有效防范化解重大消防安全风险,严防群死群伤火灾事故发生,结合近期干旱少雨、森林防火形势严峻的情况,市城市管理局制定了落实消防安全责任开展消防检查工作方案。此次专项行动从即日起至10月结束,将对垃圾焚烧发电厂、餐厨垃圾等生活垃圾处理厂、建筑垃圾(工程弃土)处置场、建筑垃圾运输企业车辆停放场地、市属公园及园区涉及的文物建筑等可能引发群死群伤火灾的重点场所区域,通过自查自改、行业集中排查等方法,全力防范化解重大安全风险,消除安全隐患。",0,0,0,1559207400000
2702302297,今报新乡,:#新乡身边事#【天气干旱无雨，3野猪妈妈带16只幼崽寻水全溺亡】 5月29日，河南卫辉，一村子蓄水池里淹死了3只野猪妈妈和16只猪仔，为防止疫情，污染水源，村民赶紧打捞深埋。村支书称，平常在生活区见不到野猪，初步判断，因近期高温，野猪为寻找水源，才不慎掉进蓄水池。 一手video的秒拍视频 ,0,0,0,1559206740000
,昆明廉博,:#清风昆明# 【市委常委、市纪委书记、市监委主任杨正晓到寻甸县六哨乡调研扶贫工作】 2019年5月29日，市委常委、市纪委书记、市监委主任杨正晓一行深入寻甸县六哨乡调研指导扶贫工作并慰问挂钩贫困户。杨书记一行首先到六哨乡大村村委会新发村帮扶贫困户王兴林、王天富家中，耐心细致地询问农户的生产生活情况、身体状况、家庭基本情况、收入来源等，当得知王兴林父亲近期身体不太舒服时，杨书记关切地进一步询问病因及表现等具体情况，叮嘱王兴林父亲关爱好身体的同时树立自力更生、勤劳致富的思想，给孩子们树立良好榜样；在王天富家，了解到他们夫妻2人能够通过在村子里打临工、当林管员等各种渠道增收时，杨书记对他们通过内生动力脱贫致富的做法给予了充分认可，鼓励他们再接再厉，把日子越过越红火。同时，杨书记鼓励他们要在政府及有关部门帮扶的基础上，坚定信心，克服困难，继续巩固和提升脱贫成效，努力改变家庭面貌，把好日子过得更好。随后，杨书记一行来到六哨乡党委政府，听取了六哨乡整体脱贫工作情况介绍，对六哨乡洋芋、萝卜等相关产业发展给予了充分肯定，并对六哨乡在应对干旱天气时，所有干部进村入户组织生产自救的做法给予了高度认可。之后，杨书记提出四点工作要求：一是要继续争取项目资金加大基础设施建设，在道路维修、学校及卫生室建设等方面持续加大力度；二是要继续巩固提升产业让老百姓持续增收，并进一步激发老百姓的内生动力促进自力更生；三是要借助扫黑除恶强大攻势，在依法依纪依规的前提下全面打击辖区黑恶势力，有黑扫黑，有恶除恶，有乱治乱，净化社会风气，营造良好发展环境；四是要求县纪委监委继续抓好扶贫领域监督执纪问责工作，有案必查，有查必通报，充分发挥“查处一个、通报一片”震慑作用，促进扶贫领域作风建设持续向好。（杨晓梅）,0,0,0,1559206320000
5318242578,清泠的清泠,:我也不知道为什么，这里，风沙，干旱，霾，污浊了的水，但我还是对它怀有一种感情，渐渐明白了，韩少功出访法国时写的，虽然法国人为他准备了有好几个马桶的房子，但他还是怀念家乡的断壁残垣。 ,0,0,0,1559205960000
1464817645,bonbonxin,:云南出现大面积干旱天气 橡胶、白糖能否借机攀高？ 云南出现大面积干旱天气 橡胶、白糖能否借机攀高？ ,1,0,0,1559205660000
6179451432,黑金老农,【中原干旱可能继续发展加重】今年5月以来，黄河长江之间地区的气象干旱不断发展加重，5月29日在山西南部、河南、山东、江苏安徽湖北三省北部出现了重度气象干旱，河南、湖北、安徽、山东部分地区特旱。从降水量来看，5月以来这一带降水显著偏少，本来统计了很多的站点数据，但是发不出来！！！可能因为某些数字犯冲了。山东滨州、河南杞县、民权、宁陵、内黄、获嘉，山西阳泉、平定、洪洞5月1-29日降水为0。在河南安徽北部等地，降水量普遍不足常年的10%，大多是几毫米，甚至不到1毫米，河南平顶山 漯河 南阳、安徽亳州 宿州 阜阳 淮南 蚌埠为历史同期最少。今后10天，已经明显出现气象干旱的中原地区，气象干旱还会进一步发展加剧。一方面是降水依然偏少甚至无降水（图5），另外一方面，高温晴热天气居多，河南一带6月1-2日高温快速增多，上旬可能出现连续性高温，从图6的气温距平（偏低偏高）预报看，黄河和长江之间的河南山东安徽江苏一带，为气温偏高最明显区域，高温晴热加大土壤蒸发量，土壤水分的收支不平衡导致的干旱会继续加重。此外，5月上中旬降水偏少、气温偏高的云南，未来降水增多，气象干旱有望得到一定程度缓和。,0,0,0,1559205420000
7035855485,I不忘2,:发表了博文《露子花如何栽培》　　　露子花属番杏科，可以适应各种土壤条件，而且非常耐旱，可以耐受炎热、潮湿和干旱，它的肉质叶片生长非常强健，可以迅速覆盖花园的裸露地面。　　露子花在第一年需要相对较好的土露子花如何栽培 ,0,0,0,1559205300000
2345219597,威海科技,:联合国呼吁对污染征税并停止补贴化石燃料2019-05-30 09:14:48　来源: 科技日报 作者: 冯卫东 联合国秘书长古特雷斯28日在维也纳举行的有关气候变化的“奥地利世界峰会”上表示，21世纪不存在可行的高碳增长模式，现在需要对污染征税，并停止对化石燃料的补贴。古特雷斯表示，许多人仍然认为给予化石燃料补贴是改善人们生活条件的一种方式，但没有比这种做法更为错误的行为了。“我们正在用纳税人的钱来增强飓风、扩大干旱、融化冰川、漂白珊瑚，一句话——我们在用纳税人的钱毁灭世界。”他指出，人类需要使城市基础设施脱碳，尤其是在交通和建筑领域，并停止建造毒化人类所呼吸的空气的新燃煤电厂，需要促进可持续消费和生产，支持依赖基于自然解决方案而非化学投入的气候智能型农业，需要加强地区和城市对气候影响的抵御能力。简而言之，人类需要绿色经济，而不是灰色经济；需要一个绿色社会，而不是灰色社会；需要一种未来经济，而不是旧有的传统经济。古特雷斯表示，在世界各地，由于气候变化，人们正在失去家园，被迫迁移。海平面正在上升，洪水、干旱、野火、极端风暴随处可见。很少有一天没有发生一场新的灾难，这凸显了全球变暖的危险。气候变化正在向我们袭来，它的发展速度超过了人类应对气候变化的努力。古特雷斯要求所有投资者停止为污染融资，扩大绿色企业规模，增加对低碳解决方案的贷款。他希望全世界齐心协力，将全球气温上升限制在1.5℃，并履行《巴黎协定》的承诺。他强调，绿色、可持续的增长是所有人实现安全和繁荣未来的唯一可行途径。一年一度的“奥地利世界峰会”由好莱坞著名影星、美国加州前州长施瓦辛格推动发起，意在分享成功经验，敦促政治和商业领袖、地区和城市代表以及公众承诺为改善地球的健康作出更多努力，开创碳中和与繁荣的新时代，并呼吁各国采取行动，通过在2020年前公布新的承诺，增强履行《巴黎协定》承诺的决心，科学减排，将全球变暖控制在2℃以下。,1,0,0,1559205240000
5611882507,南诏逍遥王子,:今年滇西和滇西北也是干旱，并且还在持续中。这是来源于朋友圈的照片，地膜里一点水星都没有。 ,2,0,3,1559204940000
6428688241,你是西西哩,:南方平原的稻田，大多都是一年两栽两熟的。第二次插的秧俗名叫晚糯，不是粳稻。六月割完早稻，田地经过犁耙后，插再生秧。这种秧是在清明就和早稻秧同时播种的。早稻秧一天缺水就会死，而这种秧经过四月和五月两个月，任凭曝晒和干旱都不怕。这是一种不同的类型。晚稻遇到秋季多晴天时，就要经常不断地灌水。农家这样辛勤的劳动，是为了酿造春酒的需要。水稻缺水十天就会要死掉。但后来却从中变化出一种旱稻，是不黏的粳稻，即使在高山上也可种植，这又是一种变异的类型。还有一种香稻，由于它有香气，通常专供富贵人家享用。然产量很低，也没有什么滋补的益处，不值得提倡。,0,0,0,1559204760000
,北方商品,:【印度】全国近一半地区面临干旱预警印度商务标准报报道称，对于周四宣誓就职的印度新政府官员来说，目前其优先事项之一便是帮助各邦（特别是南部地区）应对潜在的旱情。干旱预警系统显示，印度超过40%的地区或将面临干旱天气，其中近一半地区预计将遭受严重或极端干旱。前季风期（3月-5月）印度全国降雨量同比下降23%，近三分之二的地区降雨匮乏或非常匮乏，为6年来最差水平。其中南部地区情况最糟，降雨量同比下降49%，虽然季风到来时其平均降雨量与土壤水分含量可能会得到改善，但前季风期降雨匮乏增加了农村地区的生产压力并导致城市缺水。,1,5,0,1559204580000
3806199621,昆明市生态环境局,:【文庙泮池清淤30吨 水质维持在Ⅲ类】今年以来，护国街道投入人力财力，对文庙泮池底淤积的泥沙进行清理工作，先后清理出淤泥近30吨。尽管近期干旱导致水位下降，泮池水质也稳定保持在Ⅲ类。“泮池”又称“泮宫”，是位于文庙大成门正前方的半月形水池，意即“泮宫之池”，是官学标志，也是文庙的象征之一。随着昆明文庙恢复性修建项目一期工程完工，泮池的清淤、清洗、换水综合治理工作也在今年完成。一直以来，泮池底有两个地下出水口，可满足日常水体更换需求。由于近期天气干旱，出水量较小，管理方则定期抽取泮池水到大成殿前的景观池，再以景观池里的水灌溉文庙内的绿植，以这种方式实施水体置换和重复利用。经过环保部门检测，目前，文庙泮池水质保持在Ⅲ类。http://t.cn/AiKnMDTa,0,0,0,1559204520000
,南码头的渔夫,【中原干旱可能继续发展加重】今年5月以来，黄河长江之间地区的气象干旱不断发展加重，5月29日在山西南部、河南、山东、江苏安徽湖北三省北部出现了重度气象干旱，河南、湖北、安徽、山东部分地区特旱。从降水量来看，5月以来这一带降水显著偏少，本来统计了很多的站点数据，但是发不出来！！！可能因为某些数字犯冲了。山东滨州、河南杞县、民权、宁陵、内黄、获嘉，山西阳泉、平定、洪洞5月1-29日降水为0。在河南安徽北部等地，降水量普遍不足常年的10%，大多是几毫米，甚至不到1毫米，河南平顶山 漯河 南阳、安徽亳州 宿州 阜阳 淮南 蚌埠为历史同期最少。今后10天，已经明显出现气象干旱的中原地区，气象干旱还会进一步发展加剧。一方面是降水依然偏少甚至无降水（图5），另外一方面，高温晴热天气居多，河南一带6月1-2日高温快速增多，上旬可能出现连续性高温，从图6的气温距平（偏低偏高）预报看，黄河和长江之间的河南山东安徽江苏一带，为气温偏高最明显区域，高温晴热加大土壤蒸发量，土壤水分的收支不平衡导致的干旱会继续加重。此外，5月上中旬降水偏少、气温偏高的云南，未来降水增多，气象干旱有望得到一定程度缓和。,0,1,3,1559203920000
3932441846,昆明城事,:KGU-Volunteer王俊凯粉丝公益 联合 CrownKarry-王冠站向学校送水,2069,2423,485,1559203740000
,淡淡地一花一叶一草,:[聚焦三农]关注云南干旱 20190529_CCTV节目官网-CCTV-7_央视网(cctv.com) [聚焦三农]关注云南干旱 20190529 ,0,0,0,1559203620000
,昆明市水务局,:昆明市搬迁安置办公室深入帮扶村开展抗旱减灾工作昆明市搬迁安置办公室（原昆明市移民开发局）认真落实昆挂转指办〔2019〕1号文件有关要求，由办领导带队，分别前往结对帮扶村（禄劝县马鹿塘乡麻科作村和东川区乌龙镇 半坡村）开展抗旱减灾工作，巩固脱贫攻坚成效。5月20日，王彦平主任带队前往麻科作村开展抗旱工作调研，听取村委抗旱工作汇报，了解全村抗旱工作措施及面临的困难；来到田间和农户家中认真查看抗旱保苗和人畜饮水情况，了解贫困户受灾情况，详细询问农作物播种及出苗情况，家中人饮是否有保障。5月22日，杨力、韩小艳两名副主任带队到挂钩扶贫联系点乌龙镇半坡村开展结对帮扶和抗旱工作，检查农田水利配套设施和人畜饮水管网建设情况。 重点调研了钻天坡和小新山两个小组脱贫攻坚和农田干旱情况。通过入户调查，进一步了解村民生产生活中存在的困难、产业扶持产生的效益；详细调查农田受旱面积、受灾情况。并听取了半坡村委领导对今年旱情的汇报，对半坡村村民在抗旱工作中遇到的问题进行了详细了解。根据2个村的调研情况，2个村都处于水源地，人畜饮水安全是有保障的，农作物如土豆、玉米、白云豆等都已按农时播种并已出苗。主要存在以下几方面的问题：一是农作物虽已出苗，但长势不如往年好，如果近期（半个月内）仍无有效降雨，将会对农作物的后期生长造成较大影响。二是由于资金紧张，村里抗旱器材存在欠缺。三是村中年轻人多在外打工，组织抗旱人力不足。随后，市搬迁安公室领导班子对调研情况进行了专题研究，决定补助2个村脱贫攻坚抗旱工作经费各2万元，为半坡村解决麦地新村民小组人饮水池建设费26791.94元；下拨麻科作村波棱瓜种植相关费用6万元（用于为贫困户购买种籽、化肥、相关农资等），雨后及时开展播种，弥补其它农作物的旱灾损失，以上3项费用共计126791.94元。并要求驻村工作队与村“三委”一起积极组织村民开展抗旱自救工作，确保人畜饮水安全，抗旱保苗减少损失。全体干部职工开展了入户结对帮扶工作，为6月即将开展的国考做好准备。,1,1,0,1559203560000
,新闻联播天气预报,【中原干旱可能继续发展加重】今年5月以来，黄河长江之间地区的气象干旱不断发展加重，5月29日在山西南部、河南、山东、江苏安徽湖北三省北部出现了重度气象干旱，河南、湖北、安徽、山东部分地区特旱。从降水量来看，5月以来这一带降水显著偏少，本来统计了很多的站点数据，但是发不出来！！！可能因为某些数字犯冲了。山东滨州、河南杞县、民权、宁陵、内黄、获嘉，山西阳泉、平定、洪洞5月1-29日降水为0。在河南安徽北部等地，降水量普遍不足常年的10%，大多是几毫米，甚至不到1毫米，河南平顶山 漯河 南阳、安徽亳州 宿州 阜阳 淮南 蚌埠为历史同期最少。今后10天，已经明显出现气象干旱的中原地区，气象干旱还会进一步发展加剧。一方面是降水依然偏少甚至无降水（图5），另外一方面，高温晴热天气居多，河南一带6月1-2日高温快速增多，上旬可能出现连续性高温，从图6的气温距平（偏低偏高）预报看，黄河和长江之间的河南山东安徽江苏一带，为气温偏高最明显区域，高温晴热加大土壤蒸发量，土壤水分的收支不平衡导致的干旱会继续加重。此外，5月上中旬降水偏少、气温偏高的云南，未来降水增多，气象干旱有望得到一定程度缓和。,3,4,0,1559203380000
3459112640,苏坡街道,:吸毒草 学名：柠檬香蜂草或者皱叶薄荷 别名：蜂香脂、蜜蜂花，唇形科多年生宿根草本，耐寒耐阴耐干旱，也耐修剪。冬季能耐低于0°C的低温，夏季30°C以上的高温生长受限，最适宜的生长温度在10-20°C之间。株高50厘米左右，茎叶具有雕牌肥皂香味，轮伞型花序，唇形淡粉紫色花，花期7-8月。香蜂草繁殖容易，可以播种，扦插和分株繁殖。@成都公园城市建设,0,0,0,1559203320000
2326075941,从护国军师到护球世皇,:【中国气象爱好者】对于我国南方来说，5月以来似乎已经进入了多雨期，中国气象局国家气候中心的监测数据显示，5月 形势确定！云南雨季或将开启，喜雨不断！这次干旱要全面解除了 http://t.cn/AiKnqXEf ,0,1,0,1559203320000
1918121730,觞深之渊,:明末一则跨区祈雨的故事。李凌云是华庭人，明代真实历史人物，他在诸城做过官，当地天旱祈雨，向龙潭祈祷，每次都能应验。后来李凌云因事回乡，当地又干旱了，可是后来的县令祈雨并不灵验。于是当地父老千里迢迢跑李凌云老家，求他写文书给龙神祈雨,230,56,30,1559203320000
,江淮气象,:【中原干旱可能继续发展加重】今年5月以来，黄河长江之间地区的气象干旱不断发展加重，5月29日在山西南部、河南、山东、江苏安徽湖北三省北部出现了重度气象干旱，河南、湖北、安徽、山东部分地区特旱。 ,4,2,6,1559203140000
,海阳发布,:#海阳发展# 【文山街南延道路绿化工程成为我市首个海绵城市亮点工程】       文山街南延工程北起海天路，西至黄海大道，全长1.3千米，两侧绿化带宽15米，绿化带面积41140平米。文山街南延道路绿化工程是我市打造的一条精品绿化工程，结合海绵城市建设，苗木搭配高低错落、层次分明，做到了三季有花，四季常绿的景观效果，现已成为我市一道亮丽的风景线。       此项绿化工程是我市的第一处海绵城市工程，采用旱溪、下沉雨水花园、蓄水池等手段，像海绵一样，在降雨时能就地或就近“吸收、存蓄、渗透、净化”雨水、补充地下水、调节水循环，在干旱缺水时将蓄存的水释放出来并加以利用，充分发挥了海绵城市建设遵循生态优先等原则，将自然途径与人工措施相结合，在确保城市排水防涝安全的前提下，最大限度地实现雨水在城市区域的积存、渗透和净化，促进雨水资源的利用和生态环境保护。       不仅如此，绿化带上还运用了太湖石和泰山石，并摆放景观小品。这些景观石是市园林部门专门邀请园艺专家进行打造的，并根据每块景石的颜色、形状、纹路进行搭配，增加了景观的趣味性，做到一步一景，景景不同。       整个绿化工程建有一处停车场，并首次采用了HDPE材质的植草格。这种植草格使用了环保材料，植草格高约8公分，植入地下约7公分，使车辆停靠时既没有车辙又不会破坏格内绿地，与普通植草砖相比，既美观又环保。,21,29,15,1559202300000
,玩转-非洲,:【东非动物大迁徙开始】比往年稍有提前,2,3,0,1559201820000
,云南珍茗,:#珍茗爱心暖童心# 位于楚雄彝族自治州新华乡的大河边完小和华丰村小学迎来了一个特殊的六一，珍茗爱心小分队为两所学校送来9600瓶甘甜山泉，以及3000元的文体用品。这里已持续干旱8个月，室外温度超过40摄氏度，连日干旱使得当地存在严重水资源匮乏，存在严重饮水困难。为了缓解学校生活用水困难问题，珍茗爱心小分队此次来到给孩子们的节日增添了一份温馨的色彩,4,0,0,1559201340000
1876318287,啊陆鲁火,【#广西崇左暴雨#村屯被水淹成“孤岛” 武警翻山进入救援】5月29日，受持续强降雨和上游暴涨河水影响，广西崇左小山乡有7个屯变成“孤岛”。交通、通信和用电全部中断，受灾的多为老人孩子，生活严重受阻。武警广西总队崇左支队翻山挺进灾情最严重的陇芽屯，将急需的水和物品送到受灾人员处。http://t.cn/AiKErnkD,3,0,0,1559201280000
5591408270,人海相拥着沉浮,:#小蛮腰撑腰计划# 甲：您最近忙啥呢？看您愁眉苦脸的，有什么问题我帮您解决解决？乙：那好啊！我最近一直在研究一个课题，只差一点就攻克下来了。甲：哪个课题，说说我帮您办！乙：近日来北方雨太多，南方干旱，我想打个电话，让北方雨下到南方来，您说我给谁打？甲：这。。。 ,0,0,0,1559201100000
2877628602,真食阿彬,:大理持续干旱近两个月，因为洱海环保，不能抽水抗旱，目前玉米地处于严重缺水状态，之前玉米都很好，本周玉米部分朋友反馈“玉米粒缺水干瘪”，很抱歉，没有给大家带来完美的口感。有类似因缺水导致口感不佳问题，请联系我们反馈售后。 ,2,0,0,1559201100000
6476540020,当一个科学家,:说一点了解的全球不见光的暗战：1：基因大战与人造病毒定向种族团灭与基因武器各国都在进行。有些全球性传染病，并非出自自然，而来自病毒实验室，艾滋病，埃博拉，非典等。可查，埃博拉不感染白人，非典只感染亚洲人，美国一个感冒死万号人。我们现在一个流感也杀伤力惊人。各国都有军队病毒试验室。2：农副业基因大战人造作物病毒，动物病毒对一国农副业进行定点打击。猪瘟为何中国猖獗，而鲜有国外爆发。3：人工干预天气，气象武器。这已经是明的了，有相关研究论文。美国在阿拉斯加有巨型射频天线阵列用干扰电磁层，研究目的不言自明。全球天气干扰技术已有相当进展，在某地制造干旱，洪水，雪灾，台风等。4：地理定向能武器人工定向制造，在特定区域诱发地震。5：金融大战这不说了，各位股民就是参与者和受害者。以上暗战的雏形基本脱胎于一二战。阿桑奇解密的文件里，这都是极小一部分。美国有些电影剧情并非空穴来风。,10,6,3,1559201100000
5709644575,漪叶扁舟,:我省近期气象干旱将持续发展 干旱程度较常年偏重http://t.cn/EoT4Icf ,0,0,0,1559200920000
5971120953,2018原来如此,:【堪萨斯城郊遭破坏性龙卷风侵袭】堪萨斯城地区遭遇一系列#龙卷风#侵袭，导致树木、电线折断，房屋受损，至少十几人受伤。一大片区域都受到恶劣天气威胁，远至最东边的纽约市。就在美中地区发生最新一轮破坏性天气的一天前，猛烈的风暴造成印第安纳州和俄亥俄州一人死亡，至少130人受伤。总统#川普#周二晚宣布堪萨斯州进入紧急状态，并下令联邦政府援助到位。紧急状态令授权联邦紧急事务管理局（FEMA）协调所有救灾工作，“旨在减轻当地人口紧急情况所造成的困难和痛苦。”周二侵袭堪萨斯城区域的龙卷风已是恶劣天气持续的第12天，该地区至少报告了8次龙卷风，上一次这种天气持续是在1980年。气象局网站显示，周二至少有27次龙卷风报告，其中大多数发生在堪萨斯州和密苏里州，但也有部分发生在宾州和伊利诺伊州。联邦风暴预测中心气象学家玛什（Patrick Marsh）表示，50场或更多龙卷风并不罕见，在美国历史上发生了63次，其中有三次超过100场。但周一的风暴不同寻常，因为它发生在一个特别广泛的地理区域，并且还在不断地延伸。”至于为何会发生这种情况，马什称，东南部的高气压和落基山脉上异常寒冷的低温迫使温暖潮湿的空气进入美国中部，引发反复的强雷暴和龙卷风。他说，这两个系统都没有显示出移动的迹象。科学家表示，气候变化导致更强烈和更频繁的极端天气，如风暴、干旱、洪水和火灾，但如果没有进行广泛研究，他们无法直接将单一天气事件与气候变化联系起来。,0,0,0,1559200740000
6342878323,柒酒救啾啾咪,:求@萧敬腾 来一趟昆明吧，昆明人热的遭不住了，都干旱了,4,0,0,1559200740000
,枯竹朽木,#新乡身边事#【天气干旱无雨，3野猪妈妈带16只幼崽寻水全溺亡】#新乡爆料# 5月29日，河南卫辉，一村子蓄水池里淹死了3只野猪妈妈和16只猪仔，为防止疫情，污染水源，村民赶紧打捞深埋。村支书称，平常在生活区见不到野猪，初步判断，因近期高温，野猪为寻找水源，才不慎掉进蓄水池。via @新乡身边事 http://t.cn/AiKTGdz7 ,0,0,0,1559200080000
,上海薰衣草5,#新乡身边事#【天气干旱无雨，3野猪妈妈带16只幼崽寻水全溺亡】#新乡爆料# 5月29日，河南卫辉，一村子蓄水池里淹死了3只野猪妈妈和16只猪仔，为防止疫情，污染水源，村民赶紧打捞深埋。村支书称，平常在生活区见不到野猪，初步判断，因近期高温，野猪为寻找水源，才不慎掉进蓄水池。via @新乡身边事 http://t.cn/AiKTGdz7 ,0,0,0,1559199600000
,中华红松,#新乡身边事#【天气干旱无雨，3野猪妈妈带16只幼崽寻水全溺亡】#新乡爆料# 5月29日，河南卫辉，一村子蓄水池里淹死了3只野猪妈妈和16只猪仔，为防止疫情，污染水源，村民赶紧打捞深埋。村支书称，平常在生活区见不到野猪，初步判断，因近期高温，野猪为寻找水源，才不慎掉进蓄水池。via @新乡身边事 http://t.cn/AiKTGdz7 ,0,0,0,1559199420000
6258670130,脂肪整形张胜昌,:极脂胶真皮下面膜的效果能维持多久？极脂胶填充面部一旦成活是可以永久保存的，也就是完全属于自身组织。对于皮肤比较差的美女，比如有比较严重痘坑的，脸色暗沉、黑眼圈严重的，皮肤真皮层面问题等皮肤衰老问题，极脂胶真皮下面膜术后起的效果，是填充入真皮层后，减缓皮肤衰老进程，让脂肪干细胞就可以直接接触皮肤层面，可以通过细胞直接参与和旁分泌两种途径参与皮肤改良作用。（你可以理解为，干旱的撒哈拉沙漠上下起了热带雨林的暴雨）具体维持时间根据每个人脂肪的特点和皮肤的问题不一样也不同，一般能维持1-2年。,21,26,155,1559198940000
5514072444,元阳残月,:三月干旱吃饱饭，六月撒莲天下乱。舔尘暗道世无贤，只怪金钱是万能。 ,32,0,1,1559198700000
3226940532,成都公园城市建设,:#科普园地#吸毒草 学名：柠檬香蜂草或者皱叶薄荷 别名：蜂香脂、蜜蜂花，唇形科多年生宿根草本，耐寒耐阴耐干旱，也耐修剪。冬季能耐低于0°C的低温，夏季30°C以上的高温生长受限，最适宜的生长温度在10-20°C之间。株高50厘米左右，茎叶具有雕牌肥皂香味，轮伞型花序，唇形淡粉紫色花，花期7-8月。香蜂草繁殖容易，可以播种，扦插和分株繁殖。,1,0,0,1559197800000
3478803092,沐春号,:今年云南干旱，头春曼松古树春茶不到100公斤，我们家也只分一点点的一点点。 ,0,0,0,1559197680000
,三明治哲哲同学,#新乡身边事#【天气干旱无雨，3野猪妈妈带16只幼崽寻水全溺亡】#新乡爆料# 5月29日，河南卫辉，一村子蓄水池里淹死了3只野猪妈妈和16只猪仔，为防止疫情，污染水源，村民赶紧打捞深埋。村支书称，平常在生活区见不到野猪，初步判断，因近期高温，野猪为寻找水源，才不慎掉进蓄水池。http://t.cn/AiKTGdz7 ,0,0,0,1559196660000
,微博同城,#新乡身边事#【天气干旱无雨，3野猪妈妈带16只幼崽寻水全溺亡】#新乡爆料# 5月29日，河南卫辉，一村子蓄水池里淹死了3只野猪妈妈和16只猪仔，为防止疫情，污染水源，村民赶紧打捞深埋。村支书称，平常在生活区见不到野猪，初步判断，因近期高温，野猪为寻找水源，才不慎掉进蓄水池。via @新乡身边事 http://t.cn/AiKTGdz7 ,1,3,3,1559196540000
1771446083,我爱足球我爱世界杯,:五台中学,1,0,0,1559196480000
5832321505,海关发布,:【二连海关查获走私入境“防风”10.25千克】5月28日，二连海关关员在对一辆进境大巴车辆登临检查中发现藏匿于空调扇内的中药材“防风”10.25千克。“防风”别名铜芸、回云、回草、百枝、百种，是一种药草的名字，属多年生草本植物，其喜凉爽气候，耐寒，耐干旱，主产于河北、黑龙江、四川、内蒙古，以及蒙古国，有发汗、祛痰、驱风、解表、镇痛的功效，药用价值较高。根据《中华人民共和国进出境动植物检疫法》及《进出境中药材检疫监督管理办法》规定，海关总署对中药材实施用途申报及检疫准入制度，未经检疫许可入境的药材可能具有安全隐患。,3,1,0,1559196120000
1603026174,吐瓜子儿,:土耳其的气候类型变化很大。东南部较干旱中部安纳托利亚高原比较凉爽。一般来说土耳其的夏季长气温高降雨少冬季寒冷寒流带来了降雪和冷雨。果园、麦田和水库储有充沛的雨水葡萄园和去海滩游玩的人有充足的日照。气候多样性说明土耳其的农作物品种极为丰富。这里是世界上主要的烟草、阿月浑子开心果、葡萄干和水果蔬菜的产地之一。,0,0,0,1559195940000
,成都农业,:#农业技术[超话]#【别光顾着草地贪夜蛾，高温来袭，这种病害的杀伤力也不小，要当心！】立夏以后，天气越来越热，气温越来越高，北方很多地方都出现干旱少雨的天气，这种环境条件下，病毒病可能会大爆发！病毒病的危害，不用多说，大家也都知道，人们常称它是植物的不治之症。它在大田、蔬菜和果树上都会发生，尤其是在茄果类、瓜类等蔬菜作物上，一旦没预防住，往往整棚的苗子都得拔掉。via中国乡村之声 http://t.cn/AiK0a6X7 @农民日报 @四川农网 @四川农村日报 @农产品网官微 @农事开元 @新野农产品 @新都农业 @蒲江农业农村  @绿色蒲江 @温江农业 @金堂农业,3,2,1,1559194920000
,光之继承人,关于陈迪今天说的有毒男性气质 今天被粉圈的恶臭玩意耽搁了，一篇本来晚上就该写的文章。关于@陈迪Winston 今天节目里对有毒的男性气质的批判。不少人问我对这个节目的看法那就说点更多的。 ,0,0,2,1559193840000
,澳大利亚时报,:【猪肉价格或飙升：猪瘟爆发致中国养殖规模锐减，澳洲市场受影响】由于猪肉危机的迫近，猪肉价格预计将飙升，培根爱好者可能现在就得囤货了,0,1,2,1559193840000
2834883560,突然为自己感到庆幸,:距离出发还有一天，心情略微复杂，脑海里总会浮现四年前在大凉山的日日夜夜。然而无论怎样的彷徨不安也无法暂缓前行的步伐。我相信不论是干旱的气候还是艰苦的条件终将成为我茶余饭后的谈资，更会成为漫漫人生路上美好的风景。勉励自己，以及和我并肩前行的人[加油]     http://t.cn/RghOMBP,2,0,4,1559193660000
6581240065,痞人岸上的鱼,:来这边一周都是高温天气，而且听当地人说这边干旱好久了,0,0,0,1559193000000
6613214568,用户6613214568,:#小蛮腰撑腰计划# 某地干旱很久了，眼看农作物都快干死了，一农民特地去请教一法师， 法师给了农民一纸条曰：“天机不可泄露，必须等下雨的时候才能打开。” 三日后果然下起了暴雨，农民大喜，农民打开字条，上写今日会下雨，曰：“真乃神人也。”n ,0,0,0,1559192820000
5399857260,用户5399857260,:#小蛮腰撑腰计划# 甲：您最近忙啥呢？看您愁眉苦脸的，有什么问题我帮您解决解决？乙：那好啊！我最近一直在研究一个课题，只差一点就攻克下来了。甲：哪个课题，说说我帮您办！乙：近日来北方雨太多，南方干旱，我想打个电话，让北方雨下到南方来，您说我给谁打？甲：这。。。 ,0,0,0,1559192580000
3894163899,西西里与尤加利树,:在职场上有时也像农民种地，有时候的确是几份耕耘几份收获，有时候呢来一场干旱或者水水涝就能让你一夜回到解放前。时光不能倒流，人心时局都不能。把握退的时机全身而退也是一种盈利。牢牢的抓住了那几年的好机会完全屏蔽掉干扰，赚到了我的fuck  you money 。时至今日，天时地利人和，一样都不占优的情况下，不再恋战，谈好条件，闪人。,0,0,1,1559192460000
,普洱发布,:#普洱新闻#【康平镇全力组织群众抗旱自救】近期以来，持续的高温和无降雨，导致江城哈尼族彝族自治县康平镇各村组出现不同程度的干旱灾情。康平镇及时安排部署，全力组织群众开展抗旱自救。详见：http://t.cn/AiKR1zv9 ,0,0,0,1559191620000
2705995122,转身就忘的路人甲_1,:耐干旱，耐盐碱，抗风沙，将根扎的深之又深，放弃了挺拔，丢掉了优雅，与恶劣的自然环境斗争 ,0,0,0,1559191380000
,私人旅行规划,:云南快点下雨吧，不然我们就要被干旱死了哦。#私人陪游摄影# 丽江·大研古镇 ,2,0,0,1559190900000
1771446083,我爱足球我爱世界杯,:德芙巧克力！爱他美卓萃奶粉3段！五台中学,2,0,0,1559190420000
1771446083,我爱足球我爱世界杯,:五台中学,1,0,0,1559190180000
3943584974,澐瀚_,:连续多日的炙热一二天的微雨夏把春的消息隔绝了可能干旱代替了雨露夏天紧挨着夏天一个人的时候要好好的    喝水 吃饭 睡觉不忧伤，不困惑一个人走在外面累了，饥了，渴了    就停顿一下＂那些走不尽的长廊呵！＂避开风霜避开枯萎的草木… ,13,3,8,1559189520000
5983830089,用户5983830089,:今早散步发现公园里的睡莲开了，今年虽然干旱倒是幸好这里有水 ,0,0,0,1559189340000
,内观学人,:房東說，這是千載難逢的干旱 ,7,0,2,1559189220000
5315256265,芳农香料,:塔克拉玛干沙漠边缘的玫瑰，的确与其他地方不同，极端的气候条件——日均17小时光照，30度左右的温差，干旱不雨，全靠地下有限的雪水……极地环境才造就不同的物产！ 芳农香料的秒拍视频 ,0,0,0,1559188260000
5869356752,中原小羊羊1993,:河南干旱半月终于下雨，小羊等雨停来果园采摘红梅李，期待丰收！ 中原小羊羊1993的微博视频 ,2,0,0,1559187000000
,常常的花园,:说几个关于云南高山青梅的事：【品相上】云南的高山青梅没有任何优势，个头不大且季节晚，有时候高原的狂风还会把梅子刮擦得像高原姑娘的脸一样，其他地方的青梅早已成为罐中酒，云南的青梅才悄悄爬上枝头显出青色。【产量】和所有生鲜一样，受着所有因为气候的原因造成的减产，今年云南的干旱想必大家都有耳闻，其他地区暴雨一场接一场，大理到现在还没洒过几滴雨。【口味】云南的青梅相比之下果实紧致，虽然个头不大，但是味道浓郁，如果做蜜饯，首选福建江浙两广地区的果子，因为水份充足肉头多； 泡酒和梅子露，首选云南青梅，味道浓香，可以试试两地果子的对比，沉淀一两年的青梅酒，其他所有材料相同的前提下，请尝试做一下对比。【价格】今年受气候影响，梅园的价格已经贵得离谱，加之市场波动，物价上涨，能提供的就是预售期间的优惠吧。【制作】毕竟不是直接入口的食品，很容易受外观影响受市场冲击遭到嫌弃，但是用四年苹果的口碑最保障，在我力所能及的范围内给大家提供我能提供的最好的青梅鲜果。后期的制作靠个人，好的原料+用心的制作一定可以做出你爱喝的青梅饮品。【发货】还是和苹果一样，不会上架就发货，需要等半个月的周期，希望能接受的再考虑下单。嗯，常常味蕾系列第二个产品---云南高山青梅，5月30日晚20：00，请多关照,30,9,51,1559186880000
6428688241,你是西西哩,:插秧后，早熟的品种大约七十天就能收割（粳稻有“救公饥”、“喉下急”，糯稻有“金包银”等品种。各地的品种叫法多样，难以尽述）。最晚熟的品种，要历经夏天到冬天共二百多天才能收割。至于冬季播种，夏季五月就能收获的，那是广东南部的水稻，因为那里终年没有霜雪。如果水稻缺水十天，就怕干旱了。夏天种、冬天收的水稻，必须种在山间水源不断的田里，这类稻种生长期较长，土温也低，所以禾苗长势较慢。靠近湖边的田地，要等到夏季洪水过后，大约六月份才能插秧的。其秧苗应在立夏时节播种，还要播在地势较高的秧田里，等汛期过后才插秧。,2,0,0,1559186760000
,新乡同城,:#新乡身边事#【天气干旱无雨，3野猪妈妈带16只幼崽寻水全溺亡】#新乡爆料# 5月29日，河南卫辉，一村子蓄水池里淹死了3只野猪妈妈和16只猪仔，为防止疫情，污染水源，村民赶紧打捞深埋。村支书称，平常在生活区见不到野猪，初步判断，因近期高温，野猪为寻找水源，才不慎掉进蓄水池。via @新乡身边事 http://t.cn/AiKTGdz7 ,6,4,3,1559186160000
1508403985,曹志军,:栽秧割麦两头忙，收麦种豆不让晌。5月29日，芒种前期，山东潍坊安丘市西南山区辉渠镇上头村，长期干旱无雨，村民提前进入麦收农忙季节。 潍坊 ,8,0,3,1559186100000
1237871493,杭后反邪,【#澳大利亚遭遇百年大旱#：12年来首次需进口粮食,0,0,0,1559185740000
6768073980,Elroy__Barnardqa,:当,1,0,0,1559185620000
3643918077,杨不寒,:早班机。从一座雨水的城，飞到一个干旱地方。 固原 ,4,0,2,1559185500000
5780909294,昆明市呈贡新区财政局,:呈贡区财政局送抗旱物资到“挂包帮”村委会和建档立卡贫困户    今年全省气温普遍偏高，降水稀少，干旱严重，给农业生产带来了较大困难。呈贡区财政局为扎实推进扶贫工作，切实了解掌握旱情对贫困户带来的困难和影响，2019年5月25日，扶贫工作组一行9人，心系贫困户，深入禄劝县转龙镇大水井村开展走访调研旱情灾情，并送抗旱物资到“挂包帮”村委会和建档立卡贫困户。    扶贫工作组与村干部及扶贫对象在村委会进行座谈，全面了解了他们的生活用水、抗旱保苗、牲畜饮水情况。详细核实了他们的受灾情况和帮扶需求，询问了国家补助政策的落实情况及家中其他情况，及时了解掌握了旱情对贫困户可能造成的影响。通过座谈，我局所挂包帮的大水井村一组和二组，受灾面积为360亩，为了更好的帮助建档立卡贫困户度过旱季难关，我局为他们送去卧式水塔10个和水泵1个。希望他们积极主动地做好生产生活自救工作，共同缓解因旱灾带来的经济损失和精神压力。,1,1,0,1559185500000
5307577569,发布山东,":5月28日,记者从山东省防汛抗旱工作电视会议上了解到,今年6月-8月,山东省平均气温将在25.5℃-26.5℃,较常年略偏高。　根据5月23日卫星遥感监测,全省农田干旱面积约1700万亩,其中重旱约170万亩,主要分布在临沂、潍坊、烟台、日照、青岛等地。 ",0,0,0,1559184480000
6605844174,剪影杂货铺,:照片的背后是摄影师怎样的辛酸？干旱之地摄影师又该如何面对种种困境？ 剪影杂货铺的微博视频 ,0,0,0,1559184480000
7151649206,奇哥财道,:操盘建议金融期货方面：短期流动性预期改善，但宏观面和情绪面缺乏利多，期债无明确转强信号，新单观望。商品期货方面：供给端提振明显、粕类及沪胶仍处涨势。操作上：1.美豆产区预计持续降水，m1909 多单先行持有；2.开割进度持续受干旱天气影响，沪胶 RU1909 前多持有。 ,0,0,0,1559184420000
,倍特期货烟台营业部,:夜盘橡胶小幅回调，RU1909合约收报12160点。目前橡胶走势矛盾较大，上游天气干旱因素维持，原料价格仍相对偏高，但下游需求表现不佳，缺乏增量。橡胶多空博弈已经持续三个月时间，天气因素将成为未来决定性因素。目前时间上对多头有所不利，预期炒作空间受限。交易策略方面，橡胶预期维持震荡行情，炒作空间受限，如果RU1909合约突破12300点，则空单平仓。【免责声明】期市有风险，入市需谨慎。本资讯仅供投资者参考，倍特期货有限公司不对投资者买卖有关期货合约而产生的盈亏承担责任。,1,0,0,1559184300000
,德宏团结报-微博,:记者28日从云南省农业农村厅获悉，受干旱少雨天气影响，截至5月27日，云南省农作物干旱面积达1555.8万亩，成灾537.1万亩，绝收25万亩。 ,1,0,0,1559184180000
,新闻联播天气预报,:#云南喜降甘霖#目前，云南东部的气象干旱基本已经缓解，但中西部气象干旱仍在持续发展当中。今后三天，云南的雨水也将有增强，但主要是在东部和南部有中到大雨。未来几天云南南部的气象干旱有望因降水到来而得到缓和，但西部降水较弱，气象干旱还将维持。 ,2,0,2,1559183820000
5832480801,延边州农机,:州农机总站到和龙市调研秸秆覆盖还田保护性耕作    为深入贯彻落实玉米秸秆覆盖还田保护性耕作，推进山区秸秆还田保护性耕作工作。5月29日，州农机管理技术总站工作人员到和龙市对秸秆覆盖还田保护性耕作情况进行了调研。    工作人员到和龙市龙城镇兴西村保护性耕作示范基地实地观看了秸秆覆盖还田保护性耕作地块，查看了今年保护性耕作示范基地玉米出苗情况，与农民邢锡全进行了交谈。邢锡全介绍，该示范基地采取秸秆还田保护性耕作今年是连续第五个年头，与传统种植的玉米产量差别不大；秸秆覆盖也没有给地温回温产生大影响；病虫害也没有出现特别变化。虽然播种后需要喷施两遍除草剂，苗期进行中耕施肥，但免耕播种节省了多项传统耕作工序，节省了大量生产成本和劳力，增加了收入，是非常先进适用的先进耕作技术，对山区秸秆还田保护性耕作实施非常实用。特别是今年出现的春季严重干旱，保护性耕作技术明显表现出该技术发挥了优势作用。他还表示，以后还会继续采取保护性耕作技术。    今春严重干旱，和龙市是我州旱情最重的县市。采用传统耕作方式的地块苗情普遍不好，而应用保护性耕作的地块保苗率达到了95﹪以上，农民实实在在感受了保护性耕作技术的优越性。    此次调研，给延边山区秸秆还田保护性耕作工作提供了充分依据，为做好延边地区保护性耕作技术工作打下良好的基础。和龙市农业农村局李军副局长全程陪同调研。,1,0,0,1559182980000
1354049482,泗县市场监管,:#特种设备安全# 【泗县市场监管局三套“组合拳”保高温季节下特种设备安全促经济社会发展】  一段时间以来，泗县市场监管局结合扫黑除恶专项斗争组织开展特种设备安全检查，频出“”组合拳“”保重点设备安全。   一、检查一批重点设备。以超市、小区、医院、城郊结合部等人员密集场所为重点，通过股、所联动、现场检查、现场甄别设备是否为纳入《特种设备》安全法监管范围的特种设备等形式，聚焦特种设备使用等重点环节，组织开展专项执法检查活动。大路口等基层所组织开展了液化气站液化气储罐、水泥生产环节压力容器专项检查，山头等基层所集中力量排查气瓶使用环节是否存在瓶对瓶倒气行为。其他基层所也分别开展了液化气钢瓶专项整治，保障高温干旱季节特种设备安全。    二、“体检”一批电梯。以技术支撑为抓手，通过督促企业落实到期前提前报检、邀请市特检院入泗开展检验工作、隐患台账逐一销号跟踪治理等形式，紧紧扭住检验环节这个牛鼻子，开展安全监管工作，排查特种设备领域黑恶势力，为特种设备做一次“全面”体检。5月20日以来，检验电梯93台次、叉车2台、检验锅炉10台，完成包括人民医院、泗县中医院、陶都玉兰物业公司等7家单位的91台电梯的报检落实确认任务。    三、盯住一批人员。组织10人次特种设备作业人员参加特种设备作业人员考试，抓住人这个关键环节，开展人员持证情况检查、特种设备人员培训等工作，强化企业主体责任，严防人员无证上岗。    四、甄别一批产品。刘圩等基层所开展了农历4.19刘圩逢会期间游乐设施检查，就儿童游乐设施是否为特种设备进行甄别并组织开展检查活动。对使用不是特种设备的游乐设施经营者进行宣传教育，确保安全带等产品质量安全。屏山所组织开展“六一”儿童节前儿童座椅、儿童用品等专项检查活动，全方位保安全，促发展。     下一步，该局将继续以特种设备使用、检验、安装、电梯维保等环节为重点，组织开展各项执法检查和日常巡查工作，为100台即将到期电梯开展定期检验，提早“诊断”设备安全状况，确保特种设备和人民生命财产安全。（于晓蕾）,2,1,1,1559182920000
5863949050,鹤庆科素,:#全民科学素质提升# 滴灌系统的种类。        根据滴灌工程中毛管在田间的布置方式、移动与否以及进行灌水的方式不同，可以将滴灌系统分成以下三类：        地面固定式： 毛管布置在地面，在灌水期间毛管和灌水器不移动的系统称为地面固定式系统，现在绝大多数采用这类系统。应用在果园、温室、大棚和少数大田作物的灌溉中，灌水器包括各种滴头和滴灌管、带。这种系统的优点是安装、维护方便，也便于检查土壤湿润和测量滴头流量变化的情况；缺点是毛管和灌水器易于损坏和老化，对田间耕作也有影响。        地下固定式：将毛管和灌水器（主要是滴头）全部埋入地下的系统称为地下固定式系统，这是在近年来滴灌技术的不断改进和提高，灌水器堵塞减少后才出现的，但应用面积不多。与地面固定式系统相比，它的优点是免除了毛管在作物种植和收获前后安装和拆卸的工作，不影响田间耕作，延长了设备的使用寿命；缺点是不能检查土壤湿润和测量滴头流量变化的情况，发生问题维修也很困难。        移动式：在灌水期间，毛管和灌水器在灌溉完成后由一个位置移向另一个位置进行灌溉的系统称为移动式滴灌系统，此种系统应用也较少。与固定式系统相比，它提高了设备和利用率，降低了投资成本，常用于大田作物和灌溉次数较少的作物，但操作管理比较麻烦，管理运行费用较高，适合于干旱缺水、经济条件较差的地区使用。（文章来源于上海及雨灌溉设备有限公司）@科普鹤庆 @社法大理  ,10,3,2,1559182500000
,上海三农,:【大棚毛豆二叶一心期如何管理？】#百问百答# 水分管理：应稳定在18℃以上时，要揭去地膜，视土壤干湿情况及时灌溉，生育期内注意幼苗期需水量少，主要是扎根开花结荚期需水量大，如出现干旱要及时灌水，鼓粒期也不能缺水。温度管理：这个时期当棚温大于25℃时要通风换气，开花期保持棚内气温在23-29℃，夜温在17-23℃，相对湿度75%左右。肥料管理：到开花前要根据土壤肥力情况进行追肥1-2次，以钾肥为主即可。,0,0,0,1559182380000
3840904562,昆明官渡发布,":#新闻集装箱# #云南天气#【大旱之后会大涝吗？云南省水利厅：有可能出现旱涝急转】干涸已久的昆明,从昨天开始下起了时而淅淅沥沥时而狂雨乱点的“喜雨”,人们不禁纳闷,干旱之后是否会初显旱涝急转,云南准备好了吗?  昨天下午举行的云南省防汛抗旱工作媒体通气会上,云南省防汛抗旱指挥部副总指挥长、云南省水利厅厅长刘刚对此进行回应,他认为,完全有可能出现旱涝急转。",1,0,0,1559181900000
,微佤山,:#巴饶克[超话]#《勐来乡全力抗旱减灾保民生》为确保人畜饮水和农业生产供水，降低因持续干旱造成的损失，勐来乡全力抗旱减灾保民生。及时制定应急措施，切实把抗旱减灾各项工作部署抓细抓实，为农业生产提供水源保障，确保群众吃上安全水。强化各站所间的联动配合，组织全乡干部职工积极参与到抗旱减灾工作中，建立健全旱情报告、群众自救机制，并严格落实责任追究。目前，该乡共完成10个自然村19个村民小组2400人调节供水2890立方米。寻找新水源点12个，开挖小水塘50个，利用小水池、小水塘、大泵、水桶等工具备水1.5万立方米。用100台抽水机抽水67.2万立方米，铺设烟地供水管道28公里，投入劳力12525人，投入抗旱减灾资金25万元。（杨春）#临沧新鲜事# @佤山 @临沧头条 @观网文化 @临沧同城会 @临沧同城 @微博沧源 @临沧城事 @老徐头-中国世界佤乡9,0,0,0,1559181600000
,老戴闲谈,:#正能量[超话]##互粉[超话]##树# 全球最美的树15)  马达加斯加的猴面包树树干很厚，可以储存大量的水分度过干旱季节。[鲜花] ,6,0,4,1559181480000
2552045767,农林卫视,:【宁夏试点种植藜麦助脱贫】     记者近日从宁夏农林科学院了解到，该院2006年从玻利维亚引进10余个藜麦品种，多年来在六盘山区、银川市、吴忠市、中卫市试种，平均亩产100公斤以上，最高可达200公斤。截至目前，自治区引种30多个藜麦品种已开展鉴定试验，并进行小面积示范，全区年种植藜麦3000亩。从多点试种情况看，藜麦耐瘠薄、耐盐碱、耐旱，抗旱特性好于当地其他作物。    据悉，藜麦是藜科植物，其籽粒的营养价值与牛肉相当，因被称为“太空食品”“未来食品”而备受各国关注，极具开发利用价值。目前，内蒙古、甘肃、青海、山西等省区已将藜麦列为贫困山区精准扶贫和抗旱节水的作物进行开发利用。    自治区农林科学院专家认为，宁夏南部山区海拔1500米左右的地区气候冷凉，适合种植推广这一新作物，也是解决干旱少雨的贫困山区农民脱贫致富问题最有效、最根本、最长远的办法之一，对精准扶贫、持续抗旱节水都具有十分重要的作用和发展前景。但由于技术支撑不够、产业跟进及市场配套不到位，目前缺乏适宜种植的品种和配套栽培技术，对藜麦的特征特性研究还没有完全掌握，对藜麦的栽培环境、种植技术、配套措施等研究都处于摸索状态。    因此，自治区农林科学院专家建议地方应研究制定适合藜麦产业发展种植规划、风险评价、产业融合等相关政策，使其成为干旱山区农业新产业和农民增收的新项目。建议加强品种引进选育和栽培技术研究；加大科技投入，组建藜麦研发团队，针对当前藜麦在种植过程中品种和栽培技术两大突出难题进行攻关；筛选有实力的企业开展藜麦深加工，拓宽销售渠道；加强藜麦食品的开发，开展藜麦的秸秆饲草利用和转化研究、藜麦规模化生产与观光休闲旅游业结合研究等。《 农民日报 》,0,0,0,1559180820000
5482905003,上证50ETF期权股票外汇--濠河,:5月30日期货操作建议第一多头苹果在本周出现像样调整，也是出于担心政策出炉。而交易所提高铁矿石手续费，打压投机情绪明显。市场的投机性受到明显压制。给出的观点是商品期货在此阶段出现普涨甚至单品种大涨的概率都很低。黑色板块试空假突破后的螺纹。周三也调整了原油的观点，从上周先知先觉判断下跌到认为原油调整已经到尾声，已经不适宜追空了，盘面上周三夜盘国内立刻以大阳线回应。这就是我说的毕竟随时可能面临一个B浪反弹。因此会暂时减轻化工品种的压力。黑色板块：1. 螺纹：在螺纹上周二大阳线站上四五月份4月高点3840情况下，建议黑色板块多头见好就收，尤其散户不能跟风追涨.盘面上回落一周以螺纹为例重新回到了3840之下的位置，从技术角度来讲，重新跌破此位置大概率为上涨假突破，因此试空螺纹持有。2. 焦炭：鉴于判断的黑色板块主力资金多炉料空成材的操作，以及技术出现圆形顶突破买点，焦炭铁矿石炉料在这波上涨中也确实成为了黑色龙头。技术角度来讲，焦炭此位置需要一个要么有深度要么有时间的调整，因此短期内并不推荐追涨杀跌，技术压力在2260，依托此位置找反弹试空为佳。1.化工板块：3. 橡胶：市场强弱转换，在上周黑色引流、橡胶的量能和资金都明显跟不上的情况下，主动在12300之上平仓在高位，随即出现一波流下跌这次下跌与降雨缓解产区干旱有关。盘面上三连阳，但12000之上的强压还是比较明显，暂时无法确认调整已经结束，12000正式站上，因此此阶段继续观察比盲目参与要好。4. 原油：上周再次先知先觉判断了原油的下跌！外盘此次调整的级别注定了至少是月周期的调整，A浪第一波面临尾声阶段，因此周三给出的建议这个位置短线空空见好就收即可，已经不适宜追空！毕竟随时可能面临一个B浪反弹。盘面上周三也确实收长下影线，内盘也探底回升，可继续短多内盘参与。有色板块：5. 沪铜：沪铜是我们持续看空的品种，依然延续弱势且没有止跌迹象，目标位从48000到后来跌破48000压力变支撑继续看前低。上周末出现两日反弹，但强调方向未变，沪铜依然处在主跌之中，择机找开空机会。,4,0,0,1559180640000
2473443564,魅力龙陵,:#龙陵资讯# 【平达乡：干群齐心抗旱保生产】针对持续高温晴热天气造成大面积干旱，平达乡党委政府高度重视，主动作为，立足实际，积极开展抗旱保生产工作。。组织党员干部深入村组一线和田间地头，了解旱情，商量对策，落实抗旱工作措施，结合各村（社区）实际进行指导，带领群众利用一切可以利用的水源、设备、技术，开展抗旱浇灌和田间管理，力争把旱灾减产损失降到最低，帮助群众解决实际困难和问题。积极开展抗旱农机具检修、协调服务，为抗旱保生产提供有力保障。截至目前全乡共投入抽水机500台，消防车1辆，大型拉水车2辆，拖拉机13辆，水管15千米，共投入资金20余万元。气象、农业、应急等部门加强信息沟通合作，密切关注天气变化，认真做好旱情监测、预报工作，密切掌握旱情动态和农业生产进程。#保山 · 龙陵县[地点]# @保山时讯 @保山同城,3,2,0,1559180280000
1788167255,任新普--期货研究者,:云南干旱对橡胶、白糖的影响干旱或将导致云南2019/2020榨季甘蔗产量下降，当前有近10万公顷甘蔗遭受严重干旱，占该省甘蔗总种植面积的35%左右，其中约8.4万公顷甘蔗轻微受损，1.3万公顷甘蔗严重受损，约2420公顷甘蔗完全损毁。有机构预计云南2019/2020榨季甘蔗产量或将同比减少223万吨，糖产量或将同比减少逾28万吨，蔗农收入或将减少近10亿元。由于旱情仍在持续，预计将造成更多损失。　　“我也看到了相关新闻与信息。据我了解，云南保山、临沧、版纳墒情还好，普洱干旱的有点严重，且普洱地区甘蔗还有螟虫，玉溪则有枯苗现象。”云南糖圈白糖研究员颜晓明告诉期货日报记者，未来20天云南地区的天气情况最为关键，如果未来20天干旱持续，那么会形成实质性干旱灾害，将造成甘蔗与白糖产量明显减少，当前还不好明确判定，毕竟部分蔗区的夏蔗还没种完，大部分蔗区预报在未来数日有降雨出现。如果未来大部分地区确实有降雨，那么当前的干旱天气对甘蔗产量不会形成太大不利影响。　　经常在广西与云南蔗区做调研的市场资深人士庄子表示，由于近期没有去云南做实地考察，所以当地真正受灾的程度尚不清楚，对于云南出现干旱天气的情况只能是从相关媒体与机构的报道中了解。而按照有关媒体的报道等来推算，干旱天气是肯定有的，至于受灾程度或没有想象中的那么严重，有关机构预估减少223万吨甘蔗产量或带有“水分”。回想以往云南遇到60年以来的大旱天气，连一些地区的水井都干枯了，但最终出来的结果是那年云南产糖量没有降多少。另外，甘蔗对干旱的耐受力很强，倘若后期雨水补充到位，那么生长恢复会很快，而且云南近期天气预报说已开始降雨了，因此此次甘蔗受干旱天气影响时间的长短将决定受损程度的大小。不过，值得重视的是现在恰逢甘蔗分蘖期，分蘖情况或多或少是会受到不利影响的，所以此次干旱天气肯定会对云南甘蔗与白糖产量形成不利作用，但影响程度估计没想象中的那么严重，由此预期云南新榨季甘蔗与白糖产量是下降的，至于减产多少，需要看后期甘蔗生长恢复情况，现在所有的预估都是“蒙”，意义不大。　　从近日云南有关机构发布的气象信息分析，2019年以来，云南天气气候有两个特点，一是冬春季、初夏气温持续偏高，二是初夏降水显著偏少，干旱突出。据了解，厄尔尼诺事件是造成2019年云南冬春季气温偏高，初夏气温偏高，降水偏少，初夏干旱的重要原因。而为了缓解今年入春以来该省因降水持续偏少、气温异常偏高造成的气象干旱范围不断扩大情况，该省气象部门于5月14日进入人工增雨应急状态，对具备有利天气条件地区积极实施飞机增雨和地面增雨作业。5月19日14时30分至27日12时，该省气象部门在昆明、曲靖、保山、昭通、西双版纳、普洱、临沧、楚雄、大理、德宏、文山、红河、丽江等13个州（市）有作业条件的区域增加飞机和地面增雨频次，作业影响区累计有1056个乡（镇）出现降水，下一步该省气象部门将继续抓好人工增雨措施准备，一旦具备有利天气条件就全力投入实施人工增雨。,4,1,1,1559180220000
1307263423,wainzheng,#新乡身边事#【天气干旱无雨，3野猪妈妈带16只幼崽寻水全溺亡】#新乡爆料# 5月29日，河南卫辉，一村子蓄水池里淹死了3只野猪妈妈和16只猪仔，为防止疫情，污染水源，村民赶紧打捞深埋。村支书称，平常在生活区见不到野猪，初步判断，因近期高温，野猪为寻找水源，才不慎掉进蓄水池。http://t.cn/AiKTGdz7 ,0,0,0,1559180160000
3545864881,蚌埠新闻联播,:【烟台大樱桃每斤便宜两块 每天400吨“打飞的”送至200城市】#烟台爆料# 5月27日，烟台芝罘区一水果供应商厂区内，工作人员在流水线上分拣、包装大樱桃。近日，烟台露天大樱桃上市，受干旱影响，今年大樱桃个头整体偏小，每斤价格在7元-12元不等，比去年便宜2-3元。但一些个头大的优质果仍非常紧俏，地头价每斤高达16元。（来源：齐鲁晚报）http://t.cn/AiKQgHWM,0,0,1,1559180040000
,新浪山东头条,":#新浪微头条# 【#昨夜今晨# 热门话题新闻速递】1、#柯洁正式保送清华大学#在教育部5月27日公布的“关于同意清华大学等85所高校2019年保送录取运动员的通知”中，柯洁与其他900多名运动员一同通过审核，21岁的他将成为清华大学2019级大一新生。此前据柯洁父亲透露，儿子报的是清华大学的工商管理类专业，但具体专业和上课方式都还是未知数。2、#韩国队全队公开道歉##韩国球员赢中国后踩奖杯#引起巨大争议，北京时间5月30日凌晨，韩国U18主帅金正秀致歉：“首先我要就事情的发生道歉，这完全是我的错误，我们希望两国足协能维持友好关系，我们的球员不会再做出类似举动，我们再次道歉，我们伤害了中国人的感情。”此前，韩国U18全队在赛事组委会、成都市足协的强烈抗议之下，于所下榻的酒店正式做出道歉，当事球员亲自念出道歉信，全队鞠躬。3、#多个组织恢复华为成员资格#【WiFi联盟、蓝牙联盟、JEDEC协会已恢复华为成员资格】继SD存储卡协会（SDA）之后，更多行业组织开始恢复华为会员资格。5月29日，记者发现，Wi-Fi联盟、蓝牙技术联盟和JEDEC协会（固态技术协会）等行业组织，均已恢复华为的成员资格4、#意大利村庄20万欧甩卖#，长椅买二送一，市政大楼也卖！意大利北部村庄艾西诺拉李奥4月宣布甩卖全村资产，从公园长椅到中央喷泉，从秋千到路牌，甚至还包括市政大楼，售价20万欧元！村长称此举是为解决村庄资源短缺，人口流失问题。”5、#济南爆料# 未来的济南站变身为高铁站，百趟普速列车将迁至东沙王庄站29日,记者从济南市发改委获悉，中国铁路总公司与山东省人民政府于日前联合批复《济南铁路枢纽总图规划(2016—2030年)》。根据规划，济南站目前以承担普客及区域短途动车作业为主，未来将结合车站能力利用情况，适时将枢纽普客作业逐步迁移至东沙王庄站办理,，也就是说，未来的济南站将成为一座高铁站。6、#烟台爆料# 烟台大樱桃每斤便宜两块，每天400吨“打飞的”！烟台露天大樱桃上市了,热火朝天的“樱桃季”拉开帷幕,受干旱影响,今年烟台大樱桃个头整体偏小,红灯品种每斤比去年便宜2块钱左右。樱桃季里,每一位置身其中的人,就像要过一个月的“双11”。据烟台机场数据显示，今年樱桃航班高峰期将出现在6月1日-6月10日，预计高峰期将有7架樱桃全货机，烟台机场樱桃货机和机场客机腹舱樱桃总运输量每天将达到400吨，当天直达或转运全国200多个城市。7、#结婚不举行婚礼# 《剩者为王》父亲的独白:她在我这里，只能幸福，别的都不行…… 愿所有的姑娘都可以嫁给爱情",353,102,23,1559180040000
6367996015,臻字号古树茶,:#臻字号# #红门堂# #【九·玖】品鉴会# 【九山真味 玖年臻情】九年前的彩云之南，经历了一场百年一遇的特大旱灾。日月如流，谁曾想九年后的云南再次承受更为严酷的干旱！九年时光，于人，已事过境迁；于茶，却历久弥新。2019年5月26日下午3点，茶友们带着这份臻情，来到红门堂，参加期盼已久的臻字号【九·玖】品鉴会。茶会主品：云南臻味号2010年份邦盆、大寨、苦竹春茶，对应2019年份邦盆、大寨、苦竹春茶。今年又是普洱茶的小年，气候给予滋味的独特的印记，帮助我们记住了这一特殊的年份。好茶不易得，且喝且珍惜！,0,0,0,1559179920000
2257213710,赵---辉,:据了解，云南预期中的降雨并未扭转干旱局面； ,0,0,0,1559179800000
7117030761,首席班主,【痛心！天气干旱无雨，3野猪妈妈带16只幼崽寻水全溺亡】5月28日，河南卫辉，一村子蓄水池里淹死了3只野猪妈妈和16只猪仔，为防止疫情，污染水源，村民赶紧打捞深埋。村支书称，平常在生活区见不到野猪，初步判断，因近期高温，野猪为寻找水源，才不慎掉进蓄水池。一手video的秒拍视频 ,0,0,0,1559179620000
5262218278,榆林TV,:【国网榆林供电公司：加装避雷器迎战夏季雷击考验】5月29日，国网榆林供电公司组织神木输电运维班在110千伏1170神流1线电力铁塔中相加装避雷器，增强线路防雷抵御力，提高在雷雨恶劣天气下电网供电可靠性。榆林地区属中温带干旱气候，夏季雷雨天气频发，在雷雨季节，输电线路及杆塔易受雷击，导致线路跳闸，容易造成电力系统故障，影响供电可靠性。为了切实提高输电线路防雷、耐雷水平，该供电公司结合当前春检春查线路消缺工作，有针对性地制定输电线路防雷计划，对110千伏线路全面加装避雷器，有效避免雷电对输电线路造成的伤害。在作业前对流水变、神木变神流双线间隔及相关设备进行一次特巡，发现缺陷及时汇报。召开停电预备会议，工作负责人结合现场实际情况，分析施工过程中的危险点、安全措施及技术措施，制定周密的作业施工方案，并对此次作业进行了详细部署。在停电期间，加强对运行间隔的巡视，增加红外测温次数，防止运行设备过载。接下来，该公司还将为110千伏线路加装40余支避雷器。,0,0,0,1559179200000
3481484493,河南头条新闻,:【痛心！天气干旱无雨，3野猪妈妈带16只幼崽寻水全溺亡】5月28日，河南卫辉，一村子蓄水池里淹死了3只野猪妈妈和16只猪仔，为防止疫情，污染水源，村民赶紧打捞深埋。村支书称，平常在生活区见不到野猪，初步判断，因近期高温，野猪为寻找水源，才不慎掉进蓄水池。一手video的秒拍视频 ,0,1,0,1559178900000
,新乡身边事,:#新乡身边事#【天气干旱无雨，3野猪妈妈带16只幼崽寻水全溺亡】#新乡爆料# 5月29日，河南卫辉，一村子蓄水池里淹死了3只野猪妈妈和16只猪仔，为防止疫情，污染水源，村民赶紧打捞深埋。村支书称，平常在生活区见不到野猪，初步判断，因近期高温，野猪为寻找水源，才不慎掉进蓄水池。http://t.cn/AiKTGdz7 ,10,2,8,1559178720000
7128858262,老夏·自然生活研究院,:【自然生好物】塔克拉玛干沙漠边缘的玫瑰，的确与其他地方不同，极端的气候条件——日均17小时光照，30度左右的温差，干旱不雨，全靠地下有限的雪水……极地环境才造就不同的物产！——老夏自然生活研究院 2019.5.30 广州·三元里 ,0,0,0,1559178120000
,曲靖市国土局,:加强地质灾害防治 警惕旱涝急转来源：云南日报    5月22日，2019年全省地质灾害防治工作电视电话会议在昆召开。会议提出，今年全省地质灾害频度及危害程度仍处于较高水平，在极端天气情况下极易引发严重的地质灾害。全省各级各部门要强化部门合作，加强地质灾害防治能力。    会议指出，2018年，全省地质灾害发生次数、因灾死亡人数相比2017年分别下降30.5%、57.1%，为近十年来因灾死亡人数最低年份。但今年全省地质灾害频度及危害程度仍处于较高水平，在极端天气情况下极易引发严重的地质灾害。前期干旱为地质灾害埋下隐患，后期天气气候趋势复杂，增加地质灾害防治困难，要警惕旱涝急转。    会议要求各地、各部门要抓好灾害防范，深化地质灾害风险调查与隐患排查，立即组织对全部地质灾害隐患点进行一次拉网式排查，做到全覆盖；对地质灾害高发区域、人员密集区域等重点地区进行动态巡查排查。隐患点要逐一登记造册，全部纳入群测群防工作体系和监测预警仪器覆盖范围，力争实现提前预报、科学预警，切实做好临灾避让，最大限度降低灾害影响。同时要抓好人为地质灾害防范工作。各地、有关部门要加大地质灾害隐患工程治理和排危除险工作力度，做到控制增量、减少存量。对险情紧迫、治理措施相对简单的中小型地质灾害隐患点，及时采取排危除险措施，快速消除隐患威胁。对不宜采用工程治理、受威胁严重的人口聚集区或地质灾害风险大、群众疏散困难的地区，该搬坚决搬，该移坚决移。对风险等级高、不宜搬迁避让的地质灾害隐患点，实施工程治理，保障受威胁群众的生命财产安全。同时，气象、自然资源、应急管理、发展改革、农业农村、水利等各相关部门要加强沟通联络，提高应对重大地质灾害的快速响应能力和协同作战能力。,0,0,0,1559178000000
,齐鲁晚报,:#每天400吨樱桃打飞的送至200城#【烟台大樱桃每斤便宜两块 每天400吨“打飞的”送至200城市】#烟台爆料# 5月27日，烟台芝罘区一水果供应商厂区内，工作人员在流水线上分拣、包装大樱桃。近日，烟台露天大樱桃上市，受干旱影响，今年大樱桃个头整体偏小，每斤价格在7元-12元不等，比去年便宜2-3元。但一些个头大的优质果仍非常紧俏，地头价每斤高达16元。 http://t.cn/AiKQgHWM,19,4,27,1559177700000
,谈金论今,:泰国产区割胶量尚未提量，原料供应依旧偏紧，价格高位维稳，对胶价成本支撑较强，云南局部小雨难改整体依旧干旱情况，国内天然胶库存持续走跌，下游轮胎开工小幅上涨，混合胶通关率存在不确定性等依旧存在一定支撑，预计沪胶短期小幅向上震荡为主，主力1909合约关注能否站稳12150元/吨。 ,0,0,0,1559177700000
7138172974,上海潘太守,:容斋三笔·卷十二·颜鲁公祠堂诗：予家藏《云林绘监》册，有颜鲁公画像，徐师川题诗曰：“公生开元间，壮及天宝乱。捐驱范阳胡，竟死蔡州叛。其贤似魏征，天下非贞观。四帝数十年，一身逢百难。少时读书史，此事心已断。老来鬓发衰，慨叹功名晚。嗟哉忠义途，捷去不可缓。初无当年悲，只令后世叹。一朝绝霖雨，南亩常亢旱。小夫计虽得，斯民盖涂炭。长歌咏君节，千载勇夫愞。敬书子张绅，庶几古人半。”师川以诗鸣江西，然此篇不为工。尝记李德远举似童敏德游湖州题公祠堂长句曰：“挂帆一纵疾于鸟，长兴夜发吴兴晓。杖藜上访鲁公祠，一见目明心皎皎。未说邦人怀使君，且为前古惜忠臣。德宗更用卢杞相，出当斯位诚艰辛。生逆龙鳞死虎口，要与乃兄同不朽。狂童希烈何足罪，奸邪嫉忠假渠手。乃知成人或杀身，保身不必皆哲人。此公安得世复有，洗空凡马须骐麟。”童之诗，语意皆超拔，亦临川人，而终身不得仕，为可惜也!注：我家藏书中，有一本《云林绘监》，其中有颜鲁公的画像，徐师川在上面题诗说：“颜公生在开元间，壮年正遇天宝乱。捐驱战在范阳胡，竟然死于蔡州叛。公之贤德似魏征，可惜天下非贞观。侍奉帝王数十年，一身百难真可怜。少时饱读经史书，可叹此事心已断。老来鬓白毛发衰，慨叹功名已为晚。壮志誓走忠义途，直截了当不可缓。开始并无当年悲，只令后人倍感叹。一朝断绝甘霖雨，南亩农田常干旱。小小官吏计难得，平民百姓生涂炭。长歌咏诵君之节，可叫千载勇夫愞。世人反复歌颂您，几乎就是古人半。”徐师川因诗才出名于江西，但这首诗并不是上乘之作。我曾记得李德举荐童敏德出游湖州时题公祠堂的一首长句。其中说：“挂帆一纵疾于鸟，长兴夜发吴兴晓，杖藜上访鲁公祠，一见目明心皎皎。未说邦人怀使君，且为前古惜忠臣。德宗更用卢杞相，出当斯位诚艰辛。生逆龙鳞死虎口，要与乃兄同不朽。狂童希烈何足罪，奸邪嫉忠假渠手。乃知成人或杀身，保身不必皆哲人。上公安得世复有，洗空凡马须骐麟。”童敏德的这首诗，语言和意义都是超凡脱俗的，他亦是江西临川人，可是终身没有做官，真是有点可惜!,0,0,0,1559177640000
3868862003,昭通天麻V,:【天麻覆盖栽培技术】1.覆盖增产原理。　　天麻是一种喜温凉、湿润的植物，在自然界中主要分布在林下或灌木森中，多生长在10℃～30℃的缓坡地带。它在生长期间既喜潮湿，又怕积水；既喜温，最适宜的温度20℃～25℃，又怕高温，温度超过28℃以上生长停顿。但人工栽培天麻为了方便和管理，往往不在林中，为了避免天麻栽培场地暴晒或暴淋，就在天麻栽培地覆盖落叶或草，一方面保湿防止干旱，另一方面蔗挡阳光防止高温。此外覆盖物还可以抑制或是阻挡杂草生长，达到保水的效应。因此覆盖栽培技术能营造或模拟野生天麻生长的环境，使天麻在适宜的温、湿度下正常生长。　　2.覆盖栽培方法。　　（1）覆盖物。一是树叶类，以阔叶树落叶为最好，松、柏、樟等树叶也可以用。二是草类，以毛草为最好，稻草、玉米秆等也能用。　　（2）覆盖厚度。厚度2～5厘米，海拔1000米以上可薄些，1000米以下可厚些。　　（3）覆盖方法。覆盖又分为全覆盖和半覆盖。全覆盖是指将栽培的天麻箱和沟都覆盖，半覆盖是只覆盖天麻栽培箱而沟不覆盖。覆盖还分为直接覆盖和间接覆盖，直接覆盖，即将覆盖物直接盖在天麻栽培箱上。间接覆盖，是指在天麻栽培场地搭荫棚。或是二者相结合，即采用直接覆盖和间接覆盖相结合，这个方法在海拔500米左右的地方应用效果甚为明显。有条件的地方可边种边覆盖，当天麻进入旺盛生长季节时，尤为是7、8、9三个月要注意覆盖。要特别指出的是在覆盖前一定要开好排水沟。　　（4）覆盖后的管理。如在11月份栽培天麻时起沟、覆盖后，到第二年5月中旬前，可基本上不用管理，但在5月中旬到9月底之间，要定期检查、根据实际情况进行管理。对全覆盖的栽培场地主要是检查干湿度，对半覆盖的栽培场地一是检查干湿度，二是定期除去沟间杂草。　　（5）用塑料薄膜覆盖。有些地方在进行有性繁殖时，在天麻种子的萌发期间覆塑料薄膜保温、保湿，效果较好。但在进行无性栽培的过程中，如果也用塑料薄膜覆盖，就须十分注意塑料薄膜覆盖的时期和方法，如果覆盖方法不当，会造成四种不利天麻生长的环境：一是温度升高；二是积水过多；三是较长时间覆膜不揭，雨水透不进而使水分不足；四是透气不良，同时温湿度过高，导致天麻烂麻。所以，当温度达到20℃以上时，就不须用薄膜覆盖。如用薄膜覆盖就应根据情况在薄膜上覆盖适当厚度的土层或落叶。【来源】：河北省石家庄市藁城区农业局,0,0,0,1559177460000
6222365887,白城市生态环境局,:#世界环境日，白城这嘎达挺好的#@吉林生态环境 白城市：建设海绵城市——从“风沙城”到东北“水乡（央广网）       吉林西部的白城市，由于干旱少雨风沙较大，被称为“风沙城”，民谣曾说“一进洮南府，先吃二两土”。白城的平均降水量400毫米，年均蒸发量却达到1600毫米。到了7、8月份降雨集中时，据了解全市14个积水点最深的地方都可以没过大腿，泥沙俱下一同流入了污水处理厂，本就珍贵的降水得不到有效利用。“无雨就旱，有雨就涝”，如何利用水成了困扰白城发展的大难题。        2015年4月，白城市被列入国家首批海绵城市试点，创造了道路透水铺装技术解决了北方寒冷地区冻融问题；又利用渗井排水法实现了小区超量雨水积水的源头减排难题，杜绝了雨污混接，缓解了市政管网的排水压力。试点三年多来，白城市发挥出海绵城市蓄水和用水功能，雨水资源回用率达10.9%，地下水位呈现回升态势。        白城市以海绵城市建设为契机，同步开展老城改造工程，“拆墙透绿”、消除城市“蜘蛛网”现象，将市区内主街主路架空管线全部入地，新增了公共绿化面积78公顷，水体和绿地增多了，昔日的“风沙城”逐渐变成东北“水乡”。生态环境改善了，市民的幸福指数大大提升，“晴天不起沙，雨天不积水”成了当地百姓新的顺口溜。,0,0,0,1559176980000
3683722920,倾听海风之音,:云南出现大面积干旱天气 橡胶、白糖能否借机攀高？ 云南出现大面积干旱天气 橡胶、白糖能否借机攀高？ ,0,0,0,1559176800000
5587553703,舟山新塑土工材料有限公司,:今日主推：蓄排水板       随着人们对居住绿化环境要求的越来越高，很多房产项目的绿化配套设施也越来越重视，屋顶绿化、小区地下车库顶绿化基本已成为房产公司、园林公司的绿化标配，而蓄排水板作为绿化排水必备材料的应用也越来越普及。        蓄排水板顾名思义，在地下车库顶排水、屋顶绿化排水中的作用是集排水与蓄水于一体，既能排走多余水分，又能在干旱时通过蓄水孔提供水分给植物，而且施工简便，为园林绿化节约了施工时间，深受房产公司、园林公司的推崇。       当然除了小区绿化项目，个人也可以将蓄排水板应用于楼顶绿化，楼顶花园，楼顶菜园都可以用蓄排水板来排水蓄水，蓄排水板质轻，对楼顶承重不会产生影响，一般蓄排水的施工流程如下，首先必须先在屋面做好防水，清理干净，然后铺上蓄排水板，一定要平整，随后铺上无纺土工布，起过滤泥沙和渗水作用，最后铺上营养土和种植土，就可以在上面种植植物和蔬菜了。     屋顶绿化既能美化城市，又环保，舟山新塑生产的蓄排水板，已被广泛应用于屋顶绿化、地下车库顶绿化中，我们希望能不断的改进产品品质，更好的服务于房产、园林的绿化项目，城市的绿化项目，为城市绿化出力。,1,0,0,1559175840000
3877705677,映象栾川,:#洛阳身边事[超话]#【栾川县域水电站下泄生态流量】 由于长期干旱少雨，栾川境内多处河道呈干涸断流状态，为保证水电站下游基本生产生活生态用水，栾川县水利局督促境内所有水电站按要求释放生态流量，还水于河，切实改善河道生态环境，维护河流健康生命。 ,2,0,4,1559175240000
6226082897,大连休闲游,:【重要通知】现在金普新区杏树街道牌坊村油菜花园里正在进行水利灌溉，道路硬化等基础设施的升级改造，为将更美的油菜花展现给游客，景区通知我们今年将闭园，明年正式开放。大连休闲游公众号的粉丝前期抽到奖或秒杀的，可以凭关注公众号前往，给予开放。但我们不建议大家专程前往，今年天气干旱，油菜花花开效果不好。 http://t.cn/RJyjtcN,2,0,1,1559175060000
,我是叶卡,:墨尔本的冬天雨水非常多，很多人家院子里放很大的储水箱，有的放好几个，储起冬天的雨水等干旱季节使用。听一个朋友说，南半球很多花是北半球来的，开花季节还是和原来一样，所以即使冬天也依然能看到很多花。家门口的花最近不需要浇水了，开得依然美丽，枫叶已经落得差不多了。 ,5,0,3,1559173740000
6276175181,新乡大梨,抱歉，作者已设置仅展示半年内微博，此微博已不可见。 ,1,0,0,1559173140000
6048720324,用户6048720324,:这雨下的真好，也不是很大成灾，又能缓解干旱，所以也不是一味的晴天就好，最好的就是风调雨顺，该下雨下雨，该晴天晴天 ,0,0,0,1559173080000
2067378831,朴素老兵1,:我在看：【世界上最干旱的首都，600年来几乎没有下雨，却为800万人提供食物】#跟新浪看热点#  世界上最干旱的首都，600年来几乎没有下雨，却为800万人提供食物 ,0,0,0,1559173020000
,莫梵之心,:【梨视频：天气干旱无雨，19头野猪为寻水溺亡】天气干旱无雨，19头野猪为寻水溺亡 (分享自@梨视频) ,0,0,0,1559173020000
,幽默2046,【云南出现大面积干旱天气 橡胶、白糖能否借机攀高？】昨日，上海天胶价格出现了较大涨幅，同时郑州白糖期价也伺机而动，一波由云南出现大面积干旱天气而引发的天胶与白糖期价上涨行情似乎正在启动。云南出现大面积干旱天气 橡胶、白糖能否借机攀高？ ,5,0,2,1559172900000
2032556081,新浪期货,:【云南出现大面积干旱天气 橡胶、白糖能否借机攀高？】昨日，上海天胶价格出现了较大涨幅，同时郑州白糖期价也伺机而动，一波由云南出现大面积干旱天气而引发的天胶与白糖期价上涨行情似乎正在启动。云南出现大面积干旱天气 橡胶、白糖能否借机攀高？ ,1,6,5,1559172780000
1609787643,大脑袋摇哇摇,:每日一图：毗邻秘鲁纳斯卡市坎塔洛克古渠的局部景观。古渠数目逾40处，均由早于印加帝国的纳斯卡文明修筑而成，已有约1500年历史。古渠为纳斯卡及周边农田提供水源，人们得以在此干旱之地种植棉花、豆类、马铃薯 ,1,0,0,1559172600000
2684330944,梅家公子,:干旱三个【七律】干旱诗/梅易江南天气无焦燥，何事终朝占我家云隙有风难有雨，水边增涸不增芽。偶然雷鼓怜农事，大抵繁枝结谎花。几度俯身观蚂蚁，娱人消息可分些？七律  旱恼雨无心只弄风，吹干乡土一重重。播春玉米难成阵，应节榴花浅见红。云翳遥迢占蓍草，商羊殷切问行踪。须知久未施恩泽，适可加持向小农。七律  旱流云不聚怎相逢，何事囚拘播雨龙。入夏枝头桑椹瘦，浮尘花上蝶心慵。水低难以渔舟载，土燥安能根系容。檐瓦流苏织于梦，梦回依旧杳无踪。,10,1,2,1559172060000
5456421038,姝彧2016,:入夏干旱，草木鲜有生气。往年的葱茏已成记忆。曾经郁郁葱葱的草地片片荒瘠，更无语的是，草地沦为宠物狗们屙屎屙尿的地方，粪便随处可见,3,0,0,1559171880000
2452826913,漠之狐就是当年的戈壁,:　　这就是小西湖，在甘肃省乃至大西北赫赫有名。我经常路过这里，路过的次数多了，就不由自主的在想，当年第一个把这个江南水乡味十足、芳草萋萋、宁静安详、水韵荡漾着小桥流水的名字，种植到干旱的大西北的人，一定来自南方，而且一定是江南。上个世纪的五十年代，全国支援大西北，许许多多的人远离故土，来到风沙弥漫、寸草不生、荒凉的大西北，日久天长，忘了时间、淡了过往，思乡之情由然而生。于是，在一个落日余晖的黄昏，一个来自江南的青年，循着自己的想法，邂逅了这个混浊不堪、蚊蝇肆虐的水潭，戏剧性地在一个木板上写下了饱含深情的“小西湖”三个水灵灵的大字，插在了水潭边，以寄托对江南故乡的思念。然后，便拍拍身上的土，莞尔轻盈地走了。但他万万没有想到的是，他对故乡一个轻轻的回眸，一个江南水乡的名字横空出世，在大西北名声鵲起，一下子横穿了半个多世纪。岁月悠悠、时光荏苒，那个江南青年早已没有了踪影，只有无休止的风，在日月轮回里传说着关于的小西湖的故事…… http://t.cn/RJyHBs6,2,0,0,1559171580000
,东阿吾小呗,:应该是特殊的地理位置，及特殊的云贵高原的卡斯特地貌影响吧。如果没有足够的水土保持及储水节水措施，干旱是难以从根源解决的。 云南部分地区为什么容易干旱? ,0,0,0,1559171400000
5626923498,亳州气象官博,":#早间预报# (2019年05月30日06时)今天白天到明天早晨:阴天到多云,晾晒条件一般.西南风3到4级,风速较大,请注意防风.今天最高气温:26到28度,温度适宜,适合旅游.明晨最低气温:17到19度,适合晨练.预计:31号,多云有时阴天.6月1日到4日气温显著升高,最高气温可达 35到37度,对夏收较为有利,但干旱持续发展,春播作物注意抗旱保苗.【更多天气信息请拨电话96121】@亳州发布",0,0,0,1559169960000
2197546765,蝶儿的背囊,":#我为农民宣传[超话]#《聚焦三农》 20190529 关注云南干旱,本期节目主要内容：       关注云南干旱；山东章丘：十多万斤“明水香稻”寻销路；“头水菌毒性大”无依据，正确烹饪是关键；农业农村部：规范农业行政处罚自由裁量权。（《聚焦三农》 20190529 关注云南干旱） [聚焦三农]关注云南干旱 20190529 ",0,0,0,1559169000000
6428688241,你是西西哩,:浸种期，最早的是在春分以前，叫做社种（遇到天寒有被冻死而不得生长的），最晚的则在清明以后。播种时，先用稻草或麦秆包好种子，放在水里浸泡几天，等发芽后再撒播到秧田里。苗长到一寸多，就叫做秧。秧龄满三十天，即可拔起分插。如果稻田遇到干旱或者水涝，都不能插秧。秧苗过了育秧期就会变老而拔节，这时即使再插到田里，结谷也很少。通常一亩秧田所培育的秧苗，可供移插二十五亩田。,0,0,0,1559168760000
5118594311,山东快乐老高,:五月榴花，子初成。一朵花开千叶红，开时又不藉春风。若教移在香闺畔，定与佳人艳态同。石榴花性情刚烈，不给足阳光，绝不傻傻绽放。若阳光普照，任你严寒、干旱依旧红得似火。谨记：太阳每天升起，别发什么闲愁。幸福没有标准，知足不用挠头。 青岛·万科·紫台 ,3,0,0,1559167740000
5609385142,云鹤九霄ABC,:5月29日后窑，园子里的玉米苗，雨后长的更快了，水灵的，头些日子干旱，有点打蔫了，这不喝饱了水，就是疯长呀，一天一个样，就等吃玉米吧，每年同学们都来我家吃新鲜玉米，茄子土豆辣椒酱，吃的老开心了，想起来都美！同学们在一起别提多开心了！ http://t.cn/AiKHgxcV ,0,0,0,1559165400000
2672535053,喜欢妳是一种错绝,:我和408人都在看，快来一起围观http://t.cn/AiKH18xY痛心！天气干旱无雨，3只野猪妈妈带16只幼崽寻水全溺亡 http://t.cn/AiKH18xY ,0,0,0,1559164380000
6809389047,gzj6068,:今春夏之交，东北三省和内蒙古东部发生61年来最大干旱……导致农民种地、浇地每亩多花120元……     上几天，吉林和辽宁大部下了中到大雨……又导致了一些河滩地被淹……这是辽宁省铁岭市昌图县后窑镇刘船房子屯的村民正在抢拆木桥呢！  ..   村民们没有打完药、没有补完苗……桥拆后无法过河农作啦……   .   村民希望政府部门修上水泥桥！ http://t.cn/R2Wx9ls,1,0,0,1559160600000
5885399728,越越加油加油,:#腾讯新闻# 云南久旱逢甘霖喜提降雨！近1个月高温干旱 玉米热成爆米花云南久旱逢甘霖喜提降雨！近1个月高温干旱 玉米热成爆米花 久旱逢甘霖，云南喜提降雨！近1个月高温干旱 玉米热成爆米花 来自@腾讯新闻 ,1,0,0,1559157840000
5606132108,我登录这个号时想听自己说什么,:为什么我那么干啊 多喝水能不能改善啊 一天涂两次身体乳 还是干的像干旱一样啊 我都往身上抹油了 能不能给力点 夏天要我怎么活 ,0,0,0,1559152980000
6907510789,虢瑗42ef,:当你让水白,6,0,0,1559152740000
1689633237,Hi__Peter,:老师讲到西吉县政府终于从几百里外引来了纯净水，解决了当地部分地区干旱情况，但是却不讲从哪里引来的，我表示很着急。一区四县我县提都没提一句，我还是很着急。 ,3,0,3,1559152620000
,利趣拿铁哇哈哈,:你爷爷在山里种茶叶，我爷爷在商场卖家具。穿过山与海，人与爱，虫害，干旱，相聚于此。 ,0,0,4,1559152620000
6906803144,沉着_冲锋衣3995,:那个使他奉献自己 以促使其早日实现的主义 将不受所有法律的订立和法律的破坏所左右 而日渐茁壮成熟——就像土里的种子 不管冬日的寒冻,1,0,0,1559151540000
5391936207,观行世界啦,:#新浪看点# 这个干旱已久的沙漠，24小时下了两年降雨量，却让当地人不喜反忧这个干旱已久的沙漠，24小时下了两年降雨量，却让当地人不喜反忧 ,0,0,0,1559149680000
2504325375,F饭卡,:只是想保存个素风开车截图……又看到撕逼……我幼小的玻璃心不能接受，个别粉真的戾气重，圣人准则严苛律人，无底线放纵自己,3,0,0,1559147940000
6311035570,坟头草三光年,:“因为那不关我的事。我浇灌过红色的黑果木、沙樱和荨麻树、红松和黑梣、白葡萄和黄色紫罗兰，否则它们会在干旱的季节枯萎。” ,4,0,1,1559145180000
6335029598,cx-D1107,:2019年5月29日  天气多云转晴妈妈打电话说家里干旱  挖的井水都干了 自来水只有一点点说洗衣服都难原来云南干旱这么严重今天没有健身emmm困了一天@你看你好奇怪呀 ,2,0,0,1559143800000
,翼軫張字默然,局地出现阵雨也不要慌反正也成不了什么气候,0,0,0,1559143320000
1310849015,花岗岩VV,抱歉，作者已设置仅展示半年内微博，此微博已不可见。 ,0,0,0,1559141520000
6316341224,老申茶铺,新人第一次来易武，总是要参观一下易武麻黑、落水洞古茶地；图五是麻黑茶王树；图八是已牺牲了的落水洞茶王树；易武茶区生态全云南第一！ ,4,0,1,1559141340000
5645248700,这样就好187,:离校前的夜晚，我打算开着灯熬夜度过。躺床上刷手机，无意被外面动静转移了注意。下雨了在这个干旱的大北方，一年不定下几场雨的大北方，今天不刮妖风，竟然开始下雨了。想困住要回家的我吗?休想。 郑州·郑州工业应用技术学院 ,4,0,5,1559141040000
,酒酱紫,#DWWA#,0,0,0,1559140980000
6276175181,新乡大梨,【痛心！天气干旱无雨，3野猪妈妈带16只幼崽寻水全溺亡】5月28日，河南卫辉，一村子蓄水池里淹死了3只野猪妈妈和16只猪仔，为防止疫情，污染水源，村民赶紧打捞深埋。村支书称，平常在生活区见不到野猪，初步判断，因近期高温，野猪为寻找水源，才不慎掉进蓄水池。一手video的秒拍视频 ,0,0,0,1559139780000
,y栗子酱f,:终于下雨了，虽然不大，但好歹缓解了一下这么多天的干旱。 ,0,0,0,1559139720000
3009883362,麦田遇见稻草人,抱歉，作者已设置仅展示半年内微博，此微博已不可见。 ,8,0,0,1559139600000
2668551941,XVII__,【四川成都第三次入夏失败 网友：我尊重了夏天，但它不尊重我,0,0,0,1559139480000
6079145987,河南梨,:【痛心！天气干旱无雨，3野猪妈妈带16只幼崽寻水全溺亡】5月28日，河南卫辉，一村子蓄水池里淹死了3只野猪妈妈和16只猪仔，为防止疫情，污染水源，村民赶紧打捞深埋。村支书称，平常在生活区见不到野猪，初步判断，因近期高温，野猪为寻找水源，才不慎掉进蓄水池。一手video的秒拍视频 ,1,0,0,1559139300000
6213412185,麦芒视频,:【痛心！天气干旱无雨，3野猪妈妈带16只幼崽寻水全溺亡】5月28日，河南卫辉，一村子蓄水池里淹死了3只野猪妈妈和16只猪仔，为防止疫情，污染水源，村民赶紧打捞深埋。村支书称，平常在生活区见不到野猪，初步判断，因近期高温，野猪为寻找水源，才不慎掉进蓄水池。一手video的秒拍视频 ,0,2,0,1559139300000
5997777987,未来远征,:中老铁路国内段玉磨铁路建设全面提速2019-05-28 06:58:53 来源：中国新闻网　　中铁四局消息：5月24日，由中铁四局承建的玉磨铁路(中国至老挝国际通道中国段)元江双线特大桥正在进行主墩3号墩131米混凝土浇筑及第24节钢桁梁架设作业。临近2020年铺轨这一重大节点，玉磨铁路建设开始全面提速。　　据了解，中老铁路起自中国云南省玉溪市，终至老挝首都万象，是泛亚铁路中线的重要组成部分。而位于云南省元江哈尼族彝族傣族自治县的元江特大桥，是中老铁路全线重点控制性工程，该桥飞跨V型红河高山峡谷，是红河上第一座铁路双线特大桥。　　中铁四局元江特大桥项目总工程师谢露介绍说：“元江特大桥集高墩、大跨于一体，最高桥墩为154米，主桥为变桁高上承式连续钢桁梁结构，最大跨度249米，是世界同类铁路桥梁跨度之最。”　　据介绍，自5月中旬以来，该地区高温干旱持续，日最高气温均在40摄氏度以上，并连续3次突破历史极值，给现场施工带来了不小压力，高温暴晒下的钢筋、防护栏等材料与设施，表面温度已超过了60摄氏度。　　在艰苦的施工环境下，工程建设单位联合各参建单位开展了劳动竞赛、“微创微改”等活动，提升成果奖励，倒排工期，与参建单位签订责任状，确保2019年9月底实现全部桥墩封顶、2020年6月完成大桥合龙、2020年同步开始铺轨。　　中铁四局工会主席、副总经理李朋谦表示：“虽然玉磨铁路建设到了攻坚阶段，但中铁四局一直秉承‘以人为本’的理念，我们在现场配备了防暑降温用品，建立了通风良好的工间休息室，在饮食和营养方面确保供应充足的水、食盐及维生素，来保障施工人员安全。”　　据悉，玉磨铁路起于云南玉溪，止于中老边境磨憨，全长508.53千米，是云南省融入国家“一带一路”倡议、推进与周边国家互联互通的重大建设项目，预计2021年全线通车，届时，中国昆明至老挝万象将实现夕发朝至，能够更加便捷地推动中国与东南亚国家的经济贸易往来和休闲旅游互动。,0,0,0,1559138760000
5716058361,豫东一哥,:干旱的伊朗，摄影师Hashem Shakeri作品 ,0,0,0,1559138640000
,石榴涧,:5/29/19为自己和亲友祷告 【经文】～以赛亚书44章3节因为我要将水浇灌口渴的人，将河浇灌干旱之地。我要将我的灵浇灌你的后裔，将我的福浇灌你的子孙。【祷告】: 圣父、圣子、圣灵，三位一体的独一真神，我感谢赞美祢！神啊，祢是满有怜悯和恩典的神，人喝祢所赐的水，就永远不渴。求祢将祢的灵浇灌我的后裔，将祢的福浇灌我的子孙，愿我全家蒙祢赐福，愿这福如春雨秋雨沛然降临。 神啊，求祢不但作我的神，也作我孩子_____（名字）的神，将来也作他孩子的神，愿我的子子孙孙都信靠祢、敬畏祢。愿他们都喝祢所赐的水，永远不渴；愿他们都被圣灵充满，永远蒙福。 奉耶稣基督之名祷告，阿们❤️🙏,2,0,2,1559138340000
2060430062,广济苍生活人符,我正在看【云南农业厅：全省极端干旱25万亩农作物绝收 - 天气网】，分享给你，一起看吧！ 云南农业厅：全省极端干旱25万亩农作物绝收 - 天气网 云南农业厅：全省极端干旱25万亩农作物绝收 ,0,0,0,1559137980000
,昆明市红十字会,:寻甸县红十字会到柯渡镇磨腮村委会开展抗旱保苗工作       5月24日，县红十字会会长张正波带领全体干部职工，深入到扶贫挂钩联系点走访调研。在柯渡镇磨腮村委会张正波向村委会负责人全面了解整个行政村农田保苗、人蓄饮水、农户受灾等情况。深入到农户家中了解生产生活和抗旱保苗情况。同时到田间地头，查看农作物生长情况，实地查看旱情。        通过实地走访调研了解到，部分村民因持续干旱，目前大多数村民还没有种植烤烟，损失相对较少。大家纷纷表示：在雨季来临之际，尽快栽种烤烟，保障不影响农作物的生长周期。,0,0,0,1559137620000
,中国一带一路网,:#晚安#【长在沙漠里的湖泊？】乌尼昂加湖泊群位于乍得北部恩内迪高原和提贝斯提高原之间的盆地上，湖泊群由大乌尼昂加和小乌尼昂加两个湖泊群组成。这些湖泊位于极度干旱的撒哈拉沙漠腹地中，并且已经存在了上千年。乌尼昂加湖泊群为研究撒哈拉沙漠气候演化和古人类迁徙提供了证据，2012年这里被世界教科文组织列入世界自然遗产名录。（来源：worldlist.travel）,9,1,1,1559137620000
,Decanter醇鉴,#DWWA#,2,2,4,1559136840000
,山东交通广播,:【抗旱！降水偏少近四成，省内多地现旱情！】记者从昨日召开的全省防汛抗旱电视会议上获悉，今年以来全省气温整体偏高，冷暖波动幅度大。降水总体偏少，部分地区出现旱情。全省平均降水量66．0毫米，较常年偏少39.6％，济南、菏泽、淄博三市偏少5成以上。降水阶段性特征明显，1月、2月、3月降水量较常年偏少40．5％、50．5％、48．9％，4月偏多38．3％，5月以来偏少83．4％。根据5月23日卫星遥感监测，全省农田干旱面积约1700万面，其中重早约170万亩，主要分布在临沂、潍坊、烟台、日照、青岛等地。#山东人山东事# #新浪看点#,0,0,0,1559136180000
,昆明市西山区发布,:#小西带你走社区# 【区供销社党委落实抗旱帮扶工作】区供销社党委在落实抗旱帮扶工作中，因地制宜，下步将针对东川、寻甸受灾联系户情况加强走访调研，号召机关干部及下属企业积极参与，为联系户解决当前亟需的用水、灌溉等生产生活资料；针对区内律则社区干旱情况，加强与相关职能部门的协调，统筹供销农资、综合服务社网点、合作社等现有资源，加强在食用菌、玫瑰、果蔬种植等方面的技术指导，帮助受旱群众解决实际困难。,0,0,0,1559135820000
3705300821,危险的志,:干旱了这么久终于知道回来洒水了哈#云南##干旱##在抖音，记录美好生活# ,4,0,0,1559135820000
,昆明市西山区发布,:#小西带你走社区# 【西山区供销社党委走访团结街道贫困户】今春以来，持续的高温和干旱，全市各地不同程度遭受旱灾，农作物生产受到不同程度地影响，人畜饮水困难，广大群众正常生产生活受到威胁。为切实帮助群众缓解实际困难，西山区供销社党委分两个组，分别于 5月21日至23日对团结街道办事处律则社区15户结对贫困户、东川区红土地镇蚌德村5户结对贫困户及寻甸县河口镇沙谷渡村4对户结对贫困户进行了走访。,0,1,0,1559135760000
6537222363,disastrous7271,最近不是不出现，是实在太累了日常就是眯一会儿😴 拍摄🎬 眯一会儿😴 拍摄🎬眯一会儿😴 拍摄🎬 眯一会儿…………… ,0,0,0,1559135580000
6474378378,沈家1231啊,最近不是不出现，是实在太累了日常就是眯一会儿😴 拍摄🎬 眯一会儿😴 拍摄🎬眯一会儿😴 拍摄🎬 眯一会儿…………… ,0,0,0,1559135460000
6564056977,你Pa,#外刊精读# 全球变暖与战争之间存在关联（乍一看，这个题目还挺吓人的，于是拿来康康,0,0,0,1559134860000
,小宇宙飞船数据站,:#白宇[超话]#[带着微博去旅行]#白宇公益[超话]#公益林今日数 据记录：【探咖森林】5/29日更新水滴：136.7w树苗：84棵目前探咖森林更改了水滴获取方式，留言可以留20次，可以共获得400滴水滴，分享不再获得水滴，但是利于宣传,13,3,21,1559134380000
3316714211,人民网河南频道,:#亲情# 5月28日，卫辉市狮豹头乡北挂水村发生一起让村民们痛心的溺水事件。三头母野猪带领16只幼猪下山寻找水源时，不幸在村边一个蓄水池中集体溺亡。“打捞的时候，我们都很痛心！”据寺东坡村村书记苏长东介绍，北挂水村位于卫辉西北最偏远的自然村，隶属于寺东坡村，由于海拔800多米，北挂水村常年缺水。到现场后，大家被眼前的惨状惊呆了，三头身长近2米的母野猪和16只幼猪，漂浮在水面上。“真可怜，真可怜……”苏长东痛心地说，幼猪应该是刚刚出生一个月左右，“从尸体的外表看，溺水时间应该是5月27日。”据他分析，北挂水村常年干旱，村民用水都是靠雨水。由于近期山上一直没有下雨，生活在山上的野猪只好下山到村子里寻找水源，然后发生意外。这名村民说，野猪是群居动物，野猪群由2-3只母猪与一群幼猪组成，公猪只在发情期才会加入猪群。分析，5月27日晚上，三头母野猪，各自带着自己的孩子来到山下寻找水源，最终在北挂水村发现水池。在饮水过程中，有幼猪不慎落水。母爱是所有动物的天性，发现孩子落水后，三头母野猪跳入水中进行营救。岸上的其他幼猪看到这一幕后，以为是戏水玩耍，于是纷纷仿效跳入水池，最终全部遇难。据了解，附近村民非常爱护野猪，尽管野猪经常下山糟蹋庄稼、红薯，但村民很少伤害野猪，这也是野猪敢带着孩子到村子里寻水的原因。在众人的努力下，野猪全部打捞上岸。经有经验的村民估测，三头成年野猪体重都在200斤左右。随后野猪尸体全部被挖坑深埋，进行无害化处理。,0,0,1,1559133360000
6258637222,周师傅花卉有限公司,:五针松是常青，是一种优质盆景素材嫁接三年生日本五针松自然成型四季观赏树种，五针松特别易养植，喜阳，耐寒性强，忌积水，耐干旱，盆栽的五针松盆土干了再浇水，浇则浇透 👉🏻http://t.cn/AiKYNzmC👈🏻 ,0,0,0,1559133120000
6258637222,周师傅花卉有限公司,:五针松盆景素材两棵拍嫁接三年生日本五针松盆景素材四季观赏品种，五针松易养植喜阳，耐寒性强，忌积水，耐干旱，盆栽的五针松盆土干了再浇水，浇则浇透，图片用手机简单拍 👉🏻http://t.cn/AiKYCd5a👈🏻 ,0,0,0,1559133120000
6258637222,周师傅花卉有限公司,:五针松盆景素材两棵拍嫁接三年生日本五针松盆景素材四季观赏品种，五针松易养植喜阳，耐寒性强，忌积水，耐干旱，盆栽的五针松盆土干了再浇水，浇则浇透，图片用手机简单拍 👉🏻http://t.cn/AiKYCmXv👈🏻 ,0,0,0,1559133120000
6258637222,周师傅花卉有限公司,:五针松盆景素材两棵拍嫁接三年生日本五针松盆景素材四季观赏品种，五针松易养植喜阳，耐寒性强，忌积水，耐干旱，盆栽的五针松盆土干了再浇水，浇则浇透，图片用手机简单拍 👉🏻http://t.cn/AiKYCjRx👈🏻 ,0,0,0,1559133060000
3285017981,肖小一耶,:丧钟为谁而鸣澳洲毛鼻袋熊还栖息在半干旱的沙质草原，昼伏夜出；在中国境内熊猫安稳的啃食着竹子，鲸鱼在大洋里酣畅的游动，看似有条不紊的世界秩序下，人类好像忘记了什么:据CNN新闻2月20日报道，一种生活在澳大利亚北部小岛上的珊瑚裸尾鼠成为世界上已知的第一种因“人为气候变化”而灭绝的哺乳动物。达尔文的自然《进化论》这样说:生存斗争中的个体因在于生存斗争中获胜而生存下去。凡是生存下去的生物都是适应环境的。而被淘汰的生物都是对环境不利的。那么巨儒艮的灭绝是一种自然选择，那么毛里求斯巨龟的灭绝是一种自然选择，那么北美旅鸽的灭绝是一种自然选择，那么长江白鲟的灭绝也是一种自然选择。但是达尔文的自然选择学说里并没有涉及提到的一个因素是:人类作为整个生物界主宰其生产活动是否会对物种的生存起到影响。事实上，早在1941年，蕾切尔·卡逊就出版了她的第一本书，《海风的下面》来描述海洋生物，借此阐明加强生态环境保护的紧迫性。但那个时候人们对生态环境保护的重视程度还远远不够。工业革命的发展推进了人类的物质文明水平，但也带来了沉重的灾难。无论是因人类活动导致的臭氧层破坏、河流污染，还是温室效应，深受其害的也只有人类和其周遭的一切。动物作为人类的附属品，只得在适当的时机被放上台面。我们抵制象牙买卖、动物毛皮制衣，我们抵制食用穿山甲、鱼翅，我们保护珍稀动物，但是买卖杀害动物的事仍然存在，但是圈养海洋动物表演的场馆依旧遍布沿海湖湾。也许只有人类自己明白:其他物种的毁灭不过如星辰陨落，只要不危机自身，便不存在适可而止。这无疑是可怕的猜想，但现实仍在向我们证明它的准确性。丧钟为谁而鸣，所有生物其实都是一个整体，今天我们用纪念的方式去缅怀珊瑚尾鼠的不幸，未来我们就会用同样的方式去悔恨自己的不幸。不要以为丧钟是为谁而鸣，它为世界上第一个因人类活动而灭绝的哺乳动物而鸣，也为整个人类的命运而鸣。,2,0,0,1559132160000
6064535943,云南昆明老杜,:《深度解析云南“逆天”干旱 居然是因为这两大“元凶”！》深度解析云南“逆天”干旱 居然是因为这两大“元凶”！http://t.cn/AiKYXMYM ,1,0,0,1559132040000
6564056977,你Pa,:#外刊精读# 全球变暖与战争之间存在关联（乍一看，这个题目还挺吓人的，于是拿来康康,0,1,0,1559131080000
7147875023,珍硒农家,:珍硒农家 今天还在割麦子，麦子品质很好。今年以来干旱缺水可是，小产量达到几年来最高点1340斤。农民朋友们笑了。浇灌作物、种植花生更有精神头了。http://t.cn/AiKYcbWj ,1,0,6,1559130660000
7147875023,珍硒农家,:珍硒农家 今天还在割麦子，麦子品质很好。今年以来干旱缺水可是，小产量达到几年来最高点1340斤。农民朋友们笑了。浇灌作物、种植花生更有精神头了。http://t.cn/AiKYcbWj ,0,0,0,1559130660000
5290590835,高博正,:农民频道推出支持农业技术发展 ，万物以水为源。北方干旱寸草不生 为农民无水源 无收益  无销路 无出人头地的拼命在一线的农业生产投上一票动动手指点上一赞评论上热门 http://t.cn/AiKY51K7 ,1,0,0,1559130420000
6700251298,倍特期货上海分公司,":橡胶继续反弹观点：今日橡胶价格继续反弹,RU1909合约收报12205点，上涨2.56%。目前橡胶走势矛盾较大，上游天气干旱因素维持，原料价格仍相对偏高，但下游需求表现不佳，缺乏增量，橡胶多空博弈持续三个月时间，天气因素将成为未来决定性因素。目前时间上对多头有所不利，预期炒作空间受限。交易策略方面，橡胶预期维持震荡行情，炒作空间受限，如果RU1909合约突破12300点，则空单平仓。",0,0,0,1559130000000
6520567245,江苏李佳芸,:我的园子里，干旱让植物生长缓慢，扦插成活的十一棵玫瑰只剩一棵，如果干旱下去，估计要用自来水了灌溉了。 ,1,0,0,1559129520000
2326075941,从护国军师到护球世皇,:我正在看【云南农业厅：全省极端干旱25万亩农作物绝收 - 天气网】，分享给你，一起看吧！ 云南农业厅：全省极端干旱25万亩农作物绝收 - 天气网 云南农业厅：全省极端干旱25万亩农作物绝收 ,0,1,0,1559129280000
2787378735,F_Sica,还魂草，可以在极端干旱条件下生存多年，当缺水时，会变成褐色，卷曲成球状，看起来已经枯萎死亡，达到完全休眠，浇水后又复苏伸展，几个小时内会变成绿色。  媒体印象的秒拍视频 ,0,0,0,1559128440000
6377477000,爱动脑筋的sjp1,:天干旱了，桃子也不甜了。 ,0,0,0,1559127960000
,曲靖妇联,:【温暖六一】爱心水 润童心——麒麟区妇联开展“水到·心到”巾帼志愿活动        5月28日下午，在“六一”儿童节到来之际，麒麟区妇联联合爱在珠江源协会在沿江街道新圩小学举行“合力抗旱·巾帼志愿者在行动”活动。        自5月份以来，麒麟区无有效降雨，气温异常偏高，出现了干旱缺水的情况。麒麟区妇联积极行动，联合爱在珠江源协会申报壹基金、可口可乐中国公司净水24小时应急救援项目。项目主要是对干旱等灾害进行持续的人道主义赈灾行动，使儿童等弱势群体获得有保障的生活。       此次壹基金、可口可乐中国公司共为麒麟区沿江街道新圩小学、麒麟区三宝街道长坡小学、越州镇向桂小学三所小学的800余名师生捐赠冰露水832件（19975瓶），价值人民币19975元。为同学们送上了一份特殊的“六一”儿童节礼物。　       云南众益志愿者服务中心主任徐绍、壹基金项目专岗赖俞均、沿江街道党工委领导、长坡小学和向桂小学校长、新圩小学部分师生及志愿者100余人参加了活动。　（麒麟区妇联　供稿）,0,0,0,1559127900000
6524166075,最后两次中二,:今天外面下着雨，开网页看到悉尼干旱限水了我们这里的乌云能飘到那边去吗 ,0,0,0,1559127360000
7158186974,marigorando,还魂草，可以在极端干旱条件下生存多年，当缺水时，会变成褐色，卷曲成球状，看起来已经枯萎死亡，达到完全休眠，浇水后又复苏伸展，几个小时内会变成绿色。  媒体印象的秒拍视频 ,0,0,0,1559127060000
6524418722,BTV晚间新闻报道,:【悉尼：空前干旱 十年来首次限水】澳大利亚东南部新南威尔士州首府悉尼28日颁布近十年首个“限水令”，要求家庭和企业节省用水。新南威尔士州政府发布声明，说大悉尼地区集水系统处于上世纪40年代以来最低水位，自下周起开始限制居民用水。大悉尼地区指悉尼市及周边都市圈。州水务厅长梅琳达·佩维说，新南威尔士州如今的干旱情况打破历史纪录。 http://t.cn/AiKO1FcM,0,1,0,1559127000000
,青岛西海岸新区中心医院,:#青岛微关注[超话]# 【绿法师的养殖方法】光温：它喜欢温暖有光的区域，能够抵抗干旱，可以忍耐零下2℃的严寒，它成长的温度是在零下2℃到45℃，冬天最好移到屋内。要是夏天，不要让它长时间处于强光之下，要适度的给它用遮蔽物挡光。二、土壤：它的土最好用肥沃，比较透气排水的土。三、修剪：它会长出很多小侧芽，等侧芽长到手掌心的大小时，可以剪下来插到土中，一棵新的绿法师就有了。四、浇水：不太好判断土壤是否干透的情况下可以摸一下叶片，叶片有一点软的时候浇透就可以了。,1,0,0,1559126640000
7021136564,老顽童的2019,还魂草，可以在极端干旱条件下生存多年，当缺水时，会变成褐色，卷曲成球状，看起来已经枯萎死亡，达到完全休眠，浇水后又复苏伸展，几个小时内会变成绿色。  媒体印象的秒拍视频 ,0,0,0,1559126460000
7152604718,用户7152604718,:持续干旱我村井里已经临近干枯没有自来水做饭的水都供不上用了。唉！河南省玉梅村 微博视频 ,0,0,0,1559126280000
2923956337,我有一碗周,:为什么河南持续高温干旱得不到关注呢？我听爷爷说，我们村一户人家四亩地只收了四布袋（尿素袋子）麦子我姥姥家附近好几个村已经是整日停水的状态，只有做饭时间来一点点水。干旱，洪水都是大灾。🙏 ,4,0,3,1559126220000
5632825060,小怪兽八卦BB,:#小蛮腰撑腰计划# 甲：您最近忙啥呢？看您愁眉苦脸的，有什么问题我帮您解决解决？乙：那好啊！我最近一直在研究一个课题，只差一点就攻克下来了。甲：哪个课题，说说我帮您办！乙：近日来北方雨太多，南方干旱，我想打个电话，让北方雨下到南方来，您说我给谁打？甲：这。。。 ,0,0,0,1559125800000
5327725578,袁艾V,:我省近期气象干旱将持续发展 干旱程度较常年偏重http://t.cn/EoT4Icf ,0,0,0,1559125560000
,热推APP,:【#悉尼限水令#】 澳新州持续干旱 悉尼将实施10年来首次“限水令” —— 悉尼水务局表示，过去两年，悉尼大坝水位的下降速度快于2000年干旱时期，水流量达到20世纪40年代以来的最低值。http://t.cn/AiKjlsDj  看看新闻今日事的微博视频 ,1,0,1,1559125380000
5239257376,我是小jon啦,:云南整个干旱在我这就是连天大雨雨一直下一直下仿佛这半年来，从来没有天晴过努力和运气永远凑不到一起#小jon随想日记# ,3,0,1,1559123580000
6811241924,茶农王氏,:今年天气干旱茶农要采茶、还要做茶、真心不容易、请珍惜你现在喝的每一片茶叶,2,0,0,1559123280000
,大河报商丘站,:【#丰收季[超话]# 永城：180万亩小麦丰收在望】 □大河报·大河客户端记者陈海峰陈萌萌通讯员袁国豪何燕子    本报商丘讯麦子黄熟之时，永城大地又迎来繁忙紧张的收获季节。今年，永城市小麦播种面积180万亩，其中，优质强筋小麦种植面积30万亩，富硒小麦种植面积30万亩。目前，小麦长势良好，丰收在望，全市小麦预计总产89.78万吨。    记者从该市农业农村局获悉，今年，在生产上通过综合应用测土配方施肥、选用优良品种、精量适期播种、病虫害综合防治、强化应变管理等增产措施，克服了冬季偏高的气温、持续的阴雨寡照、病虫害发生严重等多种不利因素。针对该市南部淤地播期干旱，播种晚，播期长，出苗不整齐，年前群体小、生长量不足；该市北部适期播种，播量大，生长过旺的不利因素，狠抓冬、春季麦田管理，及时号召农民进行了中耕、追肥及加强病虫害综合防治等措施，有效促进了该市小麦苗情转化升级。    日前，该市农业农村局组织技术人员对全市29个乡镇小麦开展预产调查：每个乡镇抽查10块地，共查290块麦田，平均41.78万穗/亩，平均32.45粒/穗、千粒重按常年平均43.28克计算，8.5折后，预计亩产498.76公斤，较去年每亩增加70.77公斤，增产率为16.5%；与2010年—2018年平均产量相当。亩穗数比2018年增加4.08万穗，穗粒数增加0.95粒；亩穗数比常年增加0.37万穗，穗粒数增加0.11粒。（大河报）,1,1,0,1559123220000
6272966047,丽江日报,:#丽江抗旱进行时# 【丽江旱情形势严峻，经济损失超2亿元】#丽江新闻#今年以来，受气温持续偏高、降水持续偏少影响，丽江市出现连旱天气，农作物受旱严重，人畜饮水困难，全市工农业生产和城乡生活用水受到严重影响。截至5月27日，全市农作物受旱面积达70万亩，因旱造成经济损失2.06亿元。今年进入5月后，丽江全市长时间处于高温晴热天气，连续多次发布高温预警和干旱橙色预警，低海拔河谷地区最高气温均超过35℃，部分地区最高气温达到40℃以上。5月上、中旬全市平均气温分别达20.9℃和22.1℃，较常年同期偏高2.5℃和3.1℃，中旬平均气温是有气象记录以来同期第四高、2013年以来同期最高。截至5月27日，全市65个乡镇农作物受旱面积达70万亩，占在田作物面积的60%。其中：轻旱56万亩，重旱11万亩，干枯3万亩；缺水缺墒面积32.84万亩，因旱造成人畜饮水困难5.99万人、9.85万头，因旱造成经济损失2.06亿元。到5月28日早晨，受5月26日至28日降水过程影响，我市东部地区气象干旱有所缓解，宁蒗宁利—红旗—红桥、华坪永兴—船房等区域气象干旱下降到中旱等级，但全市其它地区未来3、4天内气象干旱还将持续或发展。（记者  吴劲梅 ）,6,2,1,1559122920000
6523101024,YM妍美中药面膜,:🌿🌔 有人问：“做淡斑，以后不做了会不会反弹？＂亲们，干旱的禾苗浇灌了水，鲜嫩青葱，以后不浇水了，持续干旱，又蔫了，能叫“反弹”吗？你的爱车开了几万公里需要保养换机油，以后不保养了车子性能不好了能叫“反弹”吗？淡斑的道理是一样的，美是需要坚持护理的，而且根据皮肤问题、年龄、环境、季节做调整，想一劳永逸绝不可能！人都会自然衰老，天生丽质不能永久，后期保养才是王道！[玫瑰] http://t.cn/z8Aa6UW,0,0,0,1559122200000
5408711355,愿有所息55,:化肥产业网整理：钾肥促进茎干钾肥价格应该是中国化肥价格里低廉的。钾肥能够促进光合作用，提高植物对氮元素的吸收，钾元素能够增强植物对环境的适应能力，让其能够忍受各种恶劣的环境，常见的如干旱、低温、病虫害以及倒伏。所以在植物生长开花期间都是不能少了钾肥的。浏览了上述内容后，大家是否对化肥浇花的知识有清晰的了解呢？在播撒时注意兑水比例和追施方式，结合花期选用适宜的化肥品种，就能看到红艳艳的鲜花啦！结语：看完上面的内容，相信大家应该知道复合肥浇花的比例以及使用方法了，在适当的时期给花卉植物合理的施肥，就不愁生长不够好开花不够艳的。,0,0,0,1559122200000
,掌上十堰,:十堰干旱千户居民饮水难，消防开车送水 澎湃新闻的秒拍视频 ,0,0,0,1559122080000
,十堰同城会,:十堰干旱千户居民饮水难，消防开车送水 澎湃新闻的秒拍视频 ,0,0,0,1559122020000
6318109823,皓宇夜熙,:#武汉华夏理工学院十五周年校庆# 十五载风雨兼程，青春如歌 滋立德而乐学，励精图治 年华流转，不变的是华夏学子的心 岁月如流，永恒的是华夏师长的魂 精神与理想在此碰撞，擦出智慧的火花，点亮知识的光芒  十五载薪火相传，循道追光 取笃行以日新，交融共进 年华似水，华夏十五年付春夏秋冬 光阴如梭，华夏的璀璨如不夜长虹 青春与未来在此共鸣，奏出辉煌的乐章，滋润干旱的心田#武汉·武汉华夏理工学院[地点]#@武汉华夏理工学院 @武汉华夏理工学院 http://t.cn/R20Y1fr,1,0,1,1559121840000
,Millet李湾湾,:萌新班已经结束才插班进来的甜同学，第二课和第四课的作业，进步超大了，终于告别干旱啦，哈哈哈哈，表扬表扬！#湾湾插画课# ,7,0,0,1559121840000
,楚雄周知,:截至5月28日，妥甸镇受旱人口14200人，涉及18个村（社区）304个村民小组，受灾农作物面积21840亩，人畜饮水困难村民小组44个，涉及1990人。统筹安排各类抗旱资金21.45万元，安排管材9620米，价值18.24万元，各村（居）委会自筹抗旱资金6.9万元。 全县抗旱任在继续，大家挺住!   双柏县持续干旱！众志成城全力以赴抗旱保民生（多图） ,3,0,1,1559121720000
6814069729,西双版纳二手车平台,:离干旱不远了咯！ 云南省·西双版纳傣族自治州 ,0,0,0,1559121600000
