2373791297,午夜阳光1898,:长江防总：今年长江中下游可能发生较严重的洪涝灾害 长江防总：今年长江中下游可能发生较严重的洪涝灾害（分享自 @狐说小剧场） ,0,0,0,1556636220000
3150466355,四平工务段,#朝闻速递# 【早知天下事】①南水北调东线启动北延应急试通水，首次供水冀津。②北欧航空罢工持续，逾千架次航班被取消。③印尼明古鲁省发生洪涝和山体滑坡灾害导致29人死亡。更多请戳↓↓  早知天下事 ,0,0,0,1556627700000
,中央人民广播电台,:【离开爪哇岛，“逃离”雅加达！印尼的下一个首都，会是哪？】据路透社29日报道，印度尼西亚国家发展计划部长当天宣布，总统佐科决定将首都从雅加达迁移出去，离开人口稠密的爪哇岛。他说，将首都从雅加达迁出可能需要长达10年的时间，目前政府尚未选定新首都的位置。雅加达位于爪哇岛北岸，人口约1200万。新加坡《联合早报》指出，人口饱和令雅加达在很多方面无法满足现代需求，存在交通混乱、空气污染严重、卫生条件恶劣等问题，加上地势低洼，不时出现的洪涝问题造成庞大经济损失。因此，总统佐科要求国家发展计划部就迁都问题正式启动研究。http://t.cn/ESikhKZ,8,4,1,1556626080000
2951244064,顺德供电局,:#电力视窗# 【能源局保障电力行业防汛抗旱工作取得成效】“今年我国南方地区入汛较早，根据中国气象局预测，今年我国气候状况总体偏差，部分地区可能有较重汛情并发生阶段性洪涝灾害。”4月29日，国家能源局电力安全监管司副司长张扬民表示，电力行业要充分认识自然灾害对防汛抗旱工作的挑战，需提前准备，超前防范。http://t.cn/ESar8Oh,0,1,1,1556619300000
,中国经营报,:#印尼迁都#【离开爪哇岛，“逃离”雅加达！印尼的下一个首都，会是哪？】据路透社29日报道，印度尼西亚国家发展计划部长当天宣布，总统佐科决定将首都从雅加达迁移出去，离开人口稠密的爪哇岛。他说，将首都从雅加达迁出可能需要长达10年的时间，目前政府尚未选定新首都的位置。雅加达位于爪哇岛北岸，人口约1200万。新加坡《联合早报》指出，人口饱和令雅加达在很多方面无法满足现代需求，存在交通混乱、空气污染严重、卫生条件恶劣等问题，加上地势低洼，不时出现的洪涝问题造成庞大经济损失。因此，总统佐科要求国家发展计划部就迁都问题正式启动研究。 http://t.cn/ESikhKZ,12,10,9,1556617200000
,南京晨报,:#印尼迁都#【离开爪哇岛，“逃离”雅加达！印尼的下一个首都，会是哪？】据路透社29日报道，印度尼西亚国家发展计划部长当天宣布，总统佐科决定将首都从雅加达迁移出去，离开人口稠密的爪哇岛。他说，将首都从雅加达迁出可能需要长达10年的时间，目前政府尚未选定新首都的位置。雅加达位于爪哇岛北岸，人口约1200万。新加坡《联合早报》指出，人口饱和令雅加达在很多方面无法满足现代需求，存在交通混乱、空气污染严重、卫生条件恶劣等问题，加上地势低洼，不时出现的洪涝问题造成庞大经济损失。因此，总统佐科要求国家发展计划部就迁都问题正式启动研究。BY央视财经http://t.cn/ESikhKZ,1,0,1,1556616600000
3147973597,长春客运段,#朝闻速递# 【早知天下事】①南水北调东线启动北延应急试通水，首次供水冀津。②北欧航空罢工持续，逾千架次航班被取消。③印尼明古鲁省发生洪涝和山体滑坡灾害导致29人死亡。更多请戳↓↓  早知天下事 ,0,0,0,1556615520000
,hi最长沙,:#长沙身边事#【警惕！长沙汛期降水偏多 或引发短期洪涝】目前，湘江流域长沙段正式进入汛期，将持续至9月30号24时，6个月时间里，4月至6月为主汛期，水位上涨较快。据水文、气象等多部门联合预测，长沙今年汛期降水较历年偏多，强对流降水严重，发生洪涝可能性较大#一起最长沙# hi最长沙的微博视频 ,1,4,1,1556614800000
,沈阳车辆段,#朝闻速递# 【早知天下事】①南水北调东线启动北延应急试通水，首次供水冀津。②北欧航空罢工持续，逾千架次航班被取消。③印尼明古鲁省发生洪涝和山体滑坡灾害导致29人死亡。更多请戳↓↓  早知天下事 ,0,0,0,1556614080000
3954922836,沈阳局集团有限公司通化货运中心,#朝闻速递# 【早知天下事】①南水北调东线启动北延应急试通水，首次供水冀津。②北欧航空罢工持续，逾千架次航班被取消。③印尼明古鲁省发生洪涝和山体滑坡灾害导致29人死亡。更多请戳↓↓  早知天下事 ,0,0,0,1556613600000
,动漫游戏君,:可爱的垃圾浮岛城镇生存游戏《Flotsam》将于今年年内登陆Steam。玩家需要从海面搜寻垃圾，在洪涝世界中建设自己的浮岛城市。要是能种田就完美了,161,116,121,1556613360000
5243828613,永州市卫计委,:江华：积极做好暴雨洪涝灾后防疫工作连日来，江华县受到暴雨侵袭，部分乡镇村社出现内涝现象，内涝退去以后，为有效预防和控制灾后疫病滋生，江华县卫生健康部门立即组织工作人员在全县范围内开展消毒防疫工作。 在白芒营镇的白牛山村，村道的清扫工作已经基本完成，大多数居民们家中也已经清扫干净，工作人员现场配置消毒药品，对已经清理干净的街道喷洒消毒液进行消毒，同时也对清淤干净的房屋消毒，趟水进户确保不落掉每一处消杀点。还与当地村干部联系寻找水源地，查看饮用水水质情况，并为每户发放水质消毒药，讲解灾后防病常识，确保群众饮水及食品安全。下一步，工作人员还将对消过毒的区域进行抽样检验，不合格的进行二次消毒，以做到真正的灾后无疫情。此次消杀防病工作共用消杀药品合计：消毒粉48.5公斤，84液45瓶，漂白精片4瓶，累计消毒面积达15780平方米，发放宣传资料400余份。江华县卫生健康部门还将继续密切关注疫情，做好灾后疾病防控工作。,1,0,0,1556610780000
3147975991,通辽铁盛集团3xzk7e,#朝闻速递# 【早知天下事】①南水北调东线启动北延应急试通水，首次供水冀津。②北欧航空罢工持续，逾千架次航班被取消。③印尼明古鲁省发生洪涝和山体滑坡灾害导致29人死亡。更多请戳↓↓  早知天下事 ,0,0,0,1556608200000
7010777545,吉林车辆段车轮车间,#朝闻速递# 【早知天下事】①南水北调东线启动北延应急试通水，首次供水冀津。②北欧航空罢工持续，逾千架次航班被取消。③印尼明古鲁省发生洪涝和山体滑坡灾害导致29人死亡。更多请戳↓↓  早知天下事 ,0,0,0,1556607420000
3147975635,通辽房产段,#朝闻速递# 【早知天下事】①南水北调东线启动北延应急试通水，首次供水冀津。②北欧航空罢工持续，逾千架次航班被取消。③印尼明古鲁省发生洪涝和山体滑坡灾害导致29人死亡。更多请戳↓↓  早知天下事 ,0,0,1,1556606520000
3147975473,沈铁吉林车辆段,#朝闻速递# 【早知天下事】①南水北调东线启动北延应急试通水，首次供水冀津。②北欧航空罢工持续，逾千架次航班被取消。③印尼明古鲁省发生洪涝和山体滑坡灾害导致29人死亡。更多请戳↓↓  早知天下事 ,0,1,0,1556606040000
,918郑州文化娱乐广播,:#印尼迁都#【离开爪哇岛，“逃离”雅加达！印尼的下一个首都，会是哪？】据路透社29日报道，印度尼西亚国家发展计划部长当天宣布，总统佐科决定将首都从雅加达迁移出去，离开人口稠密的爪哇岛。他说，将首都从雅加达迁出可能需要长达10年的时间，目前政府尚未选定新首都的位置。雅加达位于爪哇岛北岸，人口约1200万。新加坡《联合早报》指出，人口饱和令雅加达在很多方面无法满足现代需求，存在交通混乱、空气污染严重、卫生条件恶劣等问题，加上地势低洼，不时出现的洪涝问题造成庞大经济损失。因此，总统佐科要求国家发展计划部就迁都问题正式启动研究。 http://t.cn/ESikhKZ,0,0,0,1556604240000
,央视财经,:#印尼迁都#【离开爪哇岛，“逃离”雅加达！印尼的下一个首都，会是哪？】据路透社29日报道，印度尼西亚国家发展计划部长当天宣布，总统佐科决定将首都从雅加达迁移出去，离开人口稠密的爪哇岛。他说，将首都从雅加达迁出可能需要长达10年的时间，目前政府尚未选定新首都的位置。雅加达位于爪哇岛北岸，人口约1200万。新加坡《联合早报》指出，人口饱和令雅加达在很多方面无法满足现代需求，存在交通混乱、空气污染严重、卫生条件恶劣等问题，加上地势低洼，不时出现的洪涝问题造成庞大经济损失。因此，总统佐科要求国家发展计划部就迁都问题正式启动研究。  http://t.cn/ESikhKZ,43,17,18,1556603700000
3137805063,南昌客运段K784次萍沪一组,#每天学点消防知识[超话]#【预防洪涝灾害安全小知识[话筒]】不就下个雨嘛！能有多少危害？其实，暴雨是中国主要气象灾害之一。在所有洪涝灾害中，暴雨罪魁祸首。所以在暴雨发生之前，我们要学会如何应对洪涝灾害的安全知识。↓↓ #追梦火焰蓝# ,0,0,0,1556596740000
,qtians,:今天什么日子喽，杭州东站候车室旅客明显密度增加，杭温，杭甬方向还是客运主力流入，杭东沪杭长场，宁杭甬场沿海线车列进路有条不紊，运输量持续保障#五一图，五一高峰，五一加班临客，迎接暑运做好准备工作，雨灾防洪涝，防险预想充分 ,0,0,0,1556596620000
3147975167,阜新工务段,#朝闻速递# 【早知天下事】①南水北调东线启动北延应急试通水，首次供水冀津。②北欧航空罢工持续，逾千架次航班被取消。③印尼明古鲁省发生洪涝和山体滑坡灾害导致29人死亡。更多请戳↓↓  早知天下事 ,0,0,0,1556595540000
,江西中公教师培训,:#教师招聘# ,0,0,0,1556594580000
3147973405,沈铁长春站,#朝闻速递# 【早知天下事】①南水北调东线启动北延应急试通水，首次供水冀津。②北欧航空罢工持续，逾千架次航班被取消。③印尼明古鲁省发生洪涝和山体滑坡灾害导致29人死亡。更多请戳↓↓  早知天下事 ,0,0,0,1556594220000
,居外网Juwai,:#居外快讯#  【印尼首都将搬离雅加达，或因城市下沉和人口过多，具体迁入地点待定】#印尼迁都# 4月28日，印度尼西亚发表声明，表示现任总统佐科已经同意迁都，要将首都从拥挤不堪的雅加达迁出，另寻新址。而迁都团队已经走访了众多候选城市，很有可能把首都选在加里曼丹岛（婆罗洲）的帕朗卡拉亚。拥有2.6亿人口的印尼，是世界第四人口大国，一旦迁都，将会影响数千万人的就业和生活。而东南亚的地缘格局，也可能因为这次迁都而发生巨变。迁都原因或与雅加达下沉和人口密度过大有关。地势低洼带来的洪涝威胁，以及巨量人口带来的市政管理压力，确实已经让雅加达不堪重负。而且当这两个危险因素叠加时，印尼可能面临失去全国最精华土地和最精英人口的危险，选择迁都确实有理有据，不能说是总统佐科一拍脑袋的产物。印尼官员表示，是否迁都已经被讨论了60多年，这次决定迁都虽然没有确定具体位置，但10年内会迁。,0,0,0,1556593800000
3028075721,矢野千鶴,为什么这么多人喜欢钢铁侠？（有剧透）#为什么这么多人喜欢钢铁侠# ,0,0,0,1556589660000
3951710017,曲靖检察,:#朝闻速递# 【早知天下事】①南水北调东线启动北延应急试通水，首次供水冀津。②北欧航空罢工持续，逾千架次航班被取消。③印尼明古鲁省发生洪涝和山体滑坡灾害导致29人死亡。更多请戳↓↓   早知天下事 ,11,4,15,1556586360000
2686283723,文明萧县,:#朝闻速递# 【早知天下事】①南水北调东线启动北延应急试通水，首次供水冀津。②北欧航空罢工持续，逾千架次航班被取消。③印尼明古鲁省发生洪涝和山体滑坡灾害导致29人死亡。更多请戳↓↓    早知天下事 ,0,0,0,1556586300000
5475679927,昆明市经济技术开发区消防大队,#每天学点消防知识[超话]#【预防洪涝灾害安全小知识[话筒]】不就下个雨嘛！能有多少危害？其实，暴雨是中国主要气象灾害之一。在所有洪涝灾害中，暴雨罪魁祸首。所以在暴雨发生之前，我们要学会如何应对洪涝灾害的安全知识。↓↓ #追梦火焰蓝# ,0,0,0,1556585460000
3147975325,通辽电务段,#朝闻速递# 【早知天下事】①南水北调东线启动北延应急试通水，首次供水冀津。②北欧航空罢工持续，逾千架次航班被取消。③印尼明古鲁省发生洪涝和山体滑坡灾害导致29人死亡。更多请戳↓↓  早知天下事 ,0,0,0,1556585160000
3130022673,南客京特T147五组,#每天学点消防知识[超话]#【预防洪涝灾害安全小知识[话筒]】不就下个雨嘛！能有多少危害？其实，暴雨是中国主要气象灾害之一。在所有洪涝灾害中，暴雨罪魁祸首。所以在暴雨发生之前，我们要学会如何应对洪涝灾害的安全知识。↓↓ #追梦火焰蓝# ,0,0,0,1556585040000
3960399974,昭通市检察院,:#朝闻速递# 【早知天下事】①南水北调东线启动北延应急试通水，首次供水冀津。②北欧航空罢工持续，逾千架次航班被取消。③印尼明古鲁省发生洪涝和山体滑坡灾害导致29人死亡。更多请戳↓↓ 早知天下事（新华网） ,1,0,1,1556584140000
6618039183,芮褚_LilyCC,:#七彩云南商标保护行动# 90后活了10几年，碰上了50年一遇的旱灾，60年一遇的雪灾，100年一遇的洪涝，300年一遇的泥石流，500年一遇的地震，600年一遇的海啸，还有什么日食月食流星雨…迎着非典上小学，踏着禽流感上初中，冒着甲流上高中，现在出来社会了，又说2012世界未日！ 90后也算活得轰轰烈烈了啊 ,0,0,0,1556583540000
3150465185,沈铁锦州站,#朝闻速递# 【早知天下事】①南水北调东线启动北延应急试通水，首次供水冀津。②北欧航空罢工持续，逾千架次航班被取消。③印尼明古鲁省发生洪涝和山体滑坡灾害导致29人死亡。更多请戳↓↓  早知天下事 ,0,0,0,1556582580000
1958889463,沈阳铁路,#朝闻速递# 【早知天下事】①南水北调东线启动北延应急试通水，首次供水冀津。②北欧航空罢工持续，逾千架次航班被取消。③印尼明古鲁省发生洪涝和山体滑坡灾害导致29人死亡。更多请戳↓↓  早知天下事 ,5,15,7,1556582460000
,鼓楼微讯,:#我在看新闻# ①南水北调东线启动北延应急试通水，首次供水冀津。②北欧航空罢工持续，逾千架次航班被取消。③印尼明古鲁省发生洪涝和山体滑坡灾害导致29人死亡。早知天下事 ,0,220,90,1556582040000
3841557306,江西生态环境,:#朝闻速递# 【早知天下事】①南水北调东线启动北延应急试通水，首次供水冀津。②北欧航空罢工持续，逾千架次航班被取消。③印尼明古鲁省发生洪涝和山体滑坡灾害导致29人死亡。更多请戳↓↓  早知天下事 我分享了 @新华网 的头条文章 早知天下事 ,1,0,0,1556581740000
,安庆天天直播,:#朝闻速递# 【早知天下事】①南水北调东线启动北延应急试通水，首次供水冀津。②北欧航空罢工持续，逾千架次航班被取消。③印尼明古鲁省发生洪涝和山体滑坡灾害导致29人死亡。更多请戳↓↓  早知天下事  @新华网  早知天下事 ,1,1,0,1556581020000
3215052832,萧县发布,:#朝闻速递# 【早知天下事】①南水北调东线启动北延应急试通水，首次供水冀津。②北欧航空罢工持续，逾千架次航班被取消。③印尼明古鲁省发生洪涝和山体滑坡灾害导致29人死亡。更多请戳↓↓    早知天下事 ,1,0,0,1556580660000
,新华网,:#朝闻速递# 【早知天下事】①南水北调东线启动北延应急试通水，首次供水冀津。②北欧航空罢工持续，逾千架次航班被取消。③印尼明古鲁省发生洪涝和山体滑坡灾害导致29人死亡。更多请戳↓↓  早知天下事 ,36,69,4,1556580600000
6941786302,伟大的蚂蚁2010桓,:南京爆炸了，大连石油泄漏没人关注了；长,2,0,0,1556573220000
3802679756,南客雷锋号温馨组,#每天学点消防知识[超话]#【预防洪涝灾害安全小知识[话筒]】不就下个雨嘛！能有多少危害？其实，暴雨是中国主要气象灾害之一。在所有洪涝灾害中，暴雨罪魁祸首。所以在暴雨发生之前，我们要学会如何应对洪涝灾害的安全知识。↓↓ #追梦火焰蓝# ,0,0,0,1556563380000
3802679756,南客雷锋号温馨组,#每天学点消防知识[超话]#【预防洪涝灾害安全小知识[话筒]】不就下个雨嘛！能有多少危害？其实，暴雨是中国主要气象灾害之一。在所有洪涝灾害中，暴雨罪魁祸首。所以在暴雨发生之前，我们要学会如何应对洪涝灾害的安全知识。↓↓ #追梦火焰蓝# ,0,0,0,1556563380000
7057229986,探春762,【侦探游戏资讯】《Flotsam》是有着可爱画风的城镇生存游戏，玩家位于洪涝之后的末世，需要搜寻海上所有可用的垃圾，在海面上建设起一座浮岛城市，和同伴们一同开启丰富多彩的劫后生活。本作将于年内登录steam，支持中文。 游戏名侦探的秒拍视频 ,0,0,0,1556560020000
3210761251,勃利县检察院,:【印尼明古鲁洪灾和山体滑坡已致29人死亡--国际--人民网】据印度尼西亚抗灾署29日通报，印尼明古鲁省日前发生的洪涝和山体滑坡灾害已经导致29人死亡，救援工作正紧张展开。印尼抗灾署发言人苏托波在当天公布的一份声明中说，截至29日8时30分，灾害还导致13人失踪、2人重伤和2人轻伤。此外，还有1.2万人被紧急撤离，数百座房屋和公共设施遭到损毁。苏托波说，明古鲁省中明古鲁县是灾情最严重的地区，共有22人死亡。由于通信中断，滑坡阻塞了道路，该县还有2个乡镇目前依然处于与外界失联的状态。苏托波说，明古鲁省从26日到27日突降暴雨，引发多条河流水位上涨和多地山体滑坡。由印尼抗灾署、军警、国家搜救局、红十字会、非政府组织和当地志愿者组成的联合救援队正紧张开展救援工作。苏托波提醒说，虽然部分地区的洪水已开始退去，但依然存在再次发生洪涝和滑坡灾害的风险，当地人需要持续保持警惕。此外，苏托波还提醒注意防范呼吸系统疾病、皮肤病和其他传染病。每年11月至次年4月是印尼的雨季，也是山体滑坡和洪涝灾害高发期。今年3月，印尼东部巴布亚省发生洪涝和山体滑坡灾害，造成79人死亡、43人失踪。（郑世波）@雪韵碧蓝YL @作家郭福 @手机用户凌志 @冰城小喇叭 @沧州市司法局微博 @重庆检察五分院  @昭通市检察院 @梅州检察  @皋兰检察院   http://t.cn/ESMWjhg,1,0,0,1556551860000
3961964792,南铁萍乡工务段,#每天学点消防知识[超话]#【预防洪涝灾害安全小知识[话筒]】不就下个雨嘛！能有多少危害？其实，暴雨是中国主要气象灾害之一。在所有洪涝灾害中，暴雨罪魁祸首。所以在暴雨发生之前，我们要学会如何应对洪涝灾害的安全知识。↓↓ #追梦火焰蓝# ,0,0,0,1556549040000
,南国都市报,:【#印尼总统决定迁都#：具体位置待定 或耗时10年】4月29日，印尼国家发展规划部长表示总统佐科已决定迁都。印尼现首都雅加达常住人口约1200万，人口饱和带来了种种问题，包括交通混乱和空气污染严重等，加上雅加达地势低洼，经常性的洪涝造成巨大损失。据官方消息，新首都将在爪哇岛以外。http://t.cn/ESINOYb,4,0,2,1556548620000
5027008017,_Gish_,为什么这么多人喜欢钢铁侠？（有剧透）#为什么这么多人喜欢钢铁侠# ,0,0,0,1556548080000
2072751944,南昌火车站,#每天学点消防知识[超话]#【预防洪涝灾害安全小知识[话筒]】不就下个雨嘛！能有多少危害？其实，暴雨是中国主要气象灾害之一。在所有洪涝灾害中，暴雨罪魁祸首。所以在暴雨发生之前，我们要学会如何应对洪涝灾害的安全知识。↓↓ #追梦火焰蓝# ,0,0,0,1556546940000
,重庆商报,:【#印尼总统决定迁都#：具体位置待定 或耗时10年】4月29日，印尼国家发展规划部长表示总统佐科已决定迁都。印尼现首都雅加达常住人口约1200万，人口饱和带来了种种问题，包括交通混乱和空气污染严重等，加上雅加达地势低洼，经常性的洪涝造成巨大损失。据官方消息，新首都将在爪哇岛以外。 http://t.cn/ESINOYb,2,1,0,1556545920000
,山东人民广播电台,:,0,0,0,1556544600000
,新京报我们视频,:【#印尼总统决定迁都#：具体位置待定 或耗时10年】4月29日，印尼国家发展规划部长表示总统佐科已决定迁都。印尼现首都雅加达常住人口约1200万，人口饱和带来了种种问题，包括交通混乱和空气污染严重等，加上雅加达地势低洼，经常性的洪涝造成巨大损失。据官方消息，新首都将在爪哇岛以外。#印尼迁都# http://t.cn/ESINOYb @世面,61,26,116,1556544300000
5336533996,世面,:【#印尼总统决定迁都#：具体位置待定 或耗时10年】4月29日，印尼国家发展规划部长表示总统佐科已决定迁都。印尼现首都雅加达常住人口约1200万，人口饱和带来了种种问题，包括交通混乱和空气污染严重等，加上雅加达地势低洼，经常性的洪涝造成巨大损失。据官方消息，新首都将在爪哇岛以外。http://t.cn/ESINOYb @新京报我们视频,5,3,1,1556544060000
2608115677,江西风味水饺批发部,:依我看还得再追加一条引发大面积洪涝灾害罪我真的对不会玩马批呀游戏的帅哥心动不已(划重点：这个帅哥必须是shownu) ,0,1,0,1556543640000
,-伊简尘-,为什么这么多人喜欢钢铁侠？（有剧透）#为什么这么多人喜欢钢铁侠# ,0,0,0,1556543280000
7096296849,_Bo-只饮半盏484,【侦探游戏资讯】《Flotsam》是有着可爱画风的城镇生存游戏，玩家位于洪涝之后的末世，需要搜寻海上所有可用的垃圾，在海面上建设起一座浮岛城市，和同伴们一同开启丰富多彩的劫后生活。本作将于年内登录steam，支持中文。 游戏名侦探的秒拍视频 ,0,0,0,1556542620000
7084962778,旧襞靶冷色系,【侦探游戏资讯】《Flotsam》是有着可爱画风的城镇生存游戏，玩家位于洪涝之后的末世，需要搜寻海上所有可用的垃圾，在海面上建设起一座浮岛城市，和同伴们一同开启丰富多彩的劫后生活。本作将于年内登录steam，支持中文。 游戏名侦探的秒拍视频 ,0,0,0,1556542620000
7084014392,yun战苍穹,【侦探游戏资讯】《Flotsam》是有着可爱画风的城镇生存游戏，玩家位于洪涝之后的末世，需要搜寻海上所有可用的垃圾，在海面上建设起一座浮岛城市，和同伴们一同开启丰富多彩的劫后生活。本作将于年内登录steam，支持中文。 游戏名侦探的秒拍视频 ,0,0,0,1556542560000
7096936672,徐呆了吧唧,【侦探游戏资讯】《Flotsam》是有着可爱画风的城镇生存游戏，玩家位于洪涝之后的末世，需要搜寻海上所有可用的垃圾，在海面上建设起一座浮岛城市，和同伴们一同开启丰富多彩的劫后生活。本作将于年内登录steam，支持中文。 游戏名侦探的秒拍视频 ,0,0,0,1556542500000
7083638422,趁爱不深残朵,【侦探游戏资讯】《Flotsam》是有着可爱画风的城镇生存游戏，玩家位于洪涝之后的末世，需要搜寻海上所有可用的垃圾，在海面上建设起一座浮岛城市，和同伴们一同开启丰富多彩的劫后生活。本作将于年内登录steam，支持中文。 游戏名侦探的秒拍视频 ,0,0,0,1556542260000
7083981222,苯苯残阳暮雪,【侦探游戏资讯】《Flotsam》是有着可爱画风的城镇生存游戏，玩家位于洪涝之后的末世，需要搜寻海上所有可用的垃圾，在海面上建设起一座浮岛城市，和同伴们一同开启丰富多彩的劫后生活。本作将于年内登录steam，支持中文。 游戏名侦探的秒拍视频 ,0,0,0,1556542260000
7081878190,藸藸上弦月,【侦探游戏资讯】《Flotsam》是有着可爱画风的城镇生存游戏，玩家位于洪涝之后的末世，需要搜寻海上所有可用的垃圾，在海面上建设起一座浮岛城市，和同伴们一同开启丰富多彩的劫后生活。本作将于年内登录steam，支持中文。 游戏名侦探的秒拍视频 ,0,0,0,1556542260000
7084096300,芷巧沛菡,【侦探游戏资讯】《Flotsam》是有着可爱画风的城镇生存游戏，玩家位于洪涝之后的末世，需要搜寻海上所有可用的垃圾，在海面上建设起一座浮岛城市，和同伴们一同开启丰富多彩的劫后生活。本作将于年内登录steam，支持中文。 游戏名侦探的秒拍视频 ,0,0,0,1556542200000
7084044415,Yoc_QiYi-童心未泯,【侦探游戏资讯】《Flotsam》是有着可爱画风的城镇生存游戏，玩家位于洪涝之后的末世，需要搜寻海上所有可用的垃圾，在海面上建设起一座浮岛城市，和同伴们一同开启丰富多彩的劫后生活。本作将于年内登录steam，支持中文。 游戏名侦探的秒拍视频 ,0,0,0,1556542140000
5589030490,游戏名侦探,:【侦探游戏资讯】《Flotsam》是有着可爱画风的城镇生存游戏，玩家位于洪涝之后的末世，需要搜寻海上所有可用的垃圾，在海面上建设起一座浮岛城市，和同伴们一同开启丰富多彩的劫后生活。本作将于年内登录steam，支持中文。 游戏名侦探的秒拍视频 ,95,72,54,1556541660000
5438252453,北京密云消防,:#蓝朋友的警告# 【预防洪涝灾害安全小知识,2,2,1,1556540100000
1105586512,湘A美食家,:【印尼明古鲁洪灾和山体滑坡已致29人死亡】据印度尼西亚抗灾署29日通报，印尼明古鲁省日前发生的洪涝和山体滑坡灾害已经导致29人死亡，救援工作正紧张展开。http://t.cn/ESfufpj via新华社  长沙 ,0,0,0,1556537940000
6613432381,围观游戏圈,:《Flotsam》是一款画风可爱的垃圾浮岛城镇生存游戏。玩家需要努力从海面搜寻宝贵的垃圾，在洪涝世界中建设自己的浮岛城市，与你的同伴过上丰富多彩的劫后生活。本作将于 今年年内 登陆Steam，支持中文。 游研社的秒拍视频 ,0,0,0,1556537760000
,国家应急广播,:【印尼明古鲁洪灾和山体滑坡已致29人死亡】据印度尼西亚抗灾署29日通报，印尼明古鲁省日前发生的洪涝和山体滑坡灾害已经导致29人死亡，救援工作正紧张展开。http://t.cn/ESfufpj via新华社 ,2,0,0,1556537340000
2747114090,南铁福州工务段,#每天学点消防知识[超话]#【预防洪涝灾害安全小知识[话筒]】不就下个雨嘛！能有多少危害？其实，暴雨是中国主要气象灾害之一。在所有洪涝灾害中，暴雨罪魁祸首。所以在暴雨发生之前，我们要学会如何应对洪涝灾害的安全知识。↓↓ #追梦火焰蓝# ,0,0,0,1556535360000
,外滩传媒,:【印尼将迁移首都，新地点尚未确定】据路透社报道，印尼国家发展规划部长庞邦在今天的新闻发布会上说，由于长期缺少城市规划，雅加达市在很多方面无法跟上现代需求与步伐，包括交通混乱、空气污染严重、卫生条件恶劣，加上地势低洼，周而复始的洪涝问题造成庞大经济损失。因此，总统佐科要求国家发展规划部就迁都问题正式启动研究，并且开始物色新都地点，虽然具体位置仍有待确定，不过据此前公开报道，帕朗卡拉亚是新首都的选项之一。庞邦补充称，将首都从雅加达迁出可能需要长达10年的时间。,1,1,3,1556533980000
2018742004,ShooooootingStar,为什么这么多人喜欢钢铁侠？（有剧透）#为什么这么多人喜欢钢铁侠# ,0,0,0,1556532900000
5534496339,醒醒我该走了,为什么这么多人喜欢钢铁侠？（有剧透）#为什么这么多人喜欢钢铁侠# ,0,0,0,1556532420000
,自贡在线-西秦会馆,:#自贡历史# 但凡洪涝涨大水，特别是威远河发大水，汹涌的洪水如野马似的奔腾而至，却被马鞍山的山脚拦进两山夾持的沟里，形成一蓄洪库区。此时、人们便惊讶地看到......发布了头条文章：《你知道自贡“沙鱼坝”的地名是怎么来的吗？》  你知道自贡“沙鱼坝”的地名是怎么来的吗？ ,1,1,5,1556531880000
,17173萤火虫,:#新鲜好游戏# 《Flotsam》发售时间：2019年这是一款画风非常可爱的生存类游戏，在这里我们处于一个洪涝世界中，需要建设一个自己的城镇，竭力在恶劣的海洋环境中生存下来。我们可以在这里回收旧世界遗留下来的各种物品来建造，俗称捡垃圾，将垃圾、浮木和漂浮物打造成船只和建筑物。 http://t.cn/ESfUNru,3,0,2,1556531520000
2687870373,suzan5,:知之非难，行之不易。    现在很多人喜欢旅游，说是见识过名山大川，开阔心胸眼界，提升人生境界。    我没去过很多地方，二十七年，郑州，长沙，江西，北京，南京，上海。各自走过一隅。    走一段长长的路，安安静静，或热热闹闹，我始终独行。停下来时，依偎着心里的桑梓树，望着天边的云崖月。    微雨滋润，大雨洪涝。游历于我来说，是常态，飘荡是无期。    知之非难，行之不易。即使看过潮涨潮落，也不是亲身体验波澜起伏。况且，久了会发现，波澜起伏无处不在，不只是大海。    画地为牢。家，是牢笼，也是港湾。是我背上行囊，心的始发站与终点站。,0,0,0,1556530680000
2074507894,南铁南昌客运段,#每天学点消防知识[超话]#【预防洪涝灾害安全小知识[话筒]】不就下个雨嘛！能有多少危害？其实，暴雨是中国主要气象灾害之一。在所有洪涝灾害中，暴雨罪魁祸首。所以在暴雨发生之前，我们要学会如何应对洪涝灾害的安全知识。↓↓ #追梦火焰蓝# ,0,3,0,1556526060000
,石泉发布,:4月26日，石泉县召开全县防汛抗旱及河湖长制会议，贯彻落实全市防汛抗旱及河湖长制工作。会议指出，根据省市气象部门分析预测，2019年降水略偏多，汉江及部分支流发生超警戒洪水可能性较大，极端天气事件可能多发，洪涝干旱灾害并存，突发局部暴雨山洪地质灾害几率大，防汛抗旱形势复杂严峻。会议要求，各镇各部门要牢固树立防大汛、抗大洪、抢大险的思想，突出抓好“汉江洪水、山洪灾害、地质灾害、病险库塘、城区内涝”等防御重点，全面落实“镇自为战、村组自救、院户联防、预警到户、提前撤离、责任到人”的工作机制，确保在设防洪水内江河堤防不决口，水库电站不垮坝，人民群众不伤亡少损失。,0,0,0,1556524800000
2074507894,南铁南昌客运段,#每天学点消防知识[超话]#【预防洪涝灾害安全小知识[话筒]】不就下个雨嘛！能有多少危害？其实，暴雨是中国主要气象灾害之一。在所有洪涝灾害中，暴雨罪魁祸首。所以在暴雨发生之前，我们要学会如何应对洪涝灾害的安全知识。↓↓ #追梦火焰蓝# ,0,2,0,1556524200000
5514327687,-Amco,为什么这么多人喜欢钢铁侠？（有剧透）#为什么这么多人喜欢钢铁侠# ,0,0,0,1556523120000
1055034563,南铁南昌南车辆段,#每天学点消防知识[超话]#【预防洪涝灾害安全小知识[话筒]】不就下个雨嘛！能有多少危害？其实，暴雨是中国主要气象灾害之一。在所有洪涝灾害中，暴雨罪魁祸首。所以在暴雨发生之前，我们要学会如何应对洪涝灾害的安全知识。↓↓ #追梦火焰蓝# ,0,0,0,1556522520000
6171295112,优闲自适多,为什么这么多人喜欢钢铁侠？（有剧透）#为什么这么多人喜欢钢铁侠# ,0,0,0,1556522280000
,荆州发布,:#荆州新闻# 【汛期临近，接下来荆州降水量将偏多2至5成】小布从市水利和湖泊局获悉，随着汛期的临近，为确保城乡安全度汛，我市立足防大汛、排大涝、抗大旱，全力做好2019年水旱灾害防御准备工作。根据国家气象水文部门初步预判，今年长江流域主汛期总体降水量偏多，中下游可能发生严重的洪涝灾害，市气象部门预测，我市6至8月降水量偏多2至5成。,0,2,2,1556521260000
,南铁南昌机务段,#每天学点消防知识[超话]#【预防洪涝灾害安全小知识[话筒]】不就下个雨嘛！能有多少危害？其实，暴雨是中国主要气象灾害之一。在所有洪涝灾害中，暴雨罪魁祸首。所以在暴雨发生之前，我们要学会如何应对洪涝灾害的安全知识。↓↓ #追梦火焰蓝# ,0,0,0,1556520480000
2827696645,陕西陇县消防,#每天学点消防知识[超话]#【预防洪涝灾害安全小知识[话筒]】不就下个雨嘛！能有多少危害？其实，暴雨是中国主要气象灾害之一。在所有洪涝灾害中，暴雨罪魁祸首。所以在暴雨发生之前，我们要学会如何应对洪涝灾害的安全知识。↓↓ #追梦火焰蓝# ,0,0,0,1556519760000
6827998484,MsSHaoj祈,:南京爆炸了，大连石油泄,1,0,0,1556518200000
,爱健身的小肌菌,:民政部：强降雨致南方6省区遭受洪涝灾害 http://t.cn/R5ai1UJ ,0,0,0,1556517720000
3516333244,儿童安全基金,:#守护儿童安全##儿童防侵·赋权五防# 【儿童安全在江苏盐城】4月25日下午，五烈镇小学六（3）班组织开展了以“防自然灾害”为主题的五防教育活动，该校曹晓滨老师通过PPT图文演示、相关视频资料播放，详细阐述海啸、洪涝、地震等自然灾害给人类生命财产和生态环境带来的巨大破坏，指导同学们如何正确应对各种自然灾害，努力保障自己的人身安全。讲座过程中，除了师生间防灾理论常识互动，还利用教室现场环境、条件进行了防震灾应急演练，取得了良好的教育效果。,2,2,0,1556517600000
3264249414,湖师消防志愿者服务队,:#消防知识#【预防洪涝灾害安全小知识】不就下个雨嘛！能有多少危害？其实，暴雨是中国主要气象灾害之一。在所有洪涝灾害中，暴雨罪魁祸首。所以在暴雨发生之前，我们要学会如何应对洪涝灾害的安全知识。 ,0,0,0,1556511540000
2531730987,南铁龙岩车务段,#每天学点消防知识[超话]#【预防洪涝灾害安全小知识[话筒]】不就下个雨嘛！能有多少危害？其实，暴雨是中国主要气象灾害之一。在所有洪涝灾害中，暴雨罪魁祸首。所以在暴雨发生之前，我们要学会如何应对洪涝灾害的安全知识。↓↓ #追梦火焰蓝# ,0,0,0,1556511540000
,兰州晚报,:【新区西岔园区青少年快闪唱响祖国颂】在五四运动100周年纪念日来临之际，兰州新区西岔园区文曲社区组织辖区院校、医院、派出所及商户等各行业青年代表100余人在文曲湖商业街小广场举行《我和我的祖国》主题快闪活动。 兰州日报社全媒体记者 周靖博 文/图 ,1,0,0,1556511240000
,兰州晚报,:【风雹洪涝灾害 白银直接经济损失3.27亿元】4月29日，记者从白银市有关部门获悉，4月26日傍晚至夜间该市景泰、靖远、平川三县区境内出现的雷暴大风及短时强降水、冰雹天气，给当地农林果业及基础设施造成严重灾害。经统计，截至4月28日19时，三县区共有21个乡镇111个村20484户87135人受灾，农作物受灾面积10523.34公顷，成灾面积9773.87公顷，绝收面积696.86公顷，毁坏耕地面积196.39公顷，因灾死亡大牲畜9头，因灾死亡羊723只，倒损居民住房21户119间，紧急转移安置5人，因灾需生活救助9687人，直接经济损失32714.87万元，其中农业损失23683.73万元，基础设施损失8878.24万元，家庭财产损失152.9万元。兰州日报社全媒体记者王万盈,0,0,0,1556510880000
,南铁九江车务段,#每天学点消防知识[超话]#【预防洪涝灾害安全小知识[话筒]】不就下个雨嘛！能有多少危害？其实，暴雨是中国主要气象灾害之一。在所有洪涝灾害中，暴雨罪魁祸首。所以在暴雨发生之前，我们要学会如何应对洪涝灾害的安全知识。↓↓ #追梦火焰蓝# ,0,0,0,1556510400000
3428931930,生态雾山,:近日，雾山乡大坪村组织开展百姓故事会“清廉邑城”主题巡讲活动。活动中，故事员讲述了曾翙翔，生前是安徽省宿州市第一人民医院团委副书记，2017年9月赴宿州市墉桥区支河乡路湖村担任扶贫专职干部。扶贫工作期间，曾翙翔所驻村发生了严重的洪涝灾害，他一心惦记村民安危，奔波在救灾现场，连续十多个小时不休息。在转移受困村民的过程中，他却不幸触电身亡，只因为放不下灾情和群众安危，曾翙翔却不幸献出了年轻的生命。为了人民的利益甘愿奉献一切的精神品格和时代精神，在他身上完美地呈现了出来。,1,0,0,1556509680000
5569460813,微永州,#永州身边事# 【预防洪涝灾害安全小知识,0,0,0,1556509020000
5463027264,鹰潭消防,#每天学点消防知识[超话]#【预防洪涝灾害安全小知识[话筒]】不就下个雨嘛！能有多少危害？其实，暴雨是中国主要气象灾害之一。在所有洪涝灾害中，暴雨罪魁祸首。所以在暴雨发生之前，我们要学会如何应对洪涝灾害的安全知识。↓↓ #追梦火焰蓝# ,0,0,0,1556506560000
2951851912,南客井冈山号车队,#每天学点消防知识[超话]#【预防洪涝灾害安全小知识[话筒]】不就下个雨嘛！能有多少危害？其实，暴雨是中国主要气象灾害之一。在所有洪涝灾害中，暴雨罪魁祸首。所以在暴雨发生之前，我们要学会如何应对洪涝灾害的安全知识。↓↓ #追梦火焰蓝# ,0,0,0,1556506080000
1104824515,南客映山红号T168四组,#每天学点消防知识[超话]#【预防洪涝灾害安全小知识[话筒]】不就下个雨嘛！能有多少危害？其实，暴雨是中国主要气象灾害之一。在所有洪涝灾害中，暴雨罪魁祸首。所以在暴雨发生之前，我们要学会如何应对洪涝灾害的安全知识。↓↓ #追梦火焰蓝# ,0,0,0,1556505060000
,荆州日报,:#荆州新闻#【汛期临近，接下来荆州降水量将偏多2至5成】根据国家气象水文部门初步预判，今年长江流域主汛期总体降水量偏多，中下游可能发生严重的洪涝灾害，市气象部门预测，我市6至8月降水量偏多2至5成。http://t.cn/ES5XW8w ,0,0,0,1556503800000
5537549318,大善改变自己的命运,:#救在壹线# 在中国，洪涝、地震、凝冻等自然灾害频发。恶劣的灾后环境威胁着受灾群众的安全和健康。壹基金“救在壹线”采取“提前备灾、联合行动、快速救援”的策略，快速、专业、有效地响应灾害救援，守护灾害中人的尊严。 壹基金救在壹线 ,0,0,0,1556503740000
5269822571,永州消防,:#永州身边事# 【预防洪涝灾害安全小知识,1,2,0,1556503320000
2785149403,花寂语,:泉州西湖公园&环湖步道——由于洪涝灾害严重，建设了西北洋滞洪排涝工程而形成西湖公园。 http://t.cn/z8bqAgY ,1,0,0,1556503200000
2072558990,南铁南平车务段,#每天学点消防知识[超话]#【预防洪涝灾害安全小知识[话筒]】不就下个雨嘛！能有多少危害？其实，暴雨是中国主要气象灾害之一。在所有洪涝灾害中，暴雨罪魁祸首。所以在暴雨发生之前，我们要学会如何应对洪涝灾害的安全知识。↓↓ #追梦火焰蓝# ,0,0,0,1556501640000
2690033993,南铁鹰潭车站,#每天学点消防知识[超话]#【预防洪涝灾害安全小知识[话筒]】不就下个雨嘛！能有多少危害？其实，暴雨是中国主要气象灾害之一。在所有洪涝灾害中，暴雨罪魁祸首。所以在暴雨发生之前，我们要学会如何应对洪涝灾害的安全知识。↓↓ #追梦火焰蓝# ,0,0,0,1556500140000
1951602534,南铁福州电务段,#每天学点消防知识[超话]#【预防洪涝灾害安全小知识[话筒]】不就下个雨嘛！能有多少危害？其实，暴雨是中国主要气象灾害之一。在所有洪涝灾害中，暴雨罪魁祸首。所以在暴雨发生之前，我们要学会如何应对洪涝灾害的安全知识。↓↓ #追梦火焰蓝# ,0,0,0,1556500020000
1687324044,威海高区消防,#每天学点消防知识[超话]#【预防洪涝灾害安全小知识[话筒]】不就下个雨嘛！能有多少危害？其实，暴雨是中国主要气象灾害之一。在所有洪涝灾害中，暴雨罪魁祸首。所以在暴雨发生之前，我们要学会如何应对洪涝灾害的安全知识。↓↓ #追梦火焰蓝# ,0,1,0,1556499360000
1986679210,江西消防,:#每天学点消防知识[超话]#【预防洪涝灾害安全小知识[话筒]】不就下个雨嘛！能有多少危害？其实，暴雨是中国主要气象灾害之一。在所有洪涝灾害中，暴雨罪魁祸首。所以在暴雨发生之前，我们要学会如何应对洪涝灾害的安全知识。↓↓ #追梦火焰蓝# ,19,51,11,1556498820000
1443486882,李振宇-SH,:【生命微语：修心之路，知错能改】·人生在世，与人争，无论是力还是理，总有不足处、输人处，一生一世都难圆满。可与己较劲，却裨益长远。每一次过错，只要知错能改，那些曾经的错误回头看去，就像溪水潺潺、江河滔滔的河床，哪怕心路依旧难抹去、河床长久存在，可都已不用再害怕洪涝成灾。这，便是一个人的修心吧！ http://t.cn/zRyai9g,0,0,0,1556487840000
,黔农人-陈掌柜,:#安顺突发# 【安顺普定猴场大暴雨，家里洪涝】位于安顺市普定县猴场乡的一位居民在晚上十点五十分发视频，说猴场乡（街道上）下雨量大，导致家里发生内涝。#安顺爆料# 黔农人-陈掌柜的微博视频 ,2,2,7,1556465160000
2918724375,quyuhui在路上,:厄尔尼诺现象，一个陌生而又熟悉的单词，估计很多人都曾听说过它，但是如果让你详细的对它进行解释，估计就很少有人能够说得清了。简单来讲，所谓的厄尔尼诺现象就是它能够控制地球上所有的气候模式和变化，比方说，它能在令地球一部分地区长期干旱的同时，又能让地球上另一部分地区连连降雨发生洪涝灾害。那么，又该如何判断什么是厄尔尼诺现象呢？一般科学家们都是通过出现的频率和规则，来计算出它的发生次数，根据研究结果，一... http://t.cn/ESbOGA8,0,0,0,1556464140000
7093356204,用户7093356204,:网的看333  【美国夏威夷将迎来25年来最强飓风】关注#全球恶劣天气#罕见飓风“莱恩”目前正在一步步的逼近美国夏威夷，预计将于当地时间23日正面袭击夏威夷。美国气象部门预计，“莱恩”将为当地带来巨浪和大量的降水，可能会在个别地区引发洪涝和山体滑坡等灾害。 L国际新闻的秒拍视频 ...全文： http://t.cn/ESLrmRo,0,0,0,1556457840000
1774782353,FOR_M1111,【加拿大首都宣布紧急状态 市长请求军队协助应对洪水】近日，随着河流水位持续上升，加拿大首都渥太华宣布进入紧急状态。加拿大环境部早前发布的一份特别天气预报指出，预计截止27日，降雨量可达35毫米。该市市长表示已要求加拿大武装部队前往首都，为对抗洪灾威胁提供帮助。@小央视频 http://t.cn/ESLlJl3,0,0,0,1556450580000
6822162117,用户6822162117,【#广东一天发54条天气预警#，暴雨横扫全省，深圳又一秒天黑！,0,0,0,1556443200000
,宜昌市水利和湖泊局,:【枝江市百里洲镇安排部署2019年度防汛抗灾工作】4月25日下午，枝江市百里洲镇组织召开防汛抗灾工作会议，对2019年度防汛抗灾工作进行了安排部署。镇党委副书记逄曾奎同志主持会议并讲话，镇全体机关干部、镇直单位负责人、各村（社区）班子成员参加会议。会议指出，根据气象部门统计，今年以来，枝江市范围内雨水量较去年同期偏多二成，且今年我国气候状况总体将偏差，降雨呈“南多北少”分布，旱涝灾害较重，极端天气事件将偏多，江淮至江南北部及江汉南部降水偏多，长江中下游和太湖流域可能出现较重的汛情和洪涝灾害。因此，今年百里洲镇防汛抗灾形势依旧不容乐观http://t.cn/ESyNEtW @枝江市水利局,0,0,0,1556439720000
,乐活昭通,:#昭通身边事#【又见恶劣天气！镇雄多地遭冰雹袭击，暴雨雨伴随大风致农作物受损严重】4月27日下午19时30分左右，受极端天气影响，昭通镇雄县坪上、中屯、场坝、鱼洞等多地突发冰雹袭击，暴雨伴随大风而来，引发洪涝等灾害，致使不少农作物受损严重。 ,2,0,0,1556435940000
2974541611,黄宏慧2974541611,:家                  @黄宏慧我那黄泥砌成的老宅在那百年不遇的洪涝灾害中轰然倒下从此以后老家的三间瓦房只在梦里依稀出现来到县城与我住的父母经常唠叨我想回家我心里一震什么是家家是人生的驿站家是生活的乐园家是避风的港湾而在我父母的心里只有回到能用酒糟养猪的那个地方才叫做家 http://t.cn/RJh6nX6,7,0,0,1556435580000
,宜昌市水利和湖泊局,:【受厄尔尼诺现象影响 湖北今年或面临南涝北旱】4月26日从全省水旱灾害防御工作视频会议上了解到，受厄尔尼诺现象影响，今年汛期我省气候状况总体偏差，长江中下游可能发生较重洪涝灾害，汉江上游降雨偏少可能导致中下游出现干旱缺水情况，我省或面临南涝北旱双重压力。今年来，我省气候异常显著，气温总体偏高，冷暖起伏大，降水总量偏少，雨日偏多。灾害天气早发多发，冬季罕见低温阴雨寡照，3月出现弱倒春寒过程；强对流天气出现早，4月已出现两场区域性暴雨过程http://t.cn/ESLdOT3,0,0,0,1556435220000
,冷水滩发布,:肖家园街道开展卫生防疫及卫生健康教育工作（通讯员 邓思思）近期，冷水滩区连降暴雨，肖家园街道附近区域地势低洼，辖区内多处地段遭到内涝积水破坏。4月27日，肖家园街道作出积极反应，在街道辖区范围内有序、有效、有力地开展了卫生防疫及卫生健康教育工作。积水逐渐退去后，街道工作人员迅速对受淹房屋、道路及洪水退出区域喷洒消毒药水，进行全面消毒，做到不漏一户，不留一片隐患区，确保灾后无大疫。工作人员及时到被淹的居民家上户走访，了解民情，耐心讲解积水退后注意事项、传染疾病的预防、消毒药品的使用方法，并发放洪涝灾害疫情预防知识宣传资料和消毒液，及时反映并解决灾后的遗留问题。,0,0,0,1556433840000
,营貂,:洪涝， 指因大雨、暴雨或持续降雨使低洼地区淹没、渍水的现象。雨涝主要危害农作物生长，造成作物减产或绝收，破坏农业生产以及其他产业的正常发展。其影响是综合的，还会危及人的生命财产安全，影响国家的长治久安等。 ,0,0,0,1556433120000
,湖北日报,:【受厄尔尼诺现象影响 湖北今年或面临南涝北旱】4月26日从全省水旱灾害防御工作视频会议上了解到，受厄尔尼诺现象影响，今年汛期湖北气候状况总体偏差，长江中下游可能发生较重洪涝灾害，汉江上游降雨偏少可能导致中下游出现干旱缺水情况，我省或面临南涝北旱双重压力。http://t.cn/ES2r5SZ ,3,2,1,1556425800000
3652095184,健康江苏微博,:【周明浩副主任部署全省2019年自然灾害和事故灾难卫生应急工作】4月26日下午，国家卫生健康委召开全国2019年自然灾害和事故灾难紧急医学救援工作视频会议。应急管理部、中国气象专家介绍了全国洪涝、台风、地震等自然灾害趋势分析，国家卫生健康委卫生应急办公室杨峰副主任部署2019年自然灾害和事故灾难紧急医学救援工作。省卫生健康委周明浩副主任出席会议。http://t.cn/ESAkYFY,2,3,0,1556419500000
,人民网湖北频道,:【受厄尔尼诺现象影响 湖北今年或面临南涝北旱】4月26日从全省水旱灾害防御工作视频会议上了解到，受厄尔尼诺现象影响，今年汛期湖北气候状况总体偏差，长江中下游可能发生较重洪涝灾害，汉江上游降雨偏少可能导致中下游出现干旱缺水情况，我省或面临南涝北旱双重压力。受厄尔尼诺现象影响 湖北今年或面临南涝北旱 ,0,0,0,1556414760000
,湖北发布,:【受厄尔尼诺现象影响 湖北今年或面临南涝北旱】4月26日从全省水旱灾害防御工作视频会议上了解到，受厄尔尼诺现象影响，今年汛期湖北气候状况总体偏差，长江中下游可能发生较重洪涝灾害，汉江上游降雨偏少可能导致中下游出现干旱缺水情况，我省或面临南涝北旱双重压力。http://t.cn/ESAVt1j ,0,0,0,1556414580000
,湖北省政府门户网站,:【受厄尔尼诺现象影响 湖北今年或面临南涝北旱】4月26日从全省水旱灾害防御工作视频会议上了解到，受厄尔尼诺现象影响，今年汛期湖北气候状况总体偏差，长江中下游可能发生较重洪涝灾害，汉江上游降雨偏少可能导致中下游出现干旱缺水情况，我省或面临南涝北旱双重压力。http://t.cn/ESAVt1j ,1,0,0,1556414520000
5537549318,大善改变自己的命运,:#救在壹线# 在中国，洪涝、地震、凝冻等自然灾害频发。恶劣的灾后环境威胁着受灾群众的安全和健康。壹基金“救在壹线”采取“提前备灾、联合行动、快速救援”的策略，快速、专业、有效地响应灾害救援，守护灾害中人的尊严。 壹基金救在壹线 ,0,0,0,1556414220000
3264072260,66号选手,:前两天看到一个调查，说是今年现阶段的温度相比较去年这个时候高了将近五度   我意识到这就是我们很小的时候就有听说过的“全球变暖”的原因。只是那个时候还没有什么概念总觉得会离我们很远很久。心存侥幸 南极那么多冰川融化会很久的不用担心    可是现在海平面急剧上升两极绿地越来越少，气温暴增两极分化严重。干旱火灾洪涝越来越多我才意识到“全球变暖”离我们并不是很遥远了。随之而来的消防官兵武警部队等人民子弟兵的责任越来越越重。我们只知道哪里又洪涝了什么地方又突发山火了。我们不止可以在网上祈祷其实我们能做的很多。连我妈没读过多少书的人都知道去超市能不用到塑料袋尽量不用。非要用超市那个塑料袋质量也不错来回可以使用好多次。垃圾倒了还能再一次使用。不好意思又唠叨了。主要是我被热醒了   今年还没立夏呢,0,0,1,1556408700000
6274893976,似水流年斯思如愿,:分享网易视频 《洪涝爆发瞬间，一切都显得太渺小，回看监控仍触目惊心》http://t.cn/EGFfeDj 来自@网易新闻客户端 #网易新闻# ,0,0,0,1556394780000
6121554858,张江宝,:我下了几次微博，又都删了，这次下载的原因是，我想发个贴子。......（来自我的感觉：）      从2016年开始，我就觉得中国在大自然这块开始有些不对劲了！为什么这么说呢，夏季，温度越来越高；从而导致了火灾。夏季一过，雨季降雨量就不是一般情况的多；从而导致了洪涝灾害，这样庄稼就着了秧。。。。     所以我想说的是，请全中国在2019年一定要做好度过难关的准备。     我并没有什么超能力，我也不是诅咒中国，我也不想看见中国每一年都有那么多灾难。。。,0,0,0,1556387160000
2616383021,是你的专属小饼饼呀,:《观山海》许老先生近期入手了很有意思的一本书，是山海经的手绘图鉴。在卷四•东山经里有个山，叫剡山，山上有一种野兽，叫合寙，猪身，人面，红尾，黄体，叫声似婴儿，吃人，吃虫蛇，它的出现预示着洪涝灾害发生。 ,2,0,3,1556382480000
2524252462,清风网官博,:{“减”“简”并行，提升效能——城步茅坪镇“三会一开”受点赞 }清风网邵阳讯（通讯员：陈波   戴方财  彭春琳   彭丹） “同志们，现在是防汛季节，随时会造成洪涝灾害，你们要提高警惕，采用翻箱倒柜的方式寻找问题，把一切安全隐患及时排除，确保人民群众的利益不受损失。同时，你们还要做到不错过一个该保、该养、该兜底保障的人员，确保民政社会兜底救助工作真正落在实处，让人民群众满意，让政府满意，为夺取脱贫攻坚的胜利而努力工作……”4月24日，城步县茅坪镇将“社会救助兜底保障政策业务培训会”“五一安全工作部署会”“脱贫攻坚工作部署暨业务培训会”合成一个开，减少了会议时间和基层干部多次跑的工作量，受到了镇机关干部、村居委会负责人及民政协理员的称赞。  茅坪镇位于城步县北部，南至县城，北通武冈，西与绥宁毗邻，东与新宁接壤，总面积246平方公里，2万多人，目前还有贫困户697户2596人，扶贫攻坚任务十分艰巨，且时下又进入了防汛期，各项工作任务十分压头。为了把镇村干部从文山会海中解放出来，把更多精力投入到实际工作中去，镇党委政府从少开会、开短会入手，对会议进行改革。 当日，该镇将原计划要2天才能开完的社会求助兜底保障政策业务培训会、五一安全工作部署会和脱贫攻坚工作部署暨业务培训会议合并成一个会，并且在半天内开完。会上，城步民政局相关负责人详细讲解了民政兜底救助工作要做到应保尽保、应兜尽兜、应养尽养、应救尽救。同时还要做到4个百分百，即入户调查百分百，家庭收入核算百分百，民主评议百分百，公示公开百分百，确保不漏贫，不错贫。在安全工作部署会上，镇党委书记、镇长分别就五一假期，防汛期如何做好街道、村居的安全保障工作进行了部署，并且就镇里设定24小时安全值班电话，各村、居委会、街道办发现安全隐患要在第一时间向镇政府报告提出了要求。脱贫攻坚工作部署暨业务培训会，主要是研究打赢脱贫攻坚战，规范贫困户一户一档资料。 就这样，该镇原计划2天才能开完的会议在半天内便开完了，既节省了时间，又节约了经费，更重要的是使镇村干部从繁琐的文山会海中得到了解放。对此，镇党政办主任漆连生深有感触地说：我们参加会议的时间虽然少了，会议的质效却更高了，同时身上的责任也更明晰了。,0,0,0,1556374620000
6982529753,xixi他也是一颗小可爱,:幸好我的书没有湿纪念一下第一次感受洪涝灾害[攤手]距离联考还有21天 ,0,0,0,1556359020000
2205295854,成都应急,:【成都汛期又将来临，市民如何防汛？应急管理局为您解答】成都汛期即将到来下大暴雨或涨洪水怎么逃生？如何做好预防措施？汛期来临前容易发生洪涝灾害的地区的居民要做好哪些准备？注意哪些问题？成都汛期又将来临，市民如何防汛？应急管理局为您解答 ,4,0,0,1556355660000
3837145562,屏南气象,:【气象科普（117）：江西泰和遭强降雨袭击致受灾 村庄变泽国】　　4月25日，在江西省吉安市泰和县苑前镇洲刘村，强降雨过后，农田被淹，村庄一片泽国。连日来，受强对流天气影响，泰和县出现持续强降雨，造成部分乡镇出现大面积洪涝灾害，农田受淹，道路中断，部分农户家中进水受灾。 ,0,0,0,1556353320000
1582097492,尐茵Kiko13560149066,:当前的梅雨天气，我们需要注意什么？出门防淋雨，防雷，防洪涝是重点✅在家❤️干货食材❤️要做好防潮工作，例如：羊肚菌要把盒装换成袋装，扎实袋口，有干燥剂的丢一包进去。海味干货等放冰箱。 ,0,0,0,1556352180000
5579249776,用户5579249776,:#423读书挑战# 90后活了10几年，碰上了50年一遇的旱灾，60年一遇的雪灾，100年一遇的洪涝，300年一遇的泥石流，500年一遇的地震，600年一遇的海啸，还有什么日食月食流星雨…迎着非典上小学，踏着禽流感上初中，冒着甲流上高中，现在出来社会了，又说2012世界未日！ 90后也算活得轰轰烈烈了啊。 ,0,0,0,1556351160000
,佛山天气,:#气象坚果# 【遭遇暴雨必备攻略】暴雨是气象灾害中最严重的灾害之一，容易造成洪涝灾害，导致人员伤亡和经济损失，那么一旦遭遇暴雨，我们该做些什么呢？雷雨要注意什么？连降暴雨导致洪水，如何自救呢？暴雨衍生泥石流灾害怎么办？  ,4,1,1,1556347500000
5960874370,小王贸易销售批发货源,:#423读书挑战# 90后活了10几年，碰上了50年一遇的旱灾，60年一遇的雪灾，100年一遇的洪涝，300年一遇的泥石流，500年一遇的地震，600年一遇的海啸，还有什么日食月食流星雨…迎着非典上小学，踏着禽流感上初中，冒着甲流上高中，现在出来社会了，又说2012世界未日！ 90后也算活得轰轰烈烈了啊。 ,0,0,0,1556344860000
,陕西每日传媒网永平,:大到暴雨！陕西省防总下发通知做好暴雨洪涝灾害防御工作 - 毎日关注 - 陕西每日传媒网 http://t.cn/ESvl02B ,0,0,0,1556343300000
,天津北辰消防,:#消防知识#【#长沙暴雨#遭遇暴雨必备攻略】暴雨是气象灾害中最严重的灾害之一，容易造成洪涝灾害，导致人员伤亡和经济损失，那么一旦遭遇暴雨，我们该做些什么呢？雷雨要注意什么？连降暴雨导致洪水，如何自救呢？暴雨衍生泥石流灾害怎么办？  ,1,2,0,1556342640000
6300503101,毛毛溜猫猫摸毛,:以前看茅台的纪录片，说起茅台有强大的护城河，除非罕见到极制的出现茅台镇发生地震之类导致河水发生变化，茅台才会崩塌。我没有持有茅台，然后我收到了西藏矿业发生了洪涝，导致硼砂损失殆尽。他老人家业绩呢，嗯，毛利率下降，18年业绩亏损。好吧，大自然的灾害，赶不上茅台，好歹也赶上西藏矿业遇到这种无法抗拒的因素了，也是难得哈,1,0,0,1556342340000
2988752254,猜小哥,:凌晨两点，茶卡盐湖的风终于停息，银河恰好悬挂在湖面的正上方，天空之镜倒映着满天星斗，熠熠生辉，在全国一片洪涝中难得一方静空，四张照片合成“茶卡盐湖的星空”送上！ vt6y ,0,0,0,1556337960000
5783826154,搞Ji人士啊臣,:#423读书挑战#  90后活了10几年，碰上了50年一遇的旱灾，60年一遇的雪灾，100年一遇的洪涝，300年一遇的泥石流，500年一遇的地震，600年一遇的海啸，还有什么日食月食流星雨…迎着非典上小学，踏着禽流感上初中，冒着甲流上高中，现在出来社会了，又说2012世界未日！ 90后也算活得轰轰烈烈了啊。 ,0,0,0,1556336940000
,国际在线陕西频道,:【省防总发出通知要求做好4月26日至28日强降雨过程防御工作】4月25日，省防总向各市区防指和省防总成员单位发出通知，要求做好4月26日—28日强降雨过程防御工作，确保安全。4月19～20日，我省陕南西部、关中中西部、陕北西北部已出现今年入汛前的首次暴雨天气，汉江、嘉陵江、渭河流域部分干支流出现洪水过程。暴雨洪水造成汉中市区及其部分县城内涝积水和公路短时中断等灾害。4月26～28日，我省还有一次降水、大风、降温天气过程。主要降水时段：陕北、关中出现在26日晚上到27日，陕南出现在27日晚上到28日白天。陕北有中到大雨，局地暴雨，关中、陕南东部小到中雨，陕南西部有大雨，局地暴雨。过程总降水量：陕北10～50毫米，关中北部3～15毫米，关中南部、陕南东部15～40毫米，陕南西部30～70毫米。降水过程中对流性降水占比较大，伴有雷电及短时强降水。按照省政府、省防总领导要求，各级气象、水文部门要加强监测预报，及时发布预报预警信息，强降雨区各级政府及其防汛、水利、住建、自然资源、应急等部门高度重视暴雨洪涝灾害防御工作，按照各自的防汛职责提前做好安排部署和监视值守、巡查排险、应对处置等工作，特别要加强局地强降雨引发的河流洪水、城镇内涝和突发山洪地质灾害防范措施落实，做好危险区群众的安全避险转移，确保人员安全。,0,0,0,1556330820000
5537549318,大善改变自己的命运,:#救在壹线# 在中国，洪涝、地震、凝冻等自然灾害频发。恶劣的灾后环境威胁着受灾群众的安全和健康。壹基金“救在壹线”采取“提前备灾、联合行动、快速救援”的策略，快速、专业、有效地响应灾害救援，守护灾害中人的尊严。 壹基金救在壹线 ,0,0,0,1556330100000
6357300101,救赎030914,:江西泰和遭强降雨袭击致受灾 村庄变泽国 - 4月25日，在江西省吉安市泰和县苑前镇洲刘村，强降雨过后，农田被淹，村庄一片泽国。连日来，受强对流天气影响，泰和县出现持续强降雨，造成部分乡镇出现大面积洪涝灾害，农田受淹，道路中断，部分农户家中进水受灾。邓和... http://t.cn/EaFkWPm ,6,0,0,1556330040000
,中国同心相随志愿者发展中心,:国家突发急性传染病防控队（安徽）赴宣城开展演练 - 7月26日，国家突发急性传染病防控队（安徽）联合宣城市疾控中心在该市开展洪涝灾害肠道传染病疫情处置联合演练。国家传防队、合肥市疾控中心、宣城市疾控中心、包河区疾控中心 http://t.cn/EaBtrer ,1,0,0,1556329260000
5258758713,大仙sh女1,:碰上50年一遇的旱灾、500年一遇的地震：踏着禽流感上初中！喜欢请关注；100年一遇的洪涝……300年一遇的泥石流：还有什么日食月食流星雨！ ,0,0,0,1556325780000
,西安航空职业技术学院,:#西安航空职业技术学院##天气预报# 【陕西多地将有大到暴雨！省防总下发通知做好洪涝灾害防御工作】4月26日至28日，我省有一次降水、大风、降温天气过程。陕北、关中出现在26日晚到27日，陕南出现在27日晚到28日白天。陕北有中到大雨，局地暴雨，关中、陕南小到中雨，陕南西部有大雨，局地暴雨。降水过程中对流性降水占比较大，伴有雷电及短时强降水。 （陕西发布） http://t.cn/z84Q3u7,4,0,0,1556323080000
,文教艺在线,:#中国发布[超话]#【中国援助伊朗抗洪救灾物资运抵德黑兰】中国政府援助伊朗抗洪救灾的2600顶防水帐篷26日运抵伊朗首都德黑兰霍梅尼国际机场。中国驻伊朗大使庞森在机场与伊方代表举行交接仪式。庞森表示，近期伊朗发生罕见洪涝灾害，人民生命和财产安全蒙受了巨大损失。中国人民出于友好情谊，向伊朗人民提供了力所能及的援助。他还说，中伊两国友谊深厚，中国汶川大地震发生后，伊朗也曾立刻向中国提供帮助。伊方代表对中方援助表示感谢。据介绍，中国还将向伊朗提供4批救援物资，包括充气救生艇、救生衣、柴油发电机组和排污泵等。3月下旬起，伊朗境内出现大范围持续降雨，造成严重洪涝灾害。（完）,1,0,0,1556319480000
2635186651,RanckeyALone,:【设定】种族天赋(1)  种族天赋来自于种族与魔法的相适性，每个在ALone到来之后产生的种族(甚至包括塔米泽尔人或人鱼那样的低等种族)都有种族天赋，只不过有的天赋没什么卵用就是了。  犴狼每个民族的种族天赋都不太一样：海蓝的种族天赋是加速恢复(HP和MP方面都有，但是程度比来自雅格的海蓝差得远)，雪角的种族天赋是角(雪角的角是头骨骨缝愈合产生的，在这个世界观下有角的生物能够更清晰地感受和运用魔法)，焱日的种族天赋是在阳光下受到鼓舞(阳光直射会导致全属性上升1％，以及翅膀并不是天赋或法术而只是遗传)，和月的种族天赋是夜视(夜间视力增加40％，同时视野增强，能看到热源偏亮)  蹄龙的种族天赋是御龙，所有可以被称为【龙】的生物都会受到影响，在蹄龙面前必定表现服从——哪怕这个蹄龙完全不理解这种龙类的表达。  火狐的种族天赋是制陶，他们有种非常奇怪的技术，似乎也并不完全是技术，能够通过往火里添加一种经过奇怪处理的材料(被称为【草茎】，所有火狐都有产出这个的能力)，使陶器几乎摔不破——但是陶器毕竟没有瓷器精巧方便，所以这是个没什么卵用的天赋。  褐狐的种族天赋是褐狐秘术，这是与ALone带来的【魔法】几乎没有关系的一种法术，需要褐狐以褐狐语(一种复杂的鸣叫方式，没有文字)来吟唱并伴随舞蹈才【可能】发动，具体效果是能够召唤/驱散暴风雨，由于雷和雨本身很难被引导而且施法时间奇长(大概需要三四个人跳两小时…人数减少会导致时间进一步延长)，而且并不完全靠谱，所以仅仅在非常干旱或是非常洪涝的时候会像【为xx祈福】那样，尝试在小范围里用这种方式解决问题——老实说很难相信这真的是法术，但是ALone给出的说法是，能够感受到有不是MP的能量在施法中心附近盘旋…考虑到褐狐呼唤异神玛丽苏的时候真的能够收到回应，褐狐秘术的本质是什么真的值得思考。,7,0,0,1556296980000
6960605150,富阎新区,:#陕西暴雨# 【陕西多地将有大到暴雨！省防总下发通知做好洪涝灾害防御工作】4月26日至28日，我省有一次降水、大风、降温天气过程。陕北、关中出现在26日晚到27日，陕南出现在27日晚到28日白天。陕北有中到大雨，局地暴雨，关中、陕南小到中雨，陕南西部有大雨，局地暴雨。降水过程中对流性降水占比较大，伴有雷电及短时强降水。 @陕西传媒网 @头条新闻 陕西发布,1,0,0,1556291460000
3912076973,陕西高院,:#温馨提示#【陕西省防总下发通知做好暴雨洪涝灾害防御工作】4月26日至28日，我省有一次降水、大风、降温天气过程。陕北、关中出现在26日晚到27日，陕南出现在27日晚到28日白天。陕北有中到大雨，局地暴雨，关中、陕南小到中雨，陕南西部有大雨，局地暴雨。降水过程中对流性降水占比较大，伴有雷电及短时强降水。via陕西发布,1,3,0,1556291040000
5921196226,怀化网警巡查执法,:【#长沙暴雨#遭遇暴雨必备攻略】暴雨是气象灾害中最严重的灾害之一，容易造成洪涝灾害，导致人员伤亡和经济损失，那么一旦遭遇暴雨，我们该做些什么呢？雷雨要注意什么？连降暴雨导致洪水，如何自救呢？暴雨衍生泥石流灾害怎么办？  ,0,0,0,1556290740000
,新浪陕西,:#陕西暴雨# 【陕西多地将有大到暴雨！省防总下发通知做好洪涝灾害防御工作】4月26日至28日，我省有一次降水、大风、降温天气过程。陕北、关中出现在26日晚到27日，陕南出现在27日晚到28日白天。陕北有中到大雨，局地暴雨，关中、陕南小到中雨，陕南西部有大雨，局地暴雨。降水过程中对流性降水占比较大，伴有雷电及短时强降水。 陕西发布,7,4,1,1556288280000
5800711573,达米安_樱桃树的春天,:黄景瑜也太帅了8，我还从来没夸过哪个男明星帅呢（除了我老公） 黄景瑜多看镜头两秒，我就能洪涝。 ,1,0,0,1556288040000
6604069391,打油诗人景青锋,:狂风暴雨风吹雨打树叶飘，狂风暴雨倾盆浇。冰雹如杏鸡蛋小，农物受灾麦苗倒。山沟流水如怒涛，参天大树风吹摇。雷鸣电闪心惊跳，雨过天晴彩虹耀。二零一九年四月二十六号下午，昨天晚上狂风怒吼暴雨直流。冰雹如鸡蛋杏一样大，南方多处暴雨成灾。田间地头都出现洪涝，大风将树都刮倒！天啊啊啊！今日雨过天晴，彩虹🌈 空中闪现如空中靓丽的风景！,0,0,0,1556287800000
,陕西发布,:【陕西省防总下发通知做好暴雨洪涝灾害防御工作】4月26日至28日，我省有一次降水、大风、降温天气过程。陕北、关中出现在26日晚到27日，陕南出现在27日晚到28日白天。陕北有中到大雨，局地暴雨，关中、陕南小到中雨，陕南西部有大雨，局地暴雨。降水过程中对流性降水占比较大，伴有雷电及短时强降水。 ,3,3,0,1556286780000
2242255605,牵龙仕EMS健身NO1,:炭疽是由炭疽杆菌引起的一种急性、热性、败血性人兽共患病。我国将其列为二类动物疫病，《中华人民共和国传染病防治法》将其列为乙类传染病，世界动物卫生组织（OIE）将其列为法定动物报告疫病。炭疽是一种全球性人兽共患病，每年病例约在2-10万之间。欧洲、亚洲、非洲、美洲和大洋洲均有发生，我国炭疽疫情主要集中在西北、西南和东北的部分省份。一年四季都可能发生疫情，每年6-9月为发病高峰，干旱、洪涝是主要诱因。各种家畜、野生动物均可感染，马、牛、羊等草食动物最易感；炭疽是人兽共患病，人也会感染。人和动物主要通过消化道传播，也可通过呼吸道或受损伤的皮肤接触感染。被污染的土壤、水源和场地可形成持久疫源地。大多数情况下，是牛、羊等食草动物在吃草时摄入芽胞引起感染，人接触了感染牲畜的肉类、毛皮、血液或土壤等其他污染物而感染。接触健康的牛、羊等动物及其肉类制品是不会感染炭疽的。炭疽多为散发疫情，但是炭疽芽孢抵抗力极强，在干燥土壤和污染草原中可存活40年以上，在自然界长期存在，一般消毒剂对芽孢杀灭作用很差，难以清除。牧民和养殖场，特别是曾经发生过炭疽疫情的地区，应该从以下几个方面防范：有条件的养殖户要对易感动物实施免疫；严格控制人员、车辆和易感动物进入养殖场，养殖场地、圈舍及进出的人员、车辆、物品要严格落实消毒措施；不从疫区调运易感动物；从非疫区调入动物要有齐全的检疫手续，落地后要隔离观察，无异常情况再混群饲养；发现牛、羊、猪等牲畜突然死亡或天然孔出血、腹部膨胀、体温升高等现象，要将病死或发病动物隔离，限制其移动，做到不宰杀、不食用、不出售、不转运病死动物及其产品，并及时上报当地兽医部门。 http://t.cn/RDJXFv6,0,0,0,1556285220000
,大青海网,:#西宁提醒[超话]#【暴雨蓝色预警信号】海东市气象台2019年4月26日20时40分发布民和、化隆、乐都地区暴雨蓝色预警信号：12小时内上述地区降水量将达25毫米以上，易引发洪涝、滑坡、泥石流、城市内涝等灾害，请注意加强防范。 via@青海路网 ,0,0,0,1556284620000
,青海路网,:#气象预警信息# 【暴雨蓝色预警信号】海东市气象台2019年4月26日20时40分发布民和、化隆、乐都地区暴雨蓝色预警信号：12小时内上述地区降水量将达25毫米以上，易引发洪涝、滑坡、泥石流、城市内涝等灾害，请注意加强防范。 #畅行青海.美在交通#@西宁搅沫沫社区@大青海网@青海高速交警@爱西宁社区@青海经视百姓1时间@青海青年报@青报新媒@青海发布@网易西宁地方站@903花儿调频@独立团1977@西宁网络电视台@夏都西宁旅游,0,0,0,1556284320000
,青海气象服务中心,:化隆回族自治县气象台2019年4月26日21时06分发布化隆地区暴雨蓝色预警信号：12小时内化隆地区降水量将达25毫米以上，易引发洪涝、滑坡、泥石流、城市内涝等灾害，请注意加强防范。  http://t.cn/Ryhpszr ,0,0,0,1556284080000
,青海气象,:化隆回族自治县气象台2019年4月26日21时06分发布化隆地区暴雨蓝色预警信号：12小时内化隆地区降水量将达25毫米以上，易引发洪涝、滑坡、泥石流、城市内涝等灾害，请注意加强防范。  http://t.cn/Ryhpszr ,0,0,0,1556284080000
,青海气象服务中心,:民和回族土族自治县气象台2019年4月26日20时55分发布民和地区暴雨蓝色预警信号：12小时内民和地区降水量将达25毫米以上，易引发洪涝、滑坡、泥石流、城市内涝等灾害，请注意加强防范。  http://t.cn/Ryhpszr ,0,0,0,1556283900000
,青海气象,:民和回族土族自治县气象台2019年4月26日20时55分发布民和地区暴雨蓝色预警信号：12小时内民和地区降水量将达25毫米以上，易引发洪涝、滑坡、泥石流、城市内涝等灾害，请注意加强防范。  http://t.cn/Ryhpszr ,0,0,0,1556283900000
,青海气象服务中心,:乐都区气象台2019年4月26日20时56分发布乐都地区暴雨蓝色预警信号:12小时内乐都地区降水量将达25毫米以上，易引发洪涝、滑坡、泥石流、城市内涝等灾害，请注意加强防范。  http://t.cn/Ryhpszr ,0,0,0,1556283660000
,青海气象,:乐都区气象台2019年4月26日20时56分发布乐都地区暴雨蓝色预警信号:12小时内乐都地区降水量将达25毫米以上，易引发洪涝、滑坡、泥石流、城市内涝等灾害，请注意加强防范。  http://t.cn/Ryhpszr ,0,0,0,1556283660000
,青海气象服务中心,:海东市气象台2019年4月26日20时40分发布民和、化隆、乐都地区暴雨蓝色预警信号：12小时内上述地区降水量将达25毫米以上，易引发洪涝、滑坡、泥石流、城市内涝等灾害，请注意加强防范。  http://t.cn/Ryhpszr ,0,0,0,1556282700000
,青海气象,:海东市气象台2019年4月26日20时40分发布民和、化隆、乐都地区暴雨蓝色预警信号：12小时内上述地区降水量将达25毫米以上，易引发洪涝、滑坡、泥石流、城市内涝等灾害，请注意加强防范。  http://t.cn/Ryhpszr ,0,0,0,1556282700000
,娄底网警巡查执法,:【遭遇暴雨必备攻略】暴雨是气象灾害中最严重的灾害之一，容易造成洪涝灾害，导致人员伤亡和经济损失，那么一旦遭遇暴雨，我们该做些什么呢？雷雨要注意什么？连降暴雨导致洪水，如何自救呢？暴雨衍生泥石流灾害怎么办？ ,1,0,0,1556282580000
2524413584,安徽消防,:#消防知识#【#长沙暴雨#遭遇暴雨必备攻略】暴雨是气象灾害中最严重的灾害之一，容易造成洪涝灾害，导致人员伤亡和经济损失，那么一旦遭遇暴雨，我们该做些什么呢？雷雨要注意什么？连降暴雨导致洪水，如何自救呢？暴雨衍生泥石流灾害怎么办？ ,7,21,6,1556280360000
6610578873,神奇家族,:#神奇树屋[超话]# #冷知识实验室# 热带雨林是“地球之肺”，能够制造大量氧气、吸收二氧化碳、抑制温室效应，还能储存碳、调节全球气候、涵养水源、维持水汽循环，缓解洪涝、干旱和土壤侵蚀等自然灾害，热带雨林是全球生态系统和人类生存最重要的物质基础。更多精彩，尽在《神奇树屋》。 ,3,0,0,1556270340000
3837145562,屏南气象,:【气象科普（116）：强对流为何总跟局地过不去？】近期，我国南方多地强对流天气频发，并给当地人民群众的生产生活带来了不同程度的损害。可是，天气预报中提到强对流天气为什么总和“局地”搭配在一起？看似短短一瞬间的强对流又为什么会有如此巨大的威力呢？ 4月20日中午，短时强降水导致广东东莞城市内涝，一小车掉进路面坑洞。（图/李金健）　　强对流是如何形成的？　　简单来说，强对流其实是由空气强烈垂直运动所导致的天气现象，就像往加热的炒锅里倒水一样，热锅和冷水接触的瞬间会泛起白烟，而白烟就相当于近地面较热空气形成的上升湿热气流。当它上升到一定高度时，由于高空气温低，空气中水蒸气遇冷就会凝结成水滴或冰晶。当水滴或冰晶下降时，又被另一股更强烈的上升气流携升，如此反复不断，小水滴积集成大水滴或冰雹，直至上升气流无力托住其重量，最后降落成雨或冰雹。另外，云中的冰晶相互碰撞的过程中，还会摩擦起电，当正负电荷累积到一定程度，就会击穿空气，也就形成了雷电。 　　此外，强对流天气种类很多，冰雹、龙卷、雷雨大风、短时强降水是单一的强对流结果，而雷暴、飑线往往是上述几种天气现象的“豪华套餐”组合。 强对流天气“大家族”　　强对流为什么总跟“局地”过不去？　　相较于台风、冷空气这些天气系统中空间尺度动辄上百、上千公里的“大手笔”，强对流天气属于短小精悍的“小制作”——中小尺度天气系统。在空间尺度上，一般水平范围大约在十几公里至二三百公里，有的甚至只有几十米，生命史也就是分分钟的事儿。　　由于强对流天气空间尺度小，发展迅速，因此这也给强对流天气的预报工作设下了难题。在目前观测条件下，不仅是我国，即使是世界发达国家，对于强对流天气信息的捕捉也十分有限。因此往往只能圈出一个可能范围，而不能准确预测一个具体位置。大家在天气预报中常常听到强对流天气将会出现在“局地”也是这个原因了。　　强对流惹不起 三十六计“躲”为上策　　当强对流天气发生时，往往几种灾害同时出现，因此强对流也被列为仅次于热带气旋、地震、洪涝之后的第四位灾害性天气。所以对于强对流，我们最好不要正面刚，而是要“躲”为上计。　　首先，当天气非常潮湿闷热时，就要先“未雨绸缪”一下，因为此时高低空的冷暖温差很大，容易出现强对流天气，公众可以通过中国天气网查看雷达图。当雷达图上出现了橙色、红色、甚至紫色的回波，并且向着自己的城市方向移动，那就要小心了。 图中红框部分的颜色标尺即为回波强度的颜色区分。　　一般来说，蓝色回波对应的区域表示当地被降水云系笼罩，但尚未出现降雨；绿色回波覆盖的区域代表当地正沉浸在绵绵细雨之中；黄色到橙色回波覆盖的区域则雨势较强；而红色往上到紫色的区域降水强度最大，并有可能伴随雷电大风甚至冰雹等强对流天气。　　其次，关注天气预报当中强对流预报落区，当看到自己所处位置在强对流的潜势预报区域内，就要提高警惕。　　最后，当上面两条全中时，那就要主动关注本地气象台的短时临近预报和预警了。一旦接收到气象台发布强对流的相关预警，就应按照预警中的要求，抓紧时间撤到安全区域，采取相应的防范措施。,0,0,0,1556267460000
6221363719,民生吉安,:#吉安爆料#【泰和：遭受强降雨 村庄变泽国】4月25日，在泰和县苑前镇洲刘村，强降雨过后，农田被淹，村庄一片泽国。连日来，受强对流天气影响，泰和县出现持续强降雨，造成部分乡镇出现大面积洪涝灾害，农田受淹，山塘溃堤，农村道路中断，部分农户家中进水受淹。（来源：吉安新闻网·井冈山报融媒体  ）,1,1,1,1556263860000
,Sixth潮童3,:自3月下旬起伊朗境内出现大范围持续降雨，造成严重洪涝灾害。灾害席卷伊朗25个省、4400多个村庄。根据伊方需求，中国政府将紧急提供一批人道主义援助物资。　　伊朗近期遭受严重洪灾，造成人员伤亡和财产损失。为帮助伊朗抗洪救灾，根据伊方需求，中国政府将紧急提供一批人道主义援助物资。商务部会同有关部门以最快速度备妥有关物资。4月26日凌晨2时，首批2600顶帐篷顺利启运，预计当地时间同日运抵，后续物资将分批次尽快发运。,1,0,0,1556262600000
3299841084,蒲江气象,:暴雨是气象灾害中最严重、最常发生的灾害之一，往往容易造成洪涝灾害和严重的水土流失，导致工程失事、堤防溃决和农作物被淹等，导致人员伤亡和重大经济损失。中国是个多暴雨的国家，除西北个别省区外，几乎都有暴雨出现。 ,0,0,0,1556262180000
5178113083,司马文悟_28908,:江西泰和遭强降雨袭击致受灾 村庄变泽国 - 4月25日，在江西省吉安市泰和县苑前镇洲刘村，强降雨过后，农田被淹，村庄一片泽国。连日来，受强对流天气影响，泰和县出现持续强降雨，造成部分乡镇出现大面积洪涝灾害，农田受淹，道路中断，部分农户家中进水受灾。邓和... http://t.cn/EarnAdV ,0,0,0,1556262060000
6086005026,星空的恋爱,,0,0,0,1556258100000
3774730204,焦点故事,:【江西吉安泰和遭强降雨村庄变泽国】         4月25日，在江西省吉安市泰和县苑前镇洲刘村，强降雨过后，农田被淹，村庄一片泽国。连日来，受强对流天气影响，泰和县出现持续强降雨，造成部分乡镇出现大面积洪涝灾害，农田受淹，道路中断，部分农户家中进水受灾。 ,0,0,2,1556256120000
6718527133,Ken叔税服你,:加拿大东部洪涝灾情变得严峻，当局预计暴雨和洪水泛滥的情况将持续。当地时间25日，加拿大首都渥太华市长吉姆·沃森宣布进入紧急状态，以确保市民财产及人身安全。 ,0,0,0,1556248080000
,中国同心相随志愿者发展中心,:国家突发急性传染病防控队（安徽）赴宣城开展演练 - 7月26日，国家突发急性传染病防控队（安徽）联合宣城市疾控中心在该市开展洪涝灾害肠道传染病疫情处置联合演练。国家传防队、合肥市疾控中心、宣城市疾控中心、包河区疾控中心 http://t.cn/EaBtgo2 ,1,0,0,1556247780000
,FM963,:【节前天气抢先看】五一前中东部多降雨和强对流天气中国气象局中央气象台预计，4月26日至30日，我国中东部大部地区有较强的降雨过程，江南、华南等地降雨比常年同期偏多，部分地区强对流天气频发，尤其要警惕雷暴大风、冰雹等天气；北方地区降雨也有所增多，有利于春播活动的开展，但新疆、甘肃、陕西和宁夏等地要注意防御山洪、滑坡、泥石流等灾害的发生。26-27日，西北地区东部、西南地区东部有明显降雨，新疆沿天山西部、甘肃南部、宁夏东部、陕西等地的部分地区有大雨，局地暴雨，最大小时降雨量20～50毫米，局地还将有雷暴大风或冰雹等强对流天气。预计未来一周，南方主要降雨时段在28-30日，降雨带将自北向南从江淮向华南地区推进，湖南南部、江西中南部、浙江南部、福建西北部、广西东北部和广东局地有暴雨或大暴雨，最大小时降雨量30～60毫米，并伴有雷暴大风或冰雹等强对流天气。另外，26日至27日，江南华南等地多分散性大雨或暴雨。气象专家提醒，4月以来，南方地区强降雨和强对流天气频繁，多地出现风雹和洪涝灾害，并造成人员伤亡。由于五一前，南方降雨和强对流天气仍较多，提醒公众要注意安全。另外，西北地区东部、新疆西部和北部等地的地质条件脆弱，局地强降雨和强对流天气致灾风险大，需加强灾害隐患点的排查，做好山洪和滑坡、泥石流等灾害的防范措施以及危险地带群众的安全转移。,1,1,0,1556247000000
5582551352,魅力绵远,:为提升绵远镇防汛及应对处置突发性洪涝及山洪灾害的能力，更好地检验群防群测体系的建立落实，最大限度地减轻灾害造成的损失，切实维护人民群众生命财产的安全。    2019年4月25日，绵远镇开展防汛及地质灾害应急演练，绵远镇政府相关部门工作人员，派出所，卫生院，各村书记、主任，监测人员和三泉村13组、4组村民，民兵等参加了演练，并成立了相应的工作小组，检验绵远镇突发性洪涝灾害应急预案的适用性和可操作性，进一步健全突发性洪涝灾害灾害应急机制，提高群众应对处置能力，增强群众防汛防灾减灾意识和应对险工地段出险的能力，最大限度地避免或减轻洪水灾害造成的生命和财产损失。,3,0,0,1556245620000
1982421443,大善业改变命运,:#救在壹线# 在中国，洪涝、地震、凝冻等自然灾害频发。恶劣的灾后环境威胁着受灾群众的安全和健康。壹基金“救在壹线”采取“提前备灾、联合行动、快速救援”的策略，快速、专业、有效地响应灾害救援，守护灾害中人的尊严。 壹基金救在壹线 ,0,0,0,1556244480000
5537549318,大善改变自己的命运,:#救在壹线# 在中国，洪涝、地震、凝冻等自然灾害频发。恶劣的灾后环境威胁着受灾群众的安全和健康。壹基金“救在壹线”采取“提前备灾、联合行动、快速救援”的策略，快速、专业、有效地响应灾害救援，守护灾害中人的尊严。 壹基金救在壹线 ,0,0,0,1556244240000
6331113031,文明开封科技局,#好人365# 【追忆29岁扶贫干部：那一刻，他原本可以走开】曾翙翔，男，生于1989年1月，生前是安徽省宿州市第一人民医院团委副书记，2017年9月赴宿州市墉桥区支河乡路湖村担任扶贫专职干部。扶贫工作期间，曾翙翔所驻村发生了严重的洪涝灾害，他一心惦记村民安危，奔波在救灾现场，连续十多个小时不休息。在转移受困村民的过程中，他却不幸触电身亡，年仅29岁。2018年12月，曾翙翔入选“中国好人榜”。@中国文明网 http://t.cn/EiVhGL3,0,0,0,1556243100000
,藤堂夜雨,:浑河全长415公里，古称沈水，又称小辽河。她发源于抚顺市东部，自东向西，依次流经清原、新宾、抚顺、沈阳、辽中、灯塔、辽阳县、台安、海城、大洼、大石桥、营口等县市境内，最后于营口市西西炮台注入辽东湾。抚顺市清原满族自治县湾甸子镇滚马岭是沈、抚两市母亲河--浑河的发源地。在历史上，浑河曾经是辽河最大的支流。清代末年，由于人为活动的影响、上游西辽河两岸水土流失加重，辽河水含沙量大增、下游河道淤浅、频繁决口，经过自然选择和人为治理的双重影响、辽河主流改道从盘锦入海。1958年，为了根治辽河下游洪涝灾害、堵截了从六间房流向三岔河、纳浑河太子河入海的辽河东支(即古辽河入海河道)，辽河水不再与浑河相通。,0,0,0,1556242920000
5084110014,家在砚山-,:砚山的这些菜远销2500公里之外的上海，称为“上海青”，深受人们的喜爱被称作“上海青”的小青菜以及小菠菜、芥兰苗、小香菜、小萝卜……地处西郊国际的一处蔬菜摊位上，整整齐齐地摆放着从远在2500公里以外的云南砚山县一路奔波40多个小时，刚刚抵达上海的各种时令蔬菜。因为与上海老百姓的口味毫无“违和感”，短短三天，这些蔬菜的销量达到了25吨。今天上午，上海蔬菜集团与云南砚山县正式签定精准扶贫产销合作协定，西郊国际还为经营砚山蔬菜的专业公司云南中康食品有限公司开设了销售专席。云南省砚山县地处云南高原，具有得天独厚的蔬菜种植优势，它海拔1400~1600米，昼夜温差大，又属于珠江水系分水岭，不会发生重大的洪涝灾害，为优质蔬菜的生长奠定了基础。云南省砚山县也是上海静安区的对口扶贫单位。云南中康食品有限公司是砚山县重点扶持的蔬菜种植企业，它拥有各类型种植养殖基地5000多亩，其中400亩为国家级种植示范基地，这些基地拥有智能大棚基地、种苗培育基地、蔬菜脱水加工厂、萃取车间、冷库等相关配套生产场所和设施，形成了从研发、育苗、种植、养殖、加工和冷链的完整业态。记者从签约仪式上还了解到，事实上，云南砚山县与上海蔬菜集团早在3年前就已经开始了合作。2017年，上海蔬菜集团率先与中康公司签订外延（扶贫）蔬菜生产基地合作协议。同年10月下旬，首批来自中康公司扶贫基地的销售团队入驻西郊国际和江桥市场，在为期一月时间内，他们先后组织了20多个品种（菜心、番茄、小葱等）来沪试销，并筛选出12个有市场竞争力的蔬菜品种，当年就销售了100多吨。2018年1月开始，进入正式批量阶段，销售量又翻了好几倍。西郊国际相关负责人告诉记者，他们为砚山蔬菜提供的对口扶贫专用档口，摊位费全免，并能享受“绿色通道”的专属服务。依托西郊国际高效的配送网络和先进的物流设施，还能大大提高砚山蔬菜的市场流通速度和效率，让上海消费者能在第一时间品尝到新鲜的砚山蔬菜。同时，扶贫专用档口还能作为搜集上海市场供销信息的一个窗口，帮助砚山菜农生产出更多适销对路的蔬菜。静安区合作交流办相关负责人也表示，他们将在大沽路菜场开辟云南砚山蔬菜专柜，并提供相关费用的减免政策。,0,0,0,1556240580000
5128723697,8刹那主義8,:很喜欢#喜马拉雅#上徐静波频道的节目《东京如何预防洪涝灾害？》，快来听一听吧! 东京如何预防洪涝灾害？（分享自@喜马拉雅） ,0,0,0,1556200560000
2057867590,陇西高速交警,:【五一前中东部多降雨和强对流天气】中央气象台预计，4月26日至30日，我国中东部大部地区有较强的降雨过程，江南、华南等地降雨比常年同期偏多，部分地区强对流天气频发，尤其要警惕雷暴大风、冰雹等天气；北方地区降雨也有所增多，有利于春播活动的开展，但新疆、甘肃、陕西和宁夏等地要注意防御山洪、滑坡、泥石流等灾害的发生。26-27日，西北地区东部、西南地区东部有明显降雨，新疆沿天山西部、甘肃南部、宁夏东部、陕西等地的部分地区有大雨，局地暴雨，最大小时降雨量20～50毫米，局地还将有雷暴大风或冰雹等强对流天气。预计未来一周，南方主要降雨时段在28-30日，降雨带将自北向南从江淮向华南地区推进，湖南南部、江西中南部、浙江南部、福建西北部、广西东北部和广东局地有暴雨或大暴雨，最大小时降雨量30～60毫米，并伴有雷暴大风或冰雹等强对流天气。另外，26日至27日，江南华南等地多分散性大雨或暴雨。气象专家提醒，4月以来，南方地区强降雨和强对流天气频繁，多地出现风雹和洪涝灾害，并造成人员伤亡。由于五一前，南方降雨和强对流天气仍较多，提醒公众要注意安全。 http://t.cn/R2WxeH6,0,1,0,1556197500000
5667356704,Tang_universe,:【汤比的记忆】——壹 关于暴雨那天回宿舍，马上就要有磅礴大雨来袭，刚走上楼，看到黑压压的天空，顿时有种恍惚感，（我一生到底要恍惚多少次？还是我词汇太贫乏了？）我那瞬间觉得我还未成年，还没上大学，还是个孩子……但事实却是那些孩子的日子已经离我很远了。（说得我很老似的哈哈）我的记忆里有很多关于雨的片段，特别是暴雨，我总觉得倾盆的雨就是属于稚嫩和青春的日子的。长大之后似乎就没资格拥有暴雨了，或者说，没办法和暴雨发生一些故事了。我的最初的最初关于暴雨的记忆，是还在工厂里住的小时候，有次发大水，把厂子都淹了。大家慌慌忙忙的把一楼的东西搬到楼上，然后茫然地看着无尽的雨喷泄而下，大雨一连下了好几天，大家都被困在工厂宿舍楼里。后来，消防员们用船把我们一部分人从土黄的洪水中解救了出去，（没错就跟电视上那些抗洪救灾的情形一样）但是爸爸因为在厂子里稍微有那么一点职位，他得留在厂里，所以只有我和妈妈上了船。我记得很清楚，当时我不过五岁，啥都不懂，只知道我要和爸爸分开，要把爸爸一个人留在洪水之中，那太危险了！于是我上船的时候就扯着嗓子哭，任凭妈妈、消防员叔叔、厂长伯伯怎么劝都不管用，仿佛一场浩大的离别。其实当时工厂偏离城市，又处在一个较低的地势，所以才会受到比较严重的影响，市中心并没有受到洪涝侵害。我家那时又正好在市中心买了房，于是我和妈妈就提前住了进去。而我对爸爸的担心，似乎渐渐被新家软弹的沙发磨灭了……,0,0,6,1556194980000
6303710531,瑜桉Ianthe,:好东吸！！！人类活动与自然灾害山区：滥砍滥伐、毁林开荒☞水土流失加剧☞滑坡、泥石流☞河流含沙量↑☞河道、水库淤积☞加剧洪涝灾害。平原：围湖造田☞天然湖泽面积缩小☞失去或减弱调节径流能力☞洪涝加剧。滥垦草场、过度放牧☞草原退化、沙化☞增加沙尘暴修建高坝、水库、矿山开采☞地震,2,0,1,1556193480000
2010021631,一位不愿透露姓名的地理学者,:河流与自然要素的关系1、河流与地形的关系（1）地貌对河流的影响①地势影响河流的流向和流速，水能的多少等②地貌影响水系特点和流域范围：形成山地型河流、平原型河流流经山区，落差大，流速快；水能丰富。但易造成水土流失。流经平原区，流速减慢，泥沙淤积；水量丰富，易造成洪涝灾害。 http://t.cn/RJZRDqy,2,0,0,1556188560000
,襄阳消防,:【抗洪拉动演练 提升抢险能力】4月24日，襄阳市消防救援支队紧盯汉江流域中心城市洪涝灾害事故特点，在汉江开展了编队行进、声呐成像定位、水下机器人目标搜寻、无人机图传、抛投器救助等科目的训练，充分检验了新装备、新技术、新战法的运用。 ,2,0,0,1556185320000
,黄三角早报-东营,:【加拿大东部洪水灾情严峻 小镇水势汹汹】加拿大东部2019年春季洪涝灾情正变得越来越严峻。当地时间4月24日，在多伦多以北大约200公里外的布雷斯布里奇（Bracebridge）镇，穆斯科卡河汹涌咆哮，河滨小公园已被淹没，当局发布消息称，目前水位已达到2013年以来的最高位，并预计还将上涨，当局已宣布进入紧急状态。（中新视频）http://t.cn/EaEQcrL,0,0,0,1556183580000
,中新视频,:【加拿大东部洪水灾情严峻 小镇水势汹汹】加拿大东部2019年春季洪涝灾情正变得越来越严峻。当地时间4月24日，在多伦多以北大约200公里外的布雷斯布里奇（Bracebridge）镇，穆斯科卡河汹涌咆哮，河滨小公园已被淹没，当局发布消息称，目前水位已达到2013年以来的最高位，并预计还将上涨，当局已宣布进入紧急状态。（记者 余瑞冬）http://t.cn/EaEQcrL,2,1,0,1556183400000
5029134285,东阳发布,:【织密防汛抗旱安全网 东阳召开视频会议作部署】4月24日上午，东阳市举行防汛防台抗旱工作视频会议，对相关工作进行部署。市委常委、常务副市长王天仁参加会议。从去年12月至今年3月底，全市累计降雨量达670毫米，较往年同期增长87%；今年应重点防范阶段性暴雨洪涝灾害，警惕强对流天气的不利影响。 ,0,1,0,1556181000000
5558990115,湛泸剑,:【重要天气提示｜五一前中东部多降雨和强对流天气】据中央气象台预计，4月26日至30日，我国中东部大部地区有较强的降雨过程，江南、华南等地降雨比常年同期偏多，部分地区强对流天气频发，尤其要警惕雷暴大风、冰雹等天气；北方地区降雨也有所增多，有利于春播活动的开展，但新疆、甘肃、陕西和宁夏等地要注意防御山洪、滑坡、泥石流等灾害的发生。26-27日，西北地区东部、西南地区东部有明显降雨，新疆沿天山西部、甘肃南部、宁夏东部、陕西等地的部分地区有大雨，局地暴雨，最大小时降雨量20～50毫米，局地还将有雷暴大风或冰雹等强对流天气。预计未来一周，南方主要降雨时段在28-30日，降雨带将自北向南从江淮向华南地区推进，湖南南部、江西中南部、浙江南部、福建西北部、广西东北部和广东局地有暴雨或大暴雨，最大小时降雨量30～60毫米，并伴有雷暴大风或冰雹等强对流天气。另外，26日至27日，江南华南等地多分散性大雨或暴雨。气象专家提醒，4月以来，南方地区强降雨和强对流天气频繁，多地出现风雹和洪涝灾害，并造成人员伤亡。由于五一前，南方降雨和强对流天气仍较多，提醒公众要注意安全。另外，西北地区东部、新疆西部和北部等地的地质条件脆弱，局地强降雨和强对流天气致灾风险大，需加强灾害隐患点的排查，做好山洪和滑坡、泥石流等灾害的防范措施以及危险地带群众的安全转移。（据中央气象台4月25日电）,0,1,1,1556179500000
,垫江发布,:#在行动#日前，从县安委办获悉，即日起至6月30日止，我县将在全县开展安全生产风险隐患大排查大整治大执法行动，此次行动重点领域主要包括道路交通、水上交通、建设施工、煤矿、非煤矿山、危险化学品、烟花爆竹、地质灾害、洪涝灾害、森林火灾、气象灾害等，全力防范化解安全生产和自然重大风险，坚决杜绝较大以上事故，切实减少一般事故，积极有效应对处置各类自然灾害，为迎战高温汛期打牢安全基础。,0,0,0,1556175840000
6453914984,我只关注陌生人声,:南京爆炸了，大连石油泄漏没人关注了；长江洪涝了，南京的事不管了；舟曲泥石流了，三峡大坝什么的丢一边去了；现在黑龙江鞭炮厂的事故正把,2,0,0,1556164140000
,襄阳日报,:#襄阳城事# 【抗洪拉动演练   提升抢险能力】4月24日，市消防救援支队紧盯汉江流域中心城市洪涝灾害事故特点，开展了编队行进、声呐成像定位、水下机器人目标搜寻、无人机图传、抛投器救助等科目的训练，充分检验了新装备、新技术、新战法的运用。下一步，支队将以此次演练为契机，加强形势研判、强化训练演练、注重装备保养、完善应急预案、严守操作规程，时刻处于战备状态，确保队伍随时拉得出、打得赢。（来源：通讯员苏晓杰）,1,0,0,1556163300000
,知天气,:【强对流为何总跟局地过不去？,2,0,2,1556159520000
1982421443,大善业改变命运,:#救在壹线# 在中国，洪涝、地震、凝冻等自然灾害频发。恶劣的灾后环境威胁着受灾群众的安全和健康。壹基金“救在壹线”采取“提前备灾、联合行动、快速救援”的策略，快速、专业、有效地响应灾害救援，守护灾害中人的尊严。 壹基金救在壹线 ,0,0,0,1556159340000
5537549318,大善改变自己的命运,:#救在壹线# 在中国，洪涝、地震、凝冻等自然灾害频发。恶劣的灾后环境威胁着受灾群众的安全和健康。壹基金“救在壹线”采取“提前备灾、联合行动、快速救援”的策略，快速、专业、有效地响应灾害救援，守护灾害中人的尊严。 壹基金救在壹线 ,0,0,0,1556159220000
5999727124,百万实盘交易员,:农产品方面，由于需求侧长期保持稳定而供应侧常常受到天气及种植面积的影响而出现明显波动，因此其价格波动更多需要观察供应端的扰动因素。以大豆为例，在一个种植收获期内，需要经历种植、出苗、开花、结荚、落叶、收割等一系列过程，在这一过程中，有的年份洪涝、干旱、虫害等天气灾害时有发生，有的年份却风调雨顺，这大大增加了供给端的弹性。而其下游需求方面，由于榨油行业利润波动较小，行业结构及下游产业需求相对稳定，因而较不容易在短时间内出现大的变化。再例如，今年的猪周期、糖周期行情均源自于上游供应端变化预期。总体而言，农产品供应的改变速度快于需求的改变速度。因而农产品投资需要重点关注供应侧变化。　　工业品方面，由于工业品产能落地常常需要漫长过程，且产能调整涉及因素复杂，难以随心所欲，因此其供应长期保持稳定状态。例如，一个铁矿石项目的落地，就需要经历探矿、科研、审批、建矿、投产等一系列阶段，时间平均需要5年，其供应周期较为漫长，投产后不大会经常调整开工。此外，对于部分产业来说，由于设备和工艺特点，几乎不可能随意停产，一旦停产造成的损失远远大于生产亏损带来的损失。因此，工业品市场常常经历高利润——资本涌入——产能过剩的过程。相比之下，需求端变化对价格影响更大，2001年以来，国内商品市场每一轮牛熊周期背后都与宏观需求关系密切。在政策积极、货币宽松期，往往出现牛市，反之在经济下行周期常常走熊。,0,0,0,1556153520000
6352829800,Llnn51319,:中北镇万卉路，就一夜绵绵春雨居然下出了洪涝灾害的赶脚。一公里的路开了半小时，还是两个月前新修的路，呵呵呵呵呵@奏耐天津 ,1,0,1,1556150820000
5535780997,杰西卡大大O_o,":雨季科普雨季是每年降水比较集中的湿润多雨季节。在我国，南方雨季为4－9月，北方为6－9月。雨季结束是北方早，南方迟。在此季节常常出现大雨和暴雨，降水量约占年总量的70％ 左右，因此，雨季表现也比较明显，易造成洪涝灾害，所以又称为汛期。雨季易发病症：1.食物都易腐烂变质。注意不要食用变质、过期食品，以免发生腹泻、腹痛这些急性肠胃病。在湿热天气，也不宜过多进食冰冻西瓜、凉茶冰水，以免损伤脾胃。2.阴雨天时，温差大、湿气过重易致呼吸道疾病，要适时开窗保证室内空气流通。3.阴雨季节也是风湿病频发的时候，降雨冷热交替，要注意及时增减衣物，有需要的可以带上一个护膝，还有在洗漱和做家务的时候也要使用温水。4.气温高、湿度大的季节，环境中的细菌真菌活动能力增加，皮肤出汗容易引起感染性皮炎。所以阴雨天气时应避免穿着未彻底晒干衣物,尽量选择透气吸汗面料衣服。以上，全是我好奇最近频繁下雨因此搜了一下雨季的相关信息",0,0,0,1556148960000
6866786594,陈志龙425300,:#永州[超话]#采桑子.阵雨阴云舒卷珠丝细，来也匆匆，去也匆匆，雨霁烟销未见虹。天庭不晓黎民苦，误你田农，误我蓑翁，只报我县洪涝凶。 ,0,0,0,1556145420000
6862251066,i4梦凯,:南京爆炸了，大连石油泄漏没人关注了；长江洪涝了，南京的事不管了；舟曲泥石流了，三峡大坝什么的丢一边去了；现在黑龙江鞭炮厂的事故正,0,0,0,1556143980000
5914298873,墨雪千山68687,:每一次的犯错，只要能够知错就改。那些曾经的错误道路，回头再看，就像那溪水孱孱、江河涛涛的河床，哪怕心路依旧难抹去，河床长久在，都不在害怕洪涝成灾，这便是修心。晚安。 石家庄·博雅庄园 ,1,0,0,1556120700000
,畅通辉县,:#天气预警#【雷雨强对流天气应注意什么？】强对流天气是指发生在对流云系或单体对流云块的中小尺度的天气系统，这种天气的水平尺度一般小于200公里，有的仅为几公里。强对流是受静态不稳定浮力驱动发生的大气强烈垂直运动。通常由近地表层大气增温或气流辐合抬升而引发并受到浮力影响而加速上升。强对流天气可以表现出风雨雷电等各个形态，短时的强降水、暴风、暴雨、冰雹、龙卷风等都属于强对流天气，它一旦出现就会给人们带来很多危险，学会如何预防和应对十分重要。这些都是强对流天气强对流天气大体上可归纳为六类：飑线、雷雨大风、短时强降水、雷暴、龙卷风、冰雹三个特点1持续时间短生命史约为一小时至十几小时，较短的仅为几分钟至几十分钟。2局地性强   影响范围一般在几公里至几十公里，飑线的水平尺度要大一些，能达到几百公里。3要素变化强在短时间内会突然出现风力增大、降水增强、气温变化明显等情况。强对流天气危害大由于强对流天气发生突然，并且来临时会伴随电闪雷鸣、冰雹、雷雨大风和龙卷风等，因此破坏性很强。有时会引发山地灾害、电信交通受损、局地洪涝、庄稼树木受灾、房屋坍塌等灾害。预防强对流，关注预警很重要进入强对流多发期，冷暖空气活动频繁，请关注气象台发布的最新预警预报信息。强对流天气安全指南1注意天气变化，做好防雨、防雷电等准备。2老人、小孩最好不要外出，留在家中。3妥善安置室外物品。4如在室外，应用雨具或者其他代用品保护头部，并尽快转移到安全地方暂避。5如果正在驾车遇强对流突袭，应尽快将车辆驶入有遮挡的地方。6不要进入孤立的棚屋、岗亭等建筑物或大树底下。7远离河道、低洼地、围墙、危险边坡等危险地带。@河南交警@畅通新乡 @平安辉县,3,0,0,1556115960000
,爱健身的小肌菌,:民政部:南方11省份洪涝灾害直接经济损失超百亿 http://t.cn/R5OVGqZ ,0,0,0,1556110920000
6358474878,小新爱读书201709,:【大包大揽式的城市服务，并不是管理升级】         河南郑州给影响市容市貌的不干净车辆进行免费清洗，看似是城市管理的推陈出新，但这样的大包大揽并不能让市民养成维护市容市貌的自觉，更何况城市的管理对象应是公共领域，虽说免费洗车涉及的车辆众多，但还是个别人受益，即使出发点是为了净化市容。        记得2016年，河北地区发生的特大洪涝灾害，某些地方政府为了加快灾后清淤的进度，安排单位和干部对接帮扶到户，督促群众尽快清理污泥，恢复正常生产生活。结果，一些群众仗着清理的慢，帮扶单位和干部会被通报或问责，就故意拖着不动，指着干部帮他们清理，甚至有些人磕着瓜子坐在凳子上，指挥干部干这干那，俨然一副地主的形象。虽说帮助群众尽快恢复生产生活是干部的职责所在，但大包大揽的管理方式和单一的考核指标，并没有有效的引导群众自救，反而给个别群众提供了一条自认为长期被干部压制、管理的报复渠道，让他们的“恶意”情绪恣意释放。        涉及群众自己的事务，比如洗车，清淤，政府应做的是积极引导，而不是大包大揽，针对车辆不干净影响市容的情况，政府应在明显区域多投放一些公益广告，做好宣传引导，让更多群众意识到洗车不仅自己舒适，更是一种维护公共卫生的公益行为。,1,0,0,1556108160000
6603729162,睿龚逸婷是个大笨蛋,:南京爆炸了，大连石油泄漏没人关注了；长江洪涝了，南京的事不管了；舟曲泥石流了，三峡大坝什么的丢一边去了；现在黑龙江鞭炮厂的事故正把舟曲的新闻挤,0,0,0,1556103060000
6373522982,腾讯大秦网汉中经营中心,:【厄尔尼诺来了 】：国家气候中心监测表明，2018年9月进入厄尔尼诺状态， 2019 年 1 月达到厄尔尼诺事件标准，预计本次事件将持续到秋冬季，可能发展为一次中等或中等偏强的中部型（暖池型）厄尔尼诺事件。厄尔尼诺现象通过复杂的海洋与大气的相互作用，全球天气气候出现不同程度异常，从而导致暴雨、洪涝、强台风等极端天气气候灾害发生。受其影响，2019 年汛期陕西气候状况总体偏差，降水“北少南多”，旱涝并存，局部地区冰雹、大风和强降水事件可能多发。（第一新闻）,0,3,0,1556101620000
6930639998,水母科技防汛专家,:水母小编收到许多客户的反馈，地下停车场暴雨的时候洪涝严重，每家公司报价差额大！地下车库用的防汛挡水板到底该怎么鉴别质量呢,1,0,0,1556098500000
,第一新闻,:【厄尔尼诺来了 】：国家气候中心监测表明，2018年9月进入厄尔尼诺状态， 2019 年 1 月达到厄尔尼诺事件标准，预计本次事件将持续到秋冬季，可能发展为一次中等或中等偏强的中部型（暖池型）厄尔尼诺事件。厄尔尼诺现象通过复杂的海洋与大气的相互作用，全球天气气候出现不同程度异常，从而导致暴雨、洪涝、强台风等极端天气气候灾害发生。受其影响，2019 年汛期陕西气候状况总体偏差，降水“北少南多”，旱涝并存，局部地区冰雹、大风和强降水事件可能多发。,1,0,0,1556096040000
,上海金融报,:【“相互宝”又扯皮！婴儿黄疸肝炎也不能赔？】近日，蚂蚁金服旗下的网络互助计划“相互宝”再现理赔风波，一位父亲在网络上的自述引发关注。     4月23日，21世纪经济报道记者与这位父亲取得了联系。根据这位父亲的自述，他于2018年10月20日加入“相互保”（“相互宝”前身），2018年12月1日其女儿也加入进来。      2019年1月31日，他女儿意外摔伤，导致脑部重创，当即做了开颅手术。2019年2月12日，他向“相互宝”报案申请理赔；2019年2月21日，他又进一步完整提交报案需的所有材料。      这位父亲在自述中强调，2019年3月25日左右，他女儿的“相互宝”在没有任何通知的情况下变成了已退出状态。随即，他致电“相互宝”客服人员，客服人员说不可能系统强制退出，肯定是他自己点了“退出”。     三天后，“相互宝”工作人员来电通知，由于他女儿病历显示曾于满月时患有肝炎，不符合理赔要求，这次不能申请互助金，不符合健康告知也就给他女儿退出了“相互宝”。     这位父亲找到了一年前的湖北省妇幼的病历，显示出院记录确实是婴儿肝炎综合征。对此，他咨询了多位儿科医生，表示这属于婴儿常见病，即病理性黄疸，不至于影响保险，况且已经治愈出院，肝功能无异常。为此，湖北省妇幼还为其开具了诊断证明。     在有了这份证明后，“相互宝”工作人员对他表示可以把证明传来再次审核，但三日后他收到的仍是“拒赔”消息。      记者注意到，在“相互宝”健康告知中有拟加入“相互宝”的自然人既往或目前没有下列疾病中包括“肝炎”一项。此外，开颅手术在“相互宝”重症疾病互助计划条款中。    记者在采访中发现，一些人表示应该严格遵守健康告知，也有不少人表示婴儿肝炎综合征不应属于这个肝炎的范畴。      对于此事，蚂蚁金服尚未有明确回复，表示先要核查。事实上，这已经不是“相互宝”第一次陷入理赔风波了。3月26日，“相互宝”的首例赔审案件上线，“相互宝”成员唐某因意外跌入洪涝沟后深度昏迷，家属发起了互助金申请，但调查员在核查中发现唐某此前因皮肌炎需遵医嘱长期服用激素药物，并不符合健康告知要求，所以做出了不给予互助金的初步审核结果。在唐某家属看来，皮肌炎并非导致意外和昏迷的原因，连续服药的情况也早在两年前，并不违背健康告知要求。因为存在争议，这一案件交给了“相互宝”的“赔审团”来审议。最终，在参与投票的“赔审员”中，58%投了反对票，申请人还是无法获得互助金。      事后，蚂蚁金服副总裁尹铭在公开信中表示：“‘相互宝’是一个大病互助计划，为了让计划健康、可持续运营，必须设立加入、审核、监督机制。因为不符合健康要求、疾病界定、等待期界定等因素，有些申请在专业调查人员的初步审核阶段可能被否决。如果对初步审核结果有异议，可以申请’赔审团’审议。只要符合大家共同认可的互助规则、救助标准，‘相互宝’每个都会救助，一个都不会少。”（21世纪经济报道）,3,1,1,1556085720000
,安吉市场监管,:【关注】市监局提醒您：汛期将至，这些特种设备安全请牢记      据气象预测，今年恶劣天气将多于往常发生，近期气候多变，汛期将至，极易在山区造成山洪泥石流、在城区形成内涝积水等洪涝灾害，同时降雨往往伴随着大风、雷电、冰雹，容易造成高空坠物、树倒枝折、雷击等次生灾害。点击链接或者长图阅读原文：http://t.cn/EaONXQA原文：,0,2,0,1556084760000
,贵州综合广播,:#946快讯#【贵州5月进入降水集中期  需加强防范】即将进入5月，意味着我省降水集中期即将到来，暴雨天气也会随之增多。据贵州省气候中心统计，贵州5月降水量为164.9毫米，暴雨日数平均值为2.5天，暴雨日数历时极值为5天（紫云）。同时，贵州5月的暴雨洪涝具有发生频率高，灾害强度大，人员伤亡重，夜间多发的特点。气象部门提醒，遇暴雨天气时，应减少外出防意外，注意随时收听收看天气预报预警信息，合理安排生产活动和出行计划，尽量减少外出。同时，山区大暴雨有时会引发泥石流、滑坡等地质灾害，附近村民或行人尽量远离危险山体，谨防危情发生。据了解，气象上暴雨的划分标准规定为：若24小时内降水量达到50.0～99.9毫米，称为暴雨，100.0～199.9毫米，称为大暴雨，≥200.0毫米，称为特大暴雨。在一次暴雨过程中，如果降水时间集中，即雨强大，则较易引起山洪暴发形成山洪及次生灾害；如果降暴雨的范围较大，或暴雨持续时间较长，则更易引发严重的洪涝及次生灾害。（罗阳欢  贵州综合广播黄小胜）,0,0,0,1556082960000
6471344070,暴躁春日手册,#爱豆能量月##地球知识大赛# 世界地球日，关于地球上的气候变化包括哪些方面的变化？大家一起讨论下吧。@WWF世界自然基金会 @微博大明星  #星光公益联盟#贡献力量，助力公益！配图：© James Suter / Black Bean Productions / WWF-US ,0,0,0,1556076420000
,多彩贵州网,:【5月，贵州进入降水集中期！请注意防范！,2,0,0,1556075460000
5704683939,一纸拾笺,:昨天我和三五好友聚会。十多岁的少年人，那时的聚会会以踢一场野球开始，汗流浃背拿着整加仑的农夫山泉往嘴里灌。二十几的青春，那时的聚会会往网吧跑，嗓音高若干分贝的嬉笑怒骂，然后找个小地方先不点菜而是把啤酒摆上桌，要么吹要么闷。三十多了，聚会也了无生趣。与会者阔气的往高档场所去，混得有一顿没一顿的也得装得显摆。裤腰带随着肚腩一路往下，喝酒不趴下别人嘴里就不仗义。熟人的聚会就寒掺多了，生活的琐碎，工作的烦恼，两两视对方作树洞，不能对旁人言的苦恼会涨成洪涝。青春时生活充满神秘感，而现今战战兢兢惶惶恐恐似乎看到了生活之全部。哎，生活！生活不应该是把满身的童趣烘洗甩干了变老的过程吧？至少聚会的时候怎么也该有个土豪嚷嚷着买单吧！,1,0,0,1556074620000
6620177326,烟花寒犀,:还记得 高考时背过的十三大气候类型，考试模拟时，认真数过的每一条等值线，脑海里，不停思索过的太阳直射点。 想象过冰岛的气候和西西伯利亚的寒流，紧张过全球变暖与台风洪涝，编写过气流特点的背诵口诀。希冀着有哪一天可以把地图装进大脑，流利背出所有国家的城市名。 而高考结束，再没有机会再走进地理的课堂。  http://t.cn/RXnNPIU,3,0,0,1556073840000
,龙门发布,:#民生#【龙门各部门齐行动全力开展灾后复产和防治工作】近日来，我县普降大雨和大暴雨，致使多地发生洪涝灾害。灾情无情人有情。灾情发生后，我县各职能部门切实把防汛工作作为当前一项重要任务来抓，迅速组织人力物力深入到受灾地区开展防汛和救灾复产工作。记者从县应急管理局了解到，目前，我县灾区群众生产生活秩序井然，抗灾复产正紧张有序地进行。,0,0,0,1556073480000
,定西日报,:【全市防汛抗旱防灾减灾视频会议召开】定西日报讯 （记者 刘书泽）4月23日，全市防汛抗旱防灾减灾视频会议召开。市委常委、常务副市长王钧主持会议并讲话，副市长陈学俭安排部署当前防汛抗旱和防灾减灾工作任务。王钧指出，今年全市汛期较往年提前一个月，有的地方已发生洪涝灾害，为我们敲响了警钟。各县区和各部门要坚决破除惯性思维，牢固树立防大灾、抗大灾意识，盯紧重点区域，全力补齐短板弱项，确保早到位、早安排、早预防。要加大河沟道排洪、危险地段村庄、城市防涝等重点灾害隐患点排查整治力度，及时做好预判研判、调度分析、物资储备等工作，确保责任不落空、环节不断档、灾害不复发。要落实落细各环节责任，全力打通乡镇和村社责任落实“最后一公里”，确保责任体系环环相扣。要适应全媒体时代，大力开展防灾避灾知识宣传，及时发布预警信息，回应社会关切。要紧盯重点领域和关键环节，全力抓好安全生产工作。陈学俭强调，各县区、各有关部门要准确把握当前防汛抗旱防灾减灾工作面临的形势，把重点任务记在心上、落实在行动上，按照以防为主、防抗救结合的原则，全力做好预警预报、隐患排查、河沟道行洪畅通、城市防汛减灾等各项任务落实，从严靠实各级工作责任，确保全市平稳安全度汛。市防汛抗旱指挥部成员单位及重点企业负责同志在市主会场参加会议，各县区政府主要负责同志、分管同志在县区分会场参加会议，并组织各乡镇、相关村干部就近参加。,1,0,0,1556073420000
5537549318,大善改变自己的命运,:#救在壹线# 在中国，洪涝、地震、凝冻等自然灾害频发。恶劣的灾后环境威胁着受灾群众的安全和健康。壹基金“救在壹线”采取“提前备灾、联合行动、快速救援”的策略，快速、专业、有效地响应灾害救援，守护灾害中人的尊严。 壹基金救在壹线 ,0,0,0,1556072520000
1982421443,大善业改变命运,:#救在壹线# 在中国，洪涝、地震、凝冻等自然灾害频发。恶劣的灾后环境威胁着受灾群众的安全和健康。壹基金“救在壹线”采取“提前备灾、联合行动、快速救援”的策略，快速、专业、有效地响应灾害救援，守护灾害中人的尊严。 壹基金救在壹线 ,0,0,0,1556072460000
6405818169,天涯qty,:说SF不复存在，舰载机将没有航母，这话说起来冠冕堂皇，航母上的舰载机从哪里来的技术，不用我说，军事迷都心知肚明，我就问一句，那是自主研发出来的吗？SF成立这么多年了，自主研发了哪一架国产飞机？抄了老毛子几十年的SU27，就从这一点上，真的和人家成飞好好学一学。SF一直负责造大飞机的机尾巴，后来嫌造这个不赚钱，把业务砍了，现在想造造不出来了。  东北的确很重要，但是重要并不是不思进取的理由，重要也不是停滞不前的借口。我自身就是一个东北人，所谓爱之深痛之切，这么多年了，老家也没什么变化，修了二十多年的路依然破到不敢开车，县城里这么多年没有培育出一个大型企业，守着粮食这么好的资源，却做不出一篇像样的文章，至今所谓的粮食深加工产业都是空谈，农民基本就是种了粮食就卖，种植技术更新缓慢，还是看天吃饭，一旦碰到洪涝或者干旱就会减产甚至绝收。农作物种植单一，90%都是玉米，虽然是水稻的优良产地，但是因为成本过高，种植面积逐年缩小，守着一条大河却从来不用河水灌溉，明明知道用电成本可以降低但是这么些年却因为种种原因用电抽水灌溉的寥寥无几。地方官不思进取，思想守旧且官本位思想严重，不想着怎么为老百姓做实事，只想着怎么往上爬，贪污腐败严重，请客送礼之风盛行，农村喜欢大操大办，甚至盖着猪圈都要办一桌酒席，享乐主义严重，不能吃苦，而且典型的大钱赚不来，小钱不稀得赚。自主创业基本集中于低端的餐饮、服务行业，内容雷同且容易扎堆。不劳而获之风盛行，看看直播行业有多少东北人就知道了。,0,0,0,1556069760000
5669033591,big-likability不掉头,:大海发的水真的好多，刺激，不怕洪涝吗 ,0,0,0,1556051640000
6702626557,TANzJ幸,:南京爆,1,0,0,1556041740000
1994048465,ChenZ炜,:与人争，无论是力是理，总有不足处输人处，一生一世都难圆满。可与自己较劲，却裨益长远，积攒下来的一点一滴，也是自己家底。每一次犯错，只要能够知错能改，那些曾经的错误道路，回头再看，就像那溪水潺潺，江河滔滔的河床，哪怕心路依旧难抹去，河床长久在，都不用再害怕洪涝成灾。#剑来[超话]# ,1,0,1,1556030880000
1039884917,十了个堰,:未雨绸缪 湖北紧急安排部署今年汛期自然灾害防范应急工作根据有关部门预测分析，今年是弱厄尔尼诺年，汛期（5～10月）长江流域降雨量较多年同期偏多，特别是长江中下游降雨量偏多。针对汛期湖北将发生集中强降水、区域性洪涝灾害的严峻形势，日前，省应急管理厅下发《关于切实做好汛期自然灾害防范应急工作的通知》，紧急安排部署汛期灾害防范应急工作。,2,0,1,1556023740000
5536937646,勿忘她乡笑,:#423读书挑战# 90后活了10几年，碰上了50年一遇的旱灾，60年一遇的雪灾，100年一遇的洪涝，300年一遇的泥石流，500年一遇的地震，600年一遇的海啸，还有什么日食月食流星雨…迎着非典上小学，踏着禽流感上初中，冒着甲流上高中，现在出来社会了，又说2012世界未日！ 90后也算活得轰轰烈烈了啊。 ,0,0,0,1556016600000
,达州发布,:#达州新闻#【达州市防汛办对快速通道开展防汛安全检查】4月23日，达州市防汛办派出检查组前往正在施工的快速通道项目开展防汛安全检查工作，旨在督促施工单位认真开展隐患排查，严格落实责任，确保安全度汛。据市气象局预计，今年汛期时间为5月至9月，区域性暴雨次数较常年略偏多，局地洪涝、地质灾害、城市内涝气象风险较高。,4,2,2,1556013660000
6056533012,用户6056533012,:,0,0,0,1556011860000
,湖北省政府门户网站,:【未雨绸缪 湖北紧急安排部署今年汛期自然灾害防范应急工作】针对汛期湖北将发生集中强降水、区域性洪涝灾害的严峻形势，日前，省应急管理厅下发《关于切实做好汛期自然灾害防范应急工作的通知》，紧急安排部署汛期灾害防范应急工作。《通知》要求，要严格执行汛期24小时值班制度，落实领导带班和值班备勤制度，加强值班力量和信息报送，确保政令畅通。http://t.cn/Eao0Z7p,2,1,0,1556010180000
5404757460,叶子小帆帆,:#人民海军成立70年# 看完微博上那些噴青岛天的人我就特别生气，青岛各界为了海军节真的很努力，天气原因你也怪青岛，那很多地方大雨都洪涝了你们怎么不去说把云赶走，有能耐快去，天气原因是不可控的因素。所以这个锅青岛不背，作为一个青岛人我热爱我的家乡，热爱家长的海洋爱它所有的天气。 ,0,0,0,1556007420000
,贵阳晚报,:【雷雨、大风、冰雹……今晚还将有雨】进入汛期，强对流天气一波接一波。据省气象台预测，23日夜间强对流继续接力，中东部地区备受青睐，继续迎战雷雨冰雹大暴雨。省气象台继续发布雷雨大风冰雹预报：23日白天，全省阴天到多云，东部地区有分散阵雨或雷雨；23日傍晚到夜间，中东部地区有中到大雨，局地有暴雨，个别乡镇有大暴雨，雷雨中伴有冰雹、大风、短时强降水等强对流天气，其余地区阴天间多云有阵雨或雷雨；24日白天，全省多云，东部边缘有分散阵雨或雷雨；24日夜间到25日白天，省的南部地区阴天间多云有阵雨或雷雨，其余地区多云有分散阵雨或雷雨。贵阳市预计：22日夜间到23日白天，多云间阴天有阵雨或雷雨，局地有强对流天气，气温16～27℃；23日夜间到24日白天，阵雨或雷雨转多云，局地有强对流天气，气温16～27℃；24日夜间到25日白天，多云有分散阵雨，气温17～25℃。相关阅读：强对流天气 致贵州3.3万人受灾4月18日以来，贵州部分地区遭受强对流天气袭击，目前已造成3.3万人受灾，直接经济损失接近3600万元。据气象部门监测，4月18日以来的强对流天气，致贵州局地出现雷暴、大风、冰雹、大到暴雨、阵性大风，引发洪涝、风雹等灾害。国家减灾中心发布消息称，据初步统计，截至4月22日下午，遵义、毕节、铜仁等4市10个县（区）3.3万人受灾，2人因灾死亡，200余人紧急转移安置，800余人需紧急生活救助；1500余间房屋不同程度损坏；农作物受灾面积1.7千公顷；直接经济损失近3600万元。目前，受灾地抗灾救灾工作正紧张有序展开。（记者：张晨 曾秦）,0,0,0,1556002380000
5603880036,湖北庒湮,:我发表了头条文章:《洪涝之后》 洪涝之后  利川·团堡镇 ,0,0,0,1555998480000
,湖北卫视大王小王,:#预告#21年前，长江流域发生了一次特大洪涝灾害，在抗洪抢险的过程中，他们的儿子献出了自己宝贵的生命。为了让这些烈士父母都能得到更好的照顾，王贵武先后将17位烈士的父母接到自己的身边，二十多年的照顾与陪伴，这其中又有着怎样感人的故事？更多精彩内容，敬请收看4月23日晚上九点二十《大王小王》《我和我的十八位母亲》 http://weibo.com/u/2933877023,2,0,0,1555996020000
6596870141,阿惰很好吃,:我接着上课去了 我好开心,1,0,0,1555995840000
,南京消防,:#消防知识#【遇暴雨必备攻略】暴雨是气象灾害中最严重的灾害之一，容易造成洪涝灾害，导致人员伤亡和经济损失。一旦遭遇暴雨，我们该做些什么呢？连降暴雨导致洪水，如何自救？暴雨衍生泥石流灾害怎么办？ #广州暴雨# #厦门暴雨# ,4,2,0,1555994460000
,广西日报,#广西新闻发布#【自治区应急管理厅组建以来运行情况新闻发布会】自治区政府于2019年4月23日（星期二）上午10时在广西新闻发布厅举行自治区应急管理厅组建以来运行情况新闻发布会，邀请自治区应急管理厅副厅长周运逵出席发布会并答记者问。发布会由自治区政府新闻办副主任罗联生主持。 ,1,0,0,1555994340000
3658823660,淄博水务,:#区县工作#  【市水利局到博山区检查水利工程水旱灾害防御工作】4月11日，市水利局副局长张罡带领检查组到博山区检查指导水旱灾害防御准备工作。博山区副区长李林及区水利部门负责人陪同检查。检查组一行来到淋漓湖水库，对水库大坝、溢洪道、启闭机房等设施进行了细致检查，对发现的隐患问题提出了整改意见。区水务局负责人表态，将继续严格落实水库安全运行管理制度和领导责任制等各项制度，加强对水库大坝的巡查次数，并对相关人员进行业务知识培训，切实做好水库洪涝灾害防御工作。,0,0,0,1555988460000
3243863090,迷军之路,:#新浪看点# 伊朗发生洪涝灾害，已造成近1千人伤亡，美：后面还有事等着！伊朗发生洪涝灾害，已造成近1千人伤亡，美：后面还有事等着！ ,0,0,0,1555988220000
,桂林消防119,:【#广州暴雨##厦门暴雨##厦门下冰雹#遭遇暴雨必备攻略】暴雨是气象灾害中最严重的灾害之一，容易造成洪涝灾害，导致人员伤亡和经济损失，那么一旦遭遇暴雨，我们该做些什么呢？雷雨要注意什么？连降暴雨导致洪水，如何自救呢？暴雨衍生泥石流灾害怎么办？ #消防知识在心中[超话]# ,14,10,10,1555986780000
2918371702,聚集咸宁,:#咸宁身边事# 【抗洪抢险演练】4月22日，咸宁消防救援支队在梓山湖开展全市消防救援队伍全员岗位大练兵动员誓师大会暨抗洪抢险实战拉动演练。演练针对当前强降雨天气频发实际，设定某区域发生重大洪涝灾情，设置了舟艇水上编队、水上绕障、危险化学品处置、船只火灾扑救、水面搜救、孤岛救生、无人机搜救等7个科目。通过演练，进一步提升了咸宁消防执行抗洪抢险任务的能力，为及时高效应对洪涝灾害，保障人民生命财产安全奠定了坚实基础。,0,0,0,1555986540000
,广东交通频道,:【广州暴雨致多人被困，消防成功转移52名群众】近日暴雨连绵，仅4月19日一天，广州市应急消防支队共接到8单洪涝求助警情，搜救转移52名人员。@广州消防 广东交通频道的秒拍视频 ,2,0,0,1555984920000
,咸宁新闻网官博,:#咸宁动态#【抗洪抢险演练】4月22日，咸宁消防救援支队在梓山湖开展全市消防救援队伍全员岗位大练兵动员誓师大会暨抗洪抢险实战拉动演练。演练针对当前强降雨天气频发实际，设定某区域发生重大洪涝灾情，设置了舟艇水上编队、水上绕障、危险化学品处置、船只火灾扑救、水面搜救、孤岛救生、无人机搜救等7个科目。通过演练，进一步提升了咸宁消防执行抗洪抢险任务的能力，为及时高效应对洪涝灾害，保障人民生命财产安全奠定了坚实基础。,0,0,0,1555984440000
1982421443,大善业改变命运,:#救在壹线# 在中国，洪涝、地震、凝冻等自然灾害频发。恶劣的灾后环境威胁着受灾群众的安全和健康。壹基金“救在壹线”采取“提前备灾、联合行动、快速救援”的策略，快速、专业、有效地响应灾害救援，守护灾害中人的尊严。 壹基金救在壹线 ,0,1,1,1555984200000
,都市时报,:【云南省应急厅通报一季度自然灾害情况 云南11.63万人次受灾 直接损失1.33亿元】记者22日从云南省应急厅了解到，2019年第一季度，云南自然灾害以地震、风雹、洪涝、森林火灾为主，山体崩塌、滑坡、低温冷冻和雪灾等自然灾害也有不同程度发生。各类自然灾害共造成14个州（市）34个县（市、区）11.63万人次不同程度受灾，因灾死亡4人，紧急转移安置113人次；倒塌房屋7间，严重损坏135间，一般损坏19615间；农作物受灾面积6.05千公顷，其中绝收1.5千公顷；灾害造成直接经济损失1.33亿元。http://t.cn/Ea61vf6,1,1,1,1555983000000
2466363202,甘肃白银消防,:#消防知识#【遭遇暴雨必备攻略】晴朗的天气过后，白银将迎来最少一周的阴雨天。那就不得不说说暴雨，暴雨是气象灾害中最严重的灾害之一，容易造成洪涝灾害，导致人员伤亡和经济损失，那么一旦遭遇暴雨，我们该做些什么呢？雷雨要注意什么？连降暴雨导致洪水，如何自救呢？暴雨衍生泥石流灾害怎么办？ ,0,0,0,1555982460000
2057392851,广西消防,:【#广州暴雨##厦门暴雨##厦门下冰雹#遭遇暴雨必备攻略】暴雨是气象灾害中最严重的灾害之一，容易造成洪涝灾害，导致人员伤亡和经济损失，那么一旦遭遇暴雨，我们该做些什么呢？雷雨要注意什么？连降暴雨导致洪水，如何自救呢？暴雨衍生泥石流灾害怎么办？ ,7,5,3,1555982460000
2524413584,安徽消防,:#消防知识#【#广州暴雨##厦门暴雨##厦门下冰雹#遭遇暴雨必备攻略】暴雨是气象灾害中最严重的灾害之一，容易造成洪涝灾害，导致人员伤亡和经济损失，那么一旦遭遇暴雨，我们该做些什么呢？雷雨要注意什么？连降暴雨导致洪水，如何自救呢？暴雨衍生泥石流灾害怎么办？ ,15,22,18,1555982160000
,咸宁发布,:#咸宁动态#【抗洪抢险演练】4月22日，咸宁消防救援支队在梓山湖开展全市消防救援队伍全员岗位大练兵动员誓师大会暨抗洪抢险实战拉动演练。演练针对当前强降雨天气频发实际，设定某区域发生重大洪涝灾情，设置了舟艇水上编队、水上绕障、危险化学品处置、船只火灾扑救、水面搜救、孤岛救生、无人机搜救等7个科目。通过演练，进一步提升了咸宁消防执行抗洪抢险任务的能力，为及时高效应对洪涝灾害，保障人民生命财产安全奠定了坚实基础。,0,0,0,1555981740000
2691470175,流年書心,:94年财税改革、新生人口终止分地、97金融危机、98洪涝灾害、99年大学扩招，这些事件有什么联系？财税改革后中央收入显著增加，经历两次危机后国民经济疲敝，就业岗位减少偏又赶上第二次人口高峰，为了吸纳社会闲散劳动力和失业人口，中央决定由国家出钱扩大高等教育规模，迅速扩大的教育规模带来教育质量下降，大部分农二代成了乡下无地城中无房腹中也无知识的尴尬世代。,0,0,0,1555979820000
2659630083,湖北电视台官方微博,:【咸宁消防举行全员岗位大练兵动员誓师大会暨抗洪抢险实战拉动演练】为全面做好“防大汛、抢大险、救大灾”的各项准备工作，4月22日下午，湖北省咸宁市消防支队对标对表，迅速行动，将岗位大练兵动员部署会场搬至演训一线，在咸宁市梓山湖组织开展全市消防救援队伍全员岗位大练兵动员誓师大会暨抗洪抢险实战拉动演练。誓师大会上，参演水面舟艇一字排开，70余名抗洪抢险突击队员整装列队，全体人员投身演训场，以一场实兵、实装、实景抗洪演练拉开全员岗位大练兵序幕。演练针对当前强降雨天气频发实际，设定当日下午15时咸宁市某区域发生重大洪涝灾情，咸宁市消防救援支队迅速启动《咸宁市消防支队抗洪抢险应急预案》。由消防支队全勤指挥部进行现场导调，检验队伍集结、编队出发、途中指挥、行动展开等能力。其中水上实操设置了舟艇水上编队、水上绕障、危险化学品处置、船只火灾扑救、水面搜救、孤岛救生、无人机搜救等7个科目，共出动消防指战员70余人，车辆16台次，舟艇12艘次，并调集救生、防护、破拆、照明、通信等器材200余件套。目前，咸宁消防救援支队全体消防指战员枕戈待旦，严阵以待，全面进入抗洪抢险临战状态，确保一遇险情，快速反应，快速集结，快速施救。（朱燕林）,0,0,0,1555979220000
,湖北发布,:【武汉全力迎汛备战排涝 确保大雨不内涝暴雨保功能】今年，武汉防汛排涝形势严峻。根据预测，5月至9月，全省总雨量大部偏多，可能出现阶段性强降水过程和区域性洪涝灾害。汛期，武汉城区降雨必须通过泵站提排长江。武汉排水防涝常呈现雨汛同期、外洪内涝、强度集中的特点。http://t.cn/EaXUOqZ ,1,2,0,1555978020000
5867962564,达州快播报,:#达州新闻[超话]# 【汛期要来了！预计今年达州区域性暴雨次数略偏多】今年的汛期时间为5月至9月，预计这期间达州市气候状况总体偏差，出现的区域性暴雨次数较常年正常略偏多，局地洪涝、地质灾害、城市内涝气象风险较高。夏季有强降水集中时段，易引发山洪及滑坡泥石流等灾害，同时还有一般性伏旱。 ,0,0,0,1555976700000
7019532412,用户7019532412,:由于洪涝灾害，道路损毁严重，中国海军远航访问编队医疗小组在斯里兰卡海军的协助下，先后几次转乘冲锋舟和装甲车冒着大雨前进。医护人员到达被洪水围困的临时安置点后立即展开医疗工作。（记者徐晓羽 方立华）  秒拍视频 ,0,0,0,1555964580000
3270629744,道远还通达,:,0,0,0,1555955640000
5738205884,斌临陈下-,:那些曾经的错误道路，回头再看，就像那溪水潺潺、江河滔滔的河床，哪怕心路依旧难抹去，河床长久在，都不用再害怕洪涝成灾。 南京·南京工程学院 ,1,0,0,1555948980000
5939370608,相_优,:与人争，无论是力还是理，总有不足处输人处，一生一世都难圆满。可与己较劲，却裨益长远，积攒下来的一点一滴，也是自己家底。每一次犯错，只要能够知错能改，那些曾经的错误道路，回头再看，就像那溪水潺潺、江河滔滔的河床，哪怕心路依旧难抹去，河床长久在，都不用再害怕洪涝成灾——《剑来》 ,0,0,0,1555948620000
1233207981,fighting536,:近日受第14号台风“摩羯”和第18号台风“温比亚”影响，山东省潍坊市及周边地区接连发生超强降雨，部分地区发生洪涝灾害。其中，中国蔬菜之乡——潍坊市下辖的寿光市更是遭受了自1974年以来的最大洪峰，当地超50万人受灾，大棚损毁严重。寿光洪灾现场：大棚被水浸泡面临垮塌风险 抽水机 卖断货 威海·蓝星·万象城 ,0,0,0,1555934280000
2720524751,清远交通,:【,0,1,1,1555928520000
5056926796,雷州天气,:【2019年雷州汛期天气展望】预计，2019年汛期我市总降水量偏少10-20%，且降水时空分布不均匀，龙舟水为偏轻年景，但局地可能出现大暴雨以上的极端强降水，需注意做好科学调蓄水工作；影响我市的台风3～4个，接近常年，可能遭受强台风影响，局地可能出现洪涝灾害、地质灾害，请提前做好相关准备工作，加以防范。雷州市气象台4月22日18时发布,0,1,0,1555928220000
,广东交通频道,:【广州暴雨致多人被困 消防成功转移52名群众】#广东出行大家帮# 近日暴雨连绵，仅4月19日一天，广州市应急消防支队共接到8单洪涝求助警情，搜救转移52名人员。当天上午10时许，从化消防大队江埔中队接119指挥中心调度称，从化区江埔街七星路厂后街遭遇水淹，有人被困家中等待救援。接报后，消防员立即出动，先将3名老人和1名小孩背到安全地带。之后再次返回，将有行动能力的十几名人员疏散到安全地带，逐户搜索排查完毕后才离开。@广东消防 @广州消防 http://t.cn/EaMW45L,0,0,0,1555927320000
3626387575,林杞权,:吟暴雨          林杞权骤然暴雨送余春，度步窗前难歇身。珠乱堪忧淹水库，泥深恐阻作田人。莫将沃野洪涝泛，也系菜农愁苦呻。防汛抗灾心甚急，欲飞坝上遍查巡。 ,0,0,0,1555926540000
2480516125,阿茜茜好困啊,#气象and生活# 【极端天气导致辣椒价格暴涨,1,0,0,1555924380000
5558990115,湛泸剑,:【甘肃定西市岷县发生洪涝灾害】据国家减灾中心消息：4月19日以来，受强对流天气影响，甘肃省定西市部分地区出现短时强降雨天气，引发洪涝灾害。据统计，灾害造成定西市岷县近4800人受灾，农作物受灾面积200余公顷，直接经济损失1500余万元。 ,4,3,0,1555921020000
,泰佛佑,:今年是哑年，果然可怕🙏前前后后天灾人祸发生了不少。有木有觉得今年天气很奇怪😱ི咱们不说封建，说点科学的，受到厄尔尼诺现象的影响，今年会天灾频繁出现（台风洪涝地震火灾）🙏🏻科学和迷信的结合[发抖][发抖]所以赶紧请挡灾避祸的圣物来化解化解🙏🏻 ,0,0,0,1555916400000
6072764892,茂名同城,#茂名爆料#【茂名市加快推进中心城区水浸黑点治理】针对近期我市中心城区遭遇极端强降雨出现水浸街的实际，连日来，市城管局组织施工单位采取“五加二”“白加黑”的方式，加班加点施工，对水浸黑点进行治理，以提高城市防洪抗灾能力，尽量减少洪涝灾害。茂名市加快推进中心城区水浸黑点治理 @同城小秘书 @茂名同城 ,0,0,0,1555907220000
,茂名网微博,:#茂名爆料#【茂名市加快推进中心城区水浸黑点治理】针对近期我市中心城区遭遇极端强降雨出现水浸街的实际，连日来，市城管局组织施工单位采取“五加二”“白加黑”的方式，加班加点施工，对水浸黑点进行治理，以提高城市防洪抗灾能力，尽量减少洪涝灾害。茂名市加快推进中心城区水浸黑点治理 @同城小秘书 @茂名同城 ,9,1,6,1555902240000
5562580164,数博会,:【大数据融合发展看贵州 ▏牵手大数据 东方世纪洪灾预警系统走向国际】洪涝灾害是我国发生频繁、损失严重的自然灾害。我国洪灾的整体防御体系是由防汛抗水利工程和非工程措施两大部分构成，自新中国成立以来，国家投入大量人力、物力、财力，兴修水库、加固堤防、疏浚整治河道、开辟蓄滞洪区……我国防汛抗水利工程建设取得诸多成就。相对于工程类防御体系，非工程防洪措施发展比较滞后。#大数据[超话]# http://t.cn/EaVZ10R,0,1,0,1555901880000
,淮南公安在线,:#平安淮南#【未雨绸缪勤演练，防汛救援护家园,15,25,9,1555901820000
,广宁县广播电视台,:受“4.19”强降雨影响，我县普降暴雨，局部大暴雨，造成我县部分乡镇出现洪涝灾情。县领导谢桂坤、姚灵炎、冯永忠、陈超常等分赴各受灾现场指导检查三防工作，要求各镇各部门继续做好降水及其引发的城乡积涝、山洪和泥石流、山体滑坡等地质灾害的防御工作，最大限度降低强降雨带来的影响。 http://t.cn/EaVhI7i,1,0,0,1555901460000
1982421443,大善业改变命运,:#救在壹线# 在中国，洪涝、地震、凝冻等自然灾害频发。恶劣的灾后环境威胁着受灾群众的安全和健康。壹基金“救在壹线”采取“提前备灾、联合行动、快速救援”的策略，快速、专业、有效地响应灾害救援，守护灾害中人的尊严。 壹基金救在壹线 ,0,0,0,1555900140000
5537549318,大善改变自己的命运,:#救在壹线# 在中国，洪涝、地震、凝冻等自然灾害频发。恶劣的灾后环境威胁着受灾群众的安全和健康。壹基金“救在壹线”采取“提前备灾、联合行动、快速救援”的策略，快速、专业、有效地响应灾害救援，守护灾害中人的尊严。 壹基金救在壹线 ,0,0,0,1555898280000
3163400130,国网重庆电力,:【积极应对綦江、万盛地区暴雨灾害】4月19日下午，重庆市綦江区、万盛经开区境内部分地区突降暴雨，引发山体滑坡、洪涝灾害、道路损毁等险情，主要集中在东溪镇、赶水镇、关坝镇地区，致使国网重庆綦南供电公司辖区电网多条10千伏线路支线停电，影响3个乡镇，20余个行政村居民的正常用电。险情发生后，国网重庆綦南供电公司立即启动应急预案，调配充足的抢险物资，组织工作人员连夜开展抢险救灾及恢复供电工作。同时，针对受灾严重的万盛经开区关坝镇凉风村滑坡现场，在灾害发生的第一时间，安排16名保电人员赶赴山体滑坡抢险现场，出动保电车辆3台，为凉风村降雨灾害应急处置现场指挥部安装2台应急发电机和照明设备，保障救援现场安全可靠供电。悉，此次应急抢险工作，该公司已出动10支抢修队伍，抢修人员191余人，抢修车辆80余台，发电车3台，赶赴东溪、赶水、关坝等受灾严重地区，及时进行断杆、断线损坏等抢修工作。截止21日18时，因暴雨灾害停运的所有10千伏线路和配电变压器全部投入运行，已恢复95％停电区域的供电，其余停电区域正在全力抢修恢复中。,3,5,2,1555897020000
,珠江商报,:【未来几天雨水多 出门记得带雨具】“谷雨”到，只剩倾盆的思念。连日来，顺德都是倾盆大雨，并伴随着闪电雷鸣。短暂的雨停，从上空鸟瞰云雾中的顺德颇有一番意境。记者从顺德气象部门了解到，未来4日，仍然是雨一直下。上周六上午，顺德突然黑如傍晚，随后一阵大风大雨席卷而来。周日下午，顺德再次出现了强降水，雷雨大风吓得小朋友们都捂住了耳朵。据预计，因为强对流天气，接下来一段时间天气都很不稳定，雷雨大风天气频繁，大家出门要小心了，还要做好暴雨洪涝等气象灾害以及极端天气气候事件等的防御准备。值得注意的是，国家气候中心监测表明，2018年9月进入厄尔尼诺状态，2019年1月达到厄尔尼诺事件标准。受其影响，今年以来广东省气温偏高、降水偏多，已在3月上旬入汛，提早28天。另外，根据预测，2019年南海和西太平洋生成台风有24个左右，预计登陆或严重影响广东的台风有4～5个（常年5.2个），强台风影响概率大。,0,0,0,1555896960000
3707230855,瑞安应急管理,:【中央气象台发布暴雨蓝色预警 遭遇暴雨该做些什么？】中央气象台4月19日10时发布暴雨蓝色预警：预计，4月19日14时至20日14时，广东中东部、福建中南部、江西东南部、广西东北部以及甘肃南部、陕西西南部、四川中北部、重庆西部、贵州北部、西藏东南部和台湾岛等地的部分地区有大到暴雨，其中，福建东南部、台湾岛西部等地局地有大暴雨（100～140毫米），上述部分地区伴有短时强降水、雷暴大风或冰雹等强对流天气。暴雨是气象灾害中最严重的灾害之一，容易造成洪涝灾害，导致人员伤亡和经济损失，那么一旦遭遇暴雨，我们该做些什么呢？,0,0,0,1555895520000
2358539974,换个昵称真的好难-,":刚刚看到的日本推特上有个人号称自己来自2075年，他预言中国在2021年可以操控天气，在2031年人类第一次与死人通话。就这个与死人通话，不是现在就可以了么？爷爷去世多年了，爸爸姑姑叔叔每几年就会去一个地方说去和爷爷讲话。还有评论说2031年""中国第三次世界大战，中国会没""     ",3,0,5,1555888440000
3249503640,旅途者的光,:四月樱花开又落梨花落时风正起空难火灾汽车洪涝地震爆炸……人为？自然？还是人为的自然灾害？这是一个信息的时代，也是困难时代！黎明之前的多事之秋！…… ,0,0,1,1555868040000
,长安号官微,:#融媒大直播#【气温多变需注意！西安人一天内体四季】这两天，西安的天气变化很明显的，有市民说一天之内体验到了西安的四季。那么最近两天西安的天气怎么样呢？@西安气象 （记者 师俊霞）   昨天下午我市开始刮起了大风，吹走了阳光，带来了丝丝凉意，今天早上，西安下起了小雨，西安城区的气温也下降了4～6℃，早起外出的市民在风雨的夹击中感受到阵阵凉意。记者在市气象局了解到，降雨会在下午自西向东逐渐停止，晚上将转为阴天，之后的两天，气温逐渐回升。   另外，毕旭告诉记者，今年的汛期就要到了，经中央省市气象部门会商夏季气候预测，西安市气候状况总体偏差，预测可能出现旱涝并重态势，灾害性天气防御形势严峻。   西安市气象局首席预报员毕旭：夏汛雨开始时间较常年略偏早，汛期极端天气气候事件频发且时空分布不均，短时强降水、雷雨、大风、冰雹等强对流天气诱发局地暴雨洪涝及其衍生灾害的可能性较大。,0,0,0,1555861560000
5041030847,空调大人么么哒,:广州每天大暴雨啊，超级大的大暴雨，能连着下一夜那种，已经一个多月了，如果在南阳下，不超过三天就洪涝灾害了，下半个月，就洪水了，像广州这样下一个月，估计我们都没房子住要住船上树顶上了，唉，想念我们大平原。 ,0,0,0,1555837800000
6056501680,用户6056501680,:,0,0,0,1555832040000
,佛法加持,:据国家防汛抗旱总指挥部办公室副主任束庆鹏介绍，入汛以来，全国累计有12个省份发生洪涝灾害，农作物受灾255千公顷，受灾人口481万人，因灾死亡52人，失踪32人，倒塌房屋7462间，直接经济损失约49.2亿元。其中贵州省望谟县暴雨过程因灾死亡21人、失踪31人，紧急转移4.5万余人。 ,0,0,0,1555829160000
,MD-经历风雨见彩虹,:#救在壹线# 在中国，洪涝、地震、凝冻等自然灾害频发。恶劣的灾后环境威胁着受灾群众的安全和健康。壹基金“救在壹线”采取“提前备灾、联合行动、快速救援”的策略，快速、专业、有效地响应灾害救援，守护灾害中人的尊严。 壹基金救在壹线 ,0,0,0,1555828980000
1982421443,大善业改变命运,:#救在壹线# 在中国，洪涝、地震、凝冻等自然灾害频发。恶劣的灾后环境威胁着受灾群众的安全和健康。壹基金“救在壹线”采取“提前备灾、联合行动、快速救援”的策略，快速、专业、有效地响应灾害救援，守护灾害中人的尊严。 壹基金救在壹线 ,0,0,0,1555810920000
5537549318,大善改变自己的命运,:#救在壹线# 在中国，洪涝、地震、凝冻等自然灾害频发。恶劣的灾后环境威胁着受灾群众的安全和健康。壹基金“救在壹线”采取“提前备灾、联合行动、快速救援”的策略，快速、专业、有效地响应灾害救援，守护灾害中人的尊严。 壹基金救在壹线 ,0,0,0,1555809480000
3267454731,神游天下3267454731,:《49人死亡，176人受伤，洪灾又转移到巴基斯坦，我国该注意什么？》先说最新情况，今日上午，人民日报播报，巴基斯坦遭受到了暴雨袭击，形成了洪涝灾害，到今日已经是49人死亡，176人受伤。http://t.cn/EaL3nA5 ,0,1,1,1555802220000
,爱健身的小肌菌,:强降雨致贵州多地现洪涝风雹灾害 已致2死21失踪 http://t.cn/R5R3cn5 ,0,0,0,1555776120000
6644334783,云烟深处YDF,:今天是#谷雨#∥天气：暴雨，昨晚下了一夜，今天下了一天，以至广州多地发生洪涝自然灾害，苦了群众，累了干部。 广州·钟落潭镇 ,0,0,0,1555775700000
