6699517033,M-tobetime,:@台风少年团-丁程鑫 你遇到了韩国洗剪吹？那也不能拿你怎么样,0,0,1,1559231940000
7037298824,给你一榔头锤死你,:我一直相信 U are the man.@台风少年团-姚景元 晚安 ,0,0,0,1559231940000
6615319085,特伦苏嘉伦,#用音乐说晚安# ,0,0,0,1559231880000
6794709843,用户6794709843,:#正能量偶像何昶希# 🌸  #遇见美好#🌸 ️全能艺人何昶希🌸绝美容颜醉人心🌸唱跳俱佳艺能强🌸台风独特魅力足🌸温柔可爱人缘好🌸热心善良爱公益🌸气质高贵品味佳🌸遇见你只一瞬 心动却会很久🌸 @UNINE_何昶希 ,1,0,0,1559231880000
,静静小画,:#电竞青年说# 对于一个综艺节目主持人实在是太关键了！如果只是读稿cue流程，那完全可以用大屏幕替代。为啥辩论主持还是需要一个懂辩论的人来做呢，对于电竞辩论，能穿插点电竞也是可以的，这种穿插连接使其节目成为一个整体，一场盛宴，而不是分块内容，结果只知道埋头“苦读”。,3,0,0,1559231880000
3875190569,DHKATHY,#用音乐说晚安# ,0,0,0,1559231760000
2480596294,没有不泪流2010,#用音乐说晚安# ,0,0,0,1559231760000
6984676887,奔向紙月亮-,:宝贝@台风少年团-宋亚轩  中考完来青岛 你的(沙雕)女友——我本人 北起崂山南至黄岛 保证带你浪到飞起🌊👌🏻 ,4,0,6,1559231760000
6358985811,宋哥最棒,#用音乐说晚安# ,1,0,0,1559231700000
5839716053,啊哈巴巴,#超绝可爱杨芸晴# yyq#宠物博主杨芸晴# 舞台魅力超强，唱歌特别好听的Sunnee杨芸晴@火箭少女101_Sunnee SUNNY | 完美台风~Sunnee杨芸晴纯舞台focus  ,0,1,0,1559231700000
6863168693,啵唧七七,:此博为证@忌猜心事 @台风老狗比-李飞 @星河予你 三位女士高考分最高者可获得七七的神秘爱心小礼包虽然七七穷但礼轻情意重嘻嘻,5,0,8,1559231640000
3617318344,两杯橙汁布丁,#用音乐说晚安# ,0,0,0,1559231640000
6463227228,三金军团-星芒控评战队,:#丁程鑫[超话]#✨#全优top丁程鑫[超话]#本条目标打卡100[话筒]控评央视一套【http://t.cn/AiK3I810】请每个人用8级或以上小号控评并带【丁程鑫 我永远属于你】 打卡，转发并艾特3名好友@台风少年团-丁程鑫 ,1,0,48,1559231640000
6043580260,陪你到天亮ly,:喜欢TF家族是我们的开始，看着他们不断有人走，也不断有人进来，他们每个人又何尝不难受呢，最终只剩下五子出道，那些TF老粉都很介意@台风少年团-姚景元  的加入，可是这一切不都是因为sdfj吗，何必针对他呢，他只是一个追梦的孩子，凭什么否定他的努力，希望TYT不会像他们师兄一样只有唯粉。终有一天，台风会席卷全球@台风少年团-丁程鑫  @台风少年团-马嘉祺  @台风少年团-宋亚轩  @台风少年团-姚景元  @台风少年团-刘耀文,2,0,0,1559231640000
7045006475,GTTFuture,:我哥骑车好飒～～,0,0,0,1559231580000
5219680232,奶茶可加冰,:#台风少年团[超话]#🐺 #全A偶像刘耀文# 🐺 #刘耀文[超话]#🏃元气少年开足十万马力    一心只有冲冲冲🏃@台风少年团-刘耀文 视频cr.@WolfCub_刘耀文 分享 @WolfCub_刘... 的微博小视频#刘耀文#✨#热血狼崽刘耀文#  元気100%  //《无限速》竖频5️⃣机... http://t.cn/AiK3ia3J ,4,1,6,1559231580000
6621196244,水心梦月AA,#用音乐说晚安# ,0,0,0,1559231580000
6483427535,依然爱猫捡球,:5.30和马嘉祺的第五个晚安,1,0,0,1559231580000
5863918038,龙龙龙婷子,#用音乐说晚安# ,0,0,0,1559231580000
6621196244,水心梦月AA,#用音乐说晚安# ,0,0,0,1559231580000
6076249051,Edith_Plat,:晚安了@台风少年团-马嘉祺  我最可爱，最聪明的小孩！ ,0,0,0,1559231580000
6621196244,水心梦月AA,#用音乐说晚安# ,0,0,0,1559231520000
5978660151,王小草啦,#用音乐说晚安# ,1,0,1,1559231520000
3844091748,单鹿L,#用音乐说晚安# ,0,0,0,1559231520000
6988199688,一直理智一直爽,#用音乐说晚安# ,0,0,0,1559231520000
3480103771,树苗七年没长高,:#马嘉祺[超话]#🦄#马嘉祺 月白星紫# 夏.夜.出.逃等.一.阵.风@台风少年团-马嘉祺 ,19,1,4,1559231520000
6550845863,不悦65928,#用音乐说晚安# ,0,0,0,1559231460000
,into星心之城,#用音乐说晚安# ,0,0,0,1559231460000
6621196244,水心梦月AA,#用音乐说晚安# ,0,0,0,1559231400000
5462573100,那个祺甜度满分,:我觉得现在的你很幸福吧  😘  @台风少年团-马嘉祺 ,0,0,0,1559231400000
6995910625,果冻呀jelly3,#用音乐说晚安# ,0,0,0,1559231400000
6621196244,水心梦月AA,#用音乐说晚安# ,0,0,0,1559231400000
5597732473,唯爱Cris,张云雷 《探清水河》+《送情郎》哈哈这是郭的秀救场临时唱的,0,0,0,1559231400000
3252451174,酸醋鱼罢了,#用音乐说晚安# ,0,0,0,1559231340000
6591619458,syx·半熟芝士,:我也不催发博啦@台风少年团-宋亚轩 ,1,0,0,1559231340000
6077949234,波妞的玻璃罐,#用音乐说晚安# ,0,0,0,1559231340000
6034506403,七号太阳,#用音乐说晚安# ,0,0,0,1559231340000
6639852970,伊锡立恩,#台风少年团[超话]##TYT VJ接力##typhoonvlog#首尔分队（宝贵的）休息日！【TYT】VJ接力 今日VJ马嘉祺台风少年团的秒拍视频 ,1,0,0,1559231340000
5865955605,拜托你们要好好在一起哦,:#文鑫[超话]# @ 台风少年团-刘耀文 文哥！你看看人家盯的契而不舍终于换来对视！你看看你就知道吃！哎 好好思考怎样才能抱得美人归[加油] ,24,0,2,1559231340000
5484669608,JM君秀,:#2020考研打卡##考研倒计时# 距考研还有:205Day 21看了刘欣与FOX主播Trish的约辩，又听了夏鹏老师的讲解，有几点感受:在整场辩论中，刘欣的台风一直很稳，坚持自己的风格，对问题的回应也很优雅大气。刘欣在Twitter上与Trish约定，在FOX的地盘上进行约辩，阵地选的非常恰当，刘欣辩论的目的在于让更多的美国人了解中国在贸易战中的立场和应对方法，以及争取美国处在中间立场的大多数人群。而且对于刘欣来说，这场辩论最大的压力，来自于她国家媒体的身份。所以在辩论开始之前，在Twitter上，刘欣率先表明以个人身份参战。来减轻美国民众对中国国家媒体力量的警惕、迁怒。其实，我对这场约辩最深刻的感受是，中国外宣媒体的自我转变，以前外宣媒体大多是自说自话，而现在已经开始用一种国际化的心态，正视矛盾、拥抱冲突、构建共识，用一种宽容大气的姿态展示大国的风采。2019-5-30,1,0,0,1559231280000
6621196244,水心梦月AA,#用音乐说晚安# ,0,0,0,1559231280000
1998514811,小燕-籽,#用音乐说晚安# ,0,0,0,1559231280000
6639852970,伊锡立恩,#台风少年团[超话]##TYT VJ接力##typhoonvlog#首尔分队（宝贵的）休息日！【TYT】VJ接力 今日VJ马嘉祺台风少年团的秒拍视频 ,1,0,0,1559231280000
6639852970,伊锡立恩,#台风少年团[超话]##TYT VJ接力##typhoonvlog#首尔分队（宝贵的）休息日！【TYT】VJ接力 今日VJ马嘉祺台风少年团的秒拍视频 ,0,0,0,1559231280000
7007131161,果冻呀jelly4,#用音乐说晚安# ,0,0,0,1559231280000
5814849921,酱紫祺,:2019.05.30 夜  小雨在阳台上想了很久很多东西是需要自己努力去争取的，没有不努力就成功的人，成功的人是一步一步克服困难的小目标:成为一个不胆怯的人，可以在众人面前自信说话的人。我会过好属于自己的人生的@台风少年团-马嘉祺 @TFBOYS-王俊凯 ,0,0,0,1559231280000
,由希v,:@TF家族-敖子逸 @台风少年团-宋亚轩 希望明天有好消息,1,0,0,1559231220000
1111258525,钰柔169,:虽然每年都要经历好多个台风，但是我们有一群防台防汛的虎狼之师，他们时刻准备好保护人民群众的生命财产安全#记录世界 记录你# 幸福福鼎的快手视频 ,1,0,0,1559231220000
7096175036,翊祺去未来,:#钻石主唱马嘉祺[超话]#[月亮]#马嘉祺 不过三定律# 5.30 晚安！马嘉祺mjq／马嘉祺 依然爱你／全能top马嘉祺／南山归月马嘉祺／马嘉祺表情包／马嘉祺同款／马嘉祺 消防知识／马嘉祺腹肌／马嘉祺 快意／马嘉祺 澄清／马嘉祺 狼少年／马嘉祺腿／马嘉祺柴犬／马嘉祺春晚／马嘉祺 正能量／马嘉祺语录／马嘉祺 演唱  / 马嘉祺 摄影 / 马嘉祺 vlog / 马嘉祺 清唱 / 马嘉祺 青苹果乐园 / 钻石主唱马嘉祺 / 舞台范本马嘉祺 / 马嘉祺 保留 / 马嘉祺 翻唱@台风少年团-马嘉祺,2,0,15,1559231220000
7068434532,浅夏初眠1,#用音乐说晚安# ,0,0,0,1559231220000
1998514811,小燕-籽,:@台风少年团-宋亚轩 我在#明星势力榜#新星榜上为你加油啦，你是我今生唯一的执著哦。棒棒哒！明星势力榜第39位 图源水印 ,1,0,0,1559231160000
5521496384,阿呢七,#台风少年团[超话]##TYT VJ接力##typhoonvlog#首尔分队（宝贵的）休息日！【TYT】VJ接力 今日VJ马嘉祺台风少年团的秒拍视频 ,2,0,0,1559231160000
5510731248,佳七姐姐,#用音乐说晚安# ,0,0,0,1559231160000
6621196244,水心梦月AA,#用音乐说晚安# ,0,0,0,1559231160000
5833910405,阿宋的小鱼儿,#用音乐说晚安# ,0,0,0,1559231160000
5381334752,sgr199604,:要好好等你呀～@台风少年团-马嘉祺 ,0,0,0,1559231100000
7068494292,宋氏一家人,#用音乐说晚安# ,0,0,0,1559231100000
7112057727,山东宋懵懵,#用音乐说晚安# ,0,0,0,1559231100000
6473595868,小丸子本人201204,:@台风少年团-宋亚轩 我在#明星势力榜#新星榜上为你加油啦，你是我今生唯一的执著哦。棒棒哒！明星势力榜第39位 图源水印 ,0,0,0,1559231100000
,是之可否,:#台风少年团[超话]#好啦！宝贝们要早点休息啦！不要忘记芒果崽的活动哦！ ,0,0,0,1559231100000
1793075251,舞台下的VIP,#用音乐说晚安# ,0,0,0,1559231100000
6092079690,不是小_号嗯,#用音乐说晚安# ,0,0,0,1559231040000
6219232848,薄荷奶糖七分甜,#用音乐说晚安# ,0,0,0,1559231040000
2201668700,spexial小米,#台风少年团[超话]##TYT VJ接力##typhoonvlog#首尔分队（宝贵的）休息日！【TYT】VJ接力 今日VJ马嘉祺台风少年团的秒拍视频 ,0,0,0,1559231040000
5361937770,加油-2019_49069,#台风少年团[超话]##TYT VJ接力##typhoonvlog#首尔分队（宝贵的）休息日！【TYT】VJ接力 今日VJ马嘉祺台风少年团的秒拍视频 ,0,0,0,1559231040000
5863180365,孤獨患者_autism,#用音乐说晚安# ,0,0,0,1559231040000
2701002761,欢喜赵北北,:所有的建设再一次瞬间崩塌地震和台风再一次光临寒舍想念我去年入手的盆景了当时许的愿望是新的一年好过一点，一点没实现新的一年，就是更难过的一年（我的云片松，没有扛过寒冷的冬天,1,0,0,1559230980000
7068434532,浅夏初眠1,#用音乐说晚安# ,0,0,0,1559230980000
6591619458,syx·半熟芝士,#用音乐说晚安# ,0,0,0,1559230980000
5858118004,直男在洗澡,#羽坛花絮# 石宇奇亲自演唱哦@石宇奇_  赢德体育的微博视频 ,0,0,0,1559230920000
5760772772,猫捡球起祺呀,#台风少年团[超话]##TYT VJ接力##typhoonvlog#首尔分队（宝贵的）休息日！【TYT】VJ接力 今日VJ马嘉祺台风少年团的秒拍视频 ,0,0,0,1559230920000
6485050112,奔跑的柠檬兔,:今天还是没有等到bb发微博,0,0,0,1559230920000
6664591414,雪沫021212,看见美的瞬间，迫不及待想与你们分享的心情，叫什么呢？ ,0,0,0,1559230920000
6431958266,火山上的热可可,:马老师在韩的第二十三天，晚安好梦🌙 @台风少年团-马嘉祺 ,0,0,0,1559230920000
6293588619,马嘉祺后援会官博,#用音乐说晚安# ,146,92,52,1559230860000
3290456987,二粒儿向烊生长,:#少年不独行[超话]#[兔子]#台风少年团[超话]#我爱在汉江边夜骑单车的少年愿你们每天都能有此笑颜@台风少年团-丁程鑫@台风少年团-马嘉祺 @台风少年团-刘耀文 请问，可以载我吗[羞嗒嗒]或者，我载你们也行,11,0,4,1559230800000
2864693963,春季珍藏可,:#张颜齐[超话]#🙈 #张颜齐创造营2019#   真实追星新粉，第一次这么zqsg 追星，谈谈自己的感受吧。看第一期的时候就被人体弹幕张颜齐吸引，可能我本质是个搞相声演员的吧，但说实话那时候要我🍊 ，我可能还会嘲笑一番，都一把年纪了还搞这种小年轻的东西。第二期贰十和张颜齐的发言让我知道这个男生挺有思想的，看The  monster 真真被惊艳，小孩台风真的挺稳的。悟空A 是我到现在都觉得是最炸的舞台，双rap 真的很燃，小孩不会跳舞，他在前面表现的确实是不会跳舞的搞笑样子，但是看悟空直拍我这个学舞十几年的真实告诉你，没有粉丝滤镜，我们小孩就是没拖后腿，反而这首歌因为他跟周震南的rap 更加出彩了！然后是滨河东路和给爱，滨河东路很好听，但功劳大多是vocal 的，又凶又骚的妖娆多少有点被封印了，但是我在给爱看到小孩在跳舞方面又有进步，而且最后一句是真的好听！少年之时的词，我又重新感叹张颜齐真的好有文化一男的！今天忍不住🍊 了三次，可能只是杯水车薪，但是我真的想告诉大家我们张颜齐是值得的。他是这个夏日的惊喜。不是某些人所说的不需要的rapper ，他的舞蹈和vocal 不拖后腿，而且一次又一次在进步，他的rap和他的词让舞台更加惊艳！[无限手套]我们小猴子凭什么怂？我们粉了一个这么好的爱豆凭什么白白被别人按在地上摩擦？是我们不会写小作文不会battle 吗？昨天我们超话battle 反讽用的不是挺好的嘛？rapper 的粉丝要peace ＆love，也要热血和硬气！我们是哥哥的脊梁我们不能弯！,31,0,36,1559230740000
5866450657,比个馒头宋给你,:@台风少年团-宋亚轩 我在#明星势力榜#新星榜上为你加油啦，你是我今生唯一的执著哦。棒棒哒！明星势力榜第39位 图源水印 ,0,0,0,1559230740000
6835304662,用户6835304662,:98年的连淮伟带着满满的少年气息，台下可爱活跃，台上耀眼吸睛，台风超赞，帅气十足，呆萌可爱。加油，连淮伟！我们会一直陪着你的！@我是连淮伟 ,0,0,0,1559230740000
,是之可否,:#台风少年团[超话]##马嘉祺[超话]#马嘉祺你的腿是有多长？ ,5,0,3,1559230680000
6753557340,0224晴,:66全优top丁程[超话]##丁程鑫 神仙卧蚕##丁程鑫 苏神细腰# 晚好求踩！@台风少年团-丁程鑫 丁程鑫 桃花笑眼 神仙卧蚕 狐狸眼睫 朱砂苏痣 齿如含贝 糯米软舌 蜜糖腹肌 苏神细腰 夏天请多露腿 dcx ,0,10,25,1559230620000
5555640501,甘四十二味,:万青共和国-常冬常冬是一个位于共和国南方的沿海城市，气候炎热，常有台风。该市由于历史因素，人种混杂，黑社会多，治安差。该市人工智能落后，仿生人少，但较邻居城市中岛来说对鬼神更加开放。该市百分之五十四的种族为鬼神，人类是少数民族。 ,4,0,4,1559230620000
6448835959,茶茶很美好吶,:#Justin黄明昊密室大逃脱##Justin黄明昊代言雀巢咖啡特调系列# 是不陷世俗的纯真少年 是才华无限的实力偶像 人有千面 昊哥百变 唱跳全能 台风炸裂的魅力少年 黄明昊@jjjustin0219 ,0,0,0,1559230560000
6753557291,摔了一跤的吧唧,:6全优top丁程[超话]##丁程鑫 神仙卧蚕##丁程鑫 苏神细腰# 晚好求踩！@台风少年团-丁程鑫 丁程鑫 桃花笑眼 神仙卧蚕 狐狸眼睫 朱砂苏痣 齿如含贝 糯米软舌 蜜糖腹肌 苏神细腰 夏天请多露腿 dcx ,0,10,24,1559230560000
7086250118,开心追鑫,晚间街头🕺🏻 台风少年团-丁程鑫的秒拍视频 ,0,0,0,1559230560000
6859217310,祺祎琦,:今天的VJ真的很棒嘉祺棒棒哒,0,0,0,1559230560000
6753557359,昨夜有224颗星星,:5全优top丁程[超话]##丁程鑫 神仙卧蚕##丁程鑫 苏神细腰# 晚好求踩！@台风少年团-丁程鑫 丁程鑫 桃花笑眼 神仙卧蚕 狐狸眼睫 朱砂苏痣 齿如含贝 糯米软舌 蜜糖腹肌 苏神细腰 夏天请多露腿 dcx ,0,10,23,1559230560000
6468147905,马嘉祺的伯伦希尔号,:#马嘉祺 第一次遇见# ,30,1,8,1559230500000
6202497590,透明人間Airiri,:#刘耀文[超话]#今日份例行晚安找到两张名为《帅哥不耐烦》的旧图好A!剪了头发更帅了!我好想他啊!晚安🌙@台风少年团-刘耀文 ,39,6,8,1559230500000
5710817025,会变的星星,:#丁程鑫[超话]#吃东西的样子好可   萌[兔子]@台风少年团-丁程鑫 ,51,21,1,1559230500000
7141022252,啾啾啾39686,晚间街头🕺🏻 台风少年团-丁程鑫的秒拍视频 ,0,0,0,1559230440000
6721412076,奶狼加糖,:@台风少年团-刘耀文 宝贝晚安,1,0,0,1559230440000
7098449812,快开学了宁,感受一下为舞台而生的李振宁，业务能力表情管理能力均满分，太撩了~,0,0,0,1559230440000
3257105641,小败笔_执念而已,:#台风少年团[超话]#表白我粉的沙雕男团[允悲]TYT冲鸭！ ,30,1,11,1559230380000
6472289986,小丸子的姐姐_,:@台风少年团-宋亚轩 我在#明星势力榜#新星榜上为你加油啦，你是我今生唯一的执著哦。棒棒哒！明星势力榜第39位 图cr logo#天生歌者宋亚轩# ,1,0,0,1559230380000
2606545241,六元千层,:晚安🌙@台风少年团-宋亚轩 ,0,0,0,1559230320000
6557210067,TYT今天爆红了吗,#台风少年团[超话]##TYT VJ接力##typhoonvlog#首尔分队（宝贵的）休息日！【TYT】VJ接力 今日VJ马嘉祺台风少年团的秒拍视频 ,1,0,0,1559230320000
,HoonyCafe姜成勋蜜糖罐,:【HoonyCafe告白】#531姜成勋solo出道18周年# 非常感谢大家的支持我们又收到了老朋友@萧枕河 的祝福是我们百变欧巴的18个（不用说一定是她心心念的,120,31,10,1559230260000
7032799493,糖水小甜甜,:@台风少年团 @TF家族 vlog是结束了吗，会巡二轮吗,0,0,0,1559230260000
5219075508,亚仙鱼阁,:@台风少年团-宋亚轩 宝贝发个微博吧,0,0,0,1559230200000
6597362715,哇哦研究站,:#马嘉祺[超话]#🍃 #马嘉祺 首尔# 📷 🚲 🔛 @台风少年团-马嘉祺 ,64,6,15,1559230200000
3833626769,噗噜噗噜皮嗑丸,:说到夏天最先想到的词台风 扭扭薯条 炸大桥 ,2,0,0,1559230200000
5231781596,半岛有个盒,:#刘耀文[超话]# [米奇比心]#刘耀文 13岁热血首尔# 小吻的骑单车环江之旅🚴54s开始的那个笑 他真的好开心呀,53,7,1,1559230200000
5611564706,77翊祺去未来,:#钻石主唱马嘉祺[超话]#[月亮]#马嘉祺 不过三定律# 5.30 大家晚安啦！马嘉祺mjq／马嘉祺 依然爱你／全能top马嘉祺／南山归月马嘉祺／马嘉祺表情包／马嘉祺同款／马嘉祺 消防知识／马嘉祺腹肌／马嘉祺 快意／马嘉祺 澄清／马嘉祺 狼少年／马嘉祺腿／马嘉祺柴犬／马嘉祺春晚／马嘉祺 正能量／马嘉祺语录／马嘉祺 演唱  / 马嘉祺 摄影 / 马嘉祺 vlog / 马嘉祺 清唱 / 马嘉祺 青苹果乐园 / 钻石主唱马嘉祺 / 舞台范本马嘉祺 / 马嘉祺 保留 / 马嘉祺 翻唱@台风少年团-马嘉祺,2,0,15,1559230200000
,央视一套,:#用音乐说晚安# ,478,628,513,1559230200000
5533837635,無限期戀愛·,排成一排睡觉~Instagram：shiba_roma#柴犬[超话]# #萌宠[超话]# 柴了个狗的秒拍视频 ,0,1,0,1559230140000
,你的小虎牙着凉啦,:其实…妈咪觉得新发型挺好看诶 很清爽的感觉！！！so…宝贝拿开你的帽子！！@台风少年团-丁程鑫 快给妈咪看你的新发型！ ,1,0,0,1559230140000
6569059345,姜糖昊奶,:#黄明昊单曲Liar#,0,0,0,1559230080000
6501865935,用户6501865935,:转 // #天天快报# 《7万吨的海上巨兽，9门主炮同时开火能震晕数百士兵，堪比台风》 微信扫一扫 下载天天快报客户端 ,0,0,0,1559230080000
6391252303,用拉丁文写咒语啦啦呜,剪豁了锅盖的小傻子沉迷在自己的世界里默默吃饭 仿佛失去全世界一样神情恍惚真的太可爱了 ,2,1,0,1559230080000
6988199688,一直理智一直爽,:#丁程鑫 神仙卧蚕##丁程鑫 苏神细腰# 笑死了卧蚕就出来啦@台风少年团-丁程鑫 ,0,0,0,1559230020000
,TF家族后援会四川分会,:对方不想和你说话，并向你扔了一首#亚洲新歌榜#上@台风少年团 的新歌 热血的愿望 ,0,0,0,1559230020000
6157627090,祺时是你,:#钻石主唱马嘉祺[超话]#星期五早上好！！今日求💦 💦 💦 马嘉祺 钢琴/马嘉祺 依然爱你/马嘉祺 快意/台风少年团top马嘉祺/马嘉祺focus/马嘉祺霍元甲/马嘉祺我想我不够好/马嘉祺 路演/马嘉祺小星星/国风少年马嘉祺/马嘉祺 小半/马嘉祺 读信/马嘉祺 狼少年/马嘉祺 柴犬/马嘉祺 公益/马嘉祺 追光者/马嘉祺 梦相加/马嘉祺 致青春@台风少年团-马嘉祺,1,0,22,1558655340000
3153569660,你的小豹同学,:和朋友提到福清街上的芒果树。我想起，去年的台风天，我在街上被风刮下来的芒果爆了头……尽管被芒果爆头，仍不妨碍我想吃芒果，并且对满地碎泥的芒果感到可惜，因此我开玩笑地问可以去街上捡芒果吃吗，却被告知:每天吸尾气生的芒果根本就不能吃呀。稍后，台风略为平息的时候，我们透过窗户往街上看，一个女人推着自行车，她和她的孩子，挑拣地上的芒果中的完好者放进车篮里。——不是说，这些芒果不能吃吗？——可是芒果一直挺贵的。——好像是。——那个应该是打工的外地人。所以生活在我眼里就有了这一种样子:我缩在被打湿的玻璃窗后面，看到街上下着芒果雨……,5,0,1,1558654440000
,7号楼的小柴犬,:#钻石主唱马嘉祺[超话]#💜#马嘉祺 满分舞蹈# 马嘉祺mjq／马嘉祺 依然爱你／全能top马嘉祺／南山归月马嘉祺／马嘉祺表情包／马嘉祺同款／马嘉祺 消防知识／马嘉祺腹肌／马嘉祺 快意／马嘉祺 澄清／马嘉祺 狼少年／马嘉祺腿／马嘉祺柴犬／马嘉祺春晚／马嘉祺 正能量／马嘉祺语录／马嘉祺 演唱会@台风少年团-马嘉祺 @台风少年团-马嘉祺 @台风少年团-马嘉祺,0,0,11,1558653300000
6340953575,马海猫_,:#钻石主唱马嘉祺[超话]# 早安喵🕺🏻马嘉祺mjq／马嘉祺 经典永流传 / 马嘉祺 依然爱你／全能top马嘉祺／南山归月马嘉祺／马嘉祺表情包／马嘉祺同款／马嘉祺 朱雀街／马嘉祺腹肌／马嘉祺 快意／马嘉祺 澄清／马嘉祺 狼少年／马嘉祺腿／马嘉祺柴犬／马嘉祺春晚／马嘉祺 正能量／马嘉祺语录／马嘉祺 演唱会@台风少年团-马嘉祺 @台风少年团-马嘉祺 @台风少年团-马嘉祺,1,0,20,1558651560000
6042105238,听听听你唱,:何大河《猪老三》何大河出生于湖北省武汉市，上小学时开始接触流行音乐，15岁便开始写歌，高中时又接触了摇滚、民谣。2013年，他从武汉一所高中毕业，并考入了美国南加州大学 ，除了主修工商管理专业，同时还选修了设计、天文课程，这也导致了毕业时间延迟 。歌词很有故事性，很有画面感。几处用词很亮，比如酒塞满杯，杯装满泪，秋变春分。最后一句好像看到了漫天的花海。编曲一般，只能说勉强够用。如果不是这两年民谣有些泛滥加上一些民谣歌手负面曝光，导致民谣这两个字有些变味，这首歌应该能获得更多赞。至于台风，有人觉得自由洒脱，有人觉得矫揉造作，我个人觉得这首歌跟台风挺搭。另，此人面有淫相。最后，我觉得是首好歌，虽不是所谓的小米粥，倒也肥而不腻。 http://t.cn/E9HoDpa,5,2,0,1558641480000
6276754417,粉红江格斯乡,:编辑文案的此刻是5月24日凌晨3:35真的好热  我已经被热醒11分钟了 宿舍的电风扇xī li huang dāng声音超大却只能吹到努力伸出床外的一只脚  可真是丝丝丝丝丝丝丝丝丝丝凉意 翻身都没有气体流动一样 实在忍不了了 下床站在床梯上享受电扇下的短暂温度  阳台的门居然被关死了 凌晨的阳台风也吹的吝啬无比 我告诉了爸爸妈妈我好热发表了说说我好热 但是大家可能都在享受空调睡着安稳的觉  我关了电扇 上床编辑文案 翻身仍然是那么热,4,0,5,1558641060000
6391003962,M慕斯嘉亓_Quality,:谢谢你在很忙的时候还会和我们叨叨叨聊一大堆的事情说快了还会口胡233333不好意思时的样子很可爱最近我也很忙，都没什么时间上微博一系列的事情真的快把我搞晕了熬夜查资料都成这段时间的常态了效率不高的时候也会很烦躁，丧完继续忙不过看到自己的任务备忘录里一件件事情逐渐减少的时候会觉得很满足很欣慰…………好了，很晚了，该说晚安了，好梦,0,0,0,1558627980000
5855823719,121277柴小祺,:分享单曲 http://t.cn/E9TKfd0 (@网易云音乐)             不要把自己逼太紧，适当放松，在我心里你非常棒非常完美，我不想看你把自己逼太紧，不想看你给自己那么多压力，我心疼，你看你今天讲话都那么赶，气都喘不上，慢慢说不急，你讲那么快我心疼，你也累，也喘不上气儿，记住时间虽然走得快，但是你停下来一小会儿，你就会发现不一样的收获，得到不同的东西，不许熬夜晚安，不管发生了什么，我都永远在你身边，站在你身边，对你不离不弃，晚安，我等你下次的惊喜,0,0,0,1558626720000
6861932165,二十四桥明月夜_530,:#宋亚轩[超话]# [挤眼]#颜霸主唱宋亚轩[超话]# 【宋亚轩】【宋亚轩 syx】【天生歌者宋亚轩】【台风少年团第一主唱宋亚轩】【台风少年团宋亚轩】[兔子]晚安宋亚轩#宋亚轩##湖南卫视航天晚会##第一主唱宋亚轩##台风少年团宋亚轩##宋亚轩同款##颜霸主唱宋亚轩##宋亚轩航班##宋亚轩 央视五一晚会# @台风少年团-宋亚轩,2,0,0,1558625520000
5414470184,四木_礻其,:#马嘉祺[超话]##马嘉祺 时差一小时# 今天是你走的第16天，异国恋的第16天。我一直都不是那么幸运的人，投胎技术不过硬 ，兑奖券永远只能刮出谢谢，喜欢的人总是看不见我，也不知道要努力多久才能变成自己喜欢的样子，或许人生写到结尾 故事都平淡无趣，但因为平凡太久 就容易为小事满足，我最好的运气 就是很久很久以前，遇见了自己 和你，这么多年，还没放弃。嘉祺，晚安啊[心]@台风少年团-马嘉祺,1,0,0,1558625280000
6505098883,东方s之风云,:#宋亚轩##湖南卫视航天晚会##第一主唱宋亚轩##台风少年团宋亚轩##宋亚轩同款##颜霸主唱宋亚轩##宋亚轩航班##宋亚轩 央视五一晚会#⭐️宋亚轩 syx第一主唱宋亚轩宋亚轩 追梦赤子心宋亚轩 开到荼靡宋亚轩 音乐大师课宋亚轩 铿锵玫瑰宋亚轩 野子宋亚轩 不醉不会宋亚轩 易燃易爆炸宋亚轩 赤裸裸宋亚轩 爱的海洋宋亚轩 夜空中最亮的【颜霸主唱宋亚轩】【天生歌者宋亚轩】【台风少年团宋亚轩】,1,0,0,1558625160000
5304951513,肆意沉溺,:是太久没和我们分享生活的宝贝了语速加快迫不及待在视频那一端碎碎念的样子，我永远遭不住这种远远区别于任何其他所谓爱豆和粉丝之间的东西，琐碎的日常，偶然的心情变化，昨天想吃什么东西了，今天骑自行车很愉快，水族馆的隧道没去成很可惜……就像你真实的存在于我的生活中，是一个再熟稔随意不过的老朋友不管我跑得再远，你一开口，我就回来了@台风少年团-马嘉祺,4,0,0,1558624920000
5837856722,v小漂亮,:#宋亚轩#台风少年团宋亚轩【第一主唱】【门面担当】【台风金句王】【摇滚小王子】日常沉默，却常常语出惊人🌟面相乖巧，却常常被他魔性笑声感染🌟自带反差萌的少年@台风少年团-宋亚轩 ，值得你们了解一下~【宋亚轩】【宋亚轩 syx】【天生歌者宋亚轩】【台风少年团第一主唱宋亚轩】【台风少年团宋亚轩】 ,0,0,0,1558624920000
6528203430,agxl1890,:台风少年团宋亚轩【第一主唱】【门面担当】【台风金句王】【摇滚小王子】日常沉默，却常常语出惊人🌟面相乖巧，却常常被他魔性笑声感染🌟自带反差萌的少年@台风少年团-宋亚轩 ，值得你们了解一下~【宋亚轩】【宋亚轩 syx】【天生歌者宋亚轩】【台风少年团第一主唱宋亚轩】【台风少年团宋亚轩】 ,0,0,0,1558624920000
2383191827,马小祺_,:@台风少年团-马嘉祺 我在#明星势力榜#新星榜上为你加油啦，你是我今生唯一的执著哦。棒棒哒！明星势力榜第22位  ,0,0,0,1559229720000
7140996704,用户7140996704,晚间街头🕺🏻 台风少年团-丁程鑫的秒拍视频 ,0,0,0,1559229720000
7142553334,用户7142553334,晚间街头🕺🏻 台风少年团-丁程鑫的秒拍视频 ,0,0,0,1559229720000
6794807544,用户6794807544,:连淮伟⚡lhw【连淮伟种花】【连淮伟OPPO满分青年品牌大使】💫【连淮伟国潮音乐节】【连淮伟天天向上】💫【连淮伟未来可期】【连淮伟找名字】💫【连淮伟一家人整整齐齐】【连淮伟0318生日快乐】💫【连淮伟 快乐源泉】【连淮伟表情包】💫【连淮伟青春有你】连淮伟⚡lhw【连淮伟 可爱】【连淮伟 直拍】💫【连淮伟 舞蹈】【连淮伟 隔壁泰山直拍】💫【连淮伟 sweet girl】【连淮伟 实力】💫【连淮伟 铁凶】【连淮伟 明星的诞生】💫【连淮伟 明日之子】【连淮伟 台风】💫【连淮伟 不要举铁】【连淮伟 淮梦红】@我是连淮伟,0,0,0,1559229720000
3816152586,TF家族后援会重庆分会,#台风少年团[超话]##TYT VJ接力##typhoonvlog#首尔分队（宝贵的）休息日！【TYT】VJ接力 今日VJ马嘉祺台风少年团的秒拍视频 ,2,0,0,1559229720000
2720863233,TF家族后援会,#台风少年团[超话]##TYT VJ接力##typhoonvlog#首尔分队（宝贵的）休息日！【TYT】VJ接力 今日VJ马嘉祺台风少年团的秒拍视频 ,272,6,4,1559229660000
3844091748,单鹿L,:减了刘海的程程感觉好嫩好奶好乖啊！ ,1,0,0,1559229600000
6613831047,狗屠家的二狗,:#姚景元[超话]#今天也是想景元的一天@台风少年团-姚景元  景元什么时候回来啊[允悲] ,17,3,6,1559229540000
6326455929,瞌睡病毒库,:@台风少年团-刘耀文 明明剪完头就特别帅啊 发发自拍呗帅哥文哥是什么游戏天才 玩啥都赢唉！呜呜真的太好看了想和你一起去水族馆 去江边夜骑爱你 晚安 ,0,0,0,1559229540000
2192288637,白兰都因,:#马嘉祺[超话]# [米妮爱你]#马嘉祺 第一次遇见# 这个vlog应该是小马自己剪的！参考之前“我的周末”vlog，分屏和小标题大字的风格都很像，最后的晚安语还有句号➕月亮～@台风少年团-马嘉祺 ,9,0,7,1559229540000
,是之可否,:#台风少年团[超话]#啊我死了！“文哥”“丁哥”啊祺祺要不要叫我老婆,1,0,2,1559229540000
5839465569,Fayeboyz,:好看的人总是能够在一瞬间吸引众人的眼球，特别是在校园，那种众星捧月的感觉真令人羡慕。他们穿着运动塑身衣，胸肌腹肌肱二头肌像是要从尼龙的布料里爆出来，希腊雕像版的面孔和身材，一出生就成为台风中心，得不到也成为不了。 ,0,0,1,1559229480000
5232758677,coolxii,张云雷 《探清水河》+《送情郎》哈哈这是郭的秀救场临时唱的,0,0,0,1559229480000
6568400860,白桃苏打汽泡水,:🍓台风少年团宋亚轩🍓【第一主唱】【天籁主唱】【天生歌者】【高音小王子】【和音大户】【转音王者】【行走的CD】【盐甜皆宜】【假奶少年】【金句王子】了解一下👌@台风少年团-宋亚轩    #宋亚轩##湖南卫视航天晚会##第一主唱宋亚轩##台风少年团宋亚轩##宋亚轩同款##颜霸主唱宋亚轩##宋亚轩航班##宋亚轩 央视五一晚会##Wake up-姚景元;丁程鑫;TF家族新生-马嘉祺;TF家族新生-宋亚轩;刘耀文[音乐]#,0,0,0,1558613820000
5453276918,全额奖金,:#马嘉祺 原创# ,0,0,20,1558008840000
2319700460,仓鼠家的小竹马,:#刘耀文[超话]##刘耀文点亮公益轨迹[超话]##养成之光刘耀文[超话]##全a偶像刘耀文# 5.16粉丝会 @台风少年团-刘耀文 自己：780+100+100+100＝108079🐭：37×90+35×80+7×70＝6620一共1080+6620＝7700ps.截图太多我就不一一放了【全A偶像刘耀文】【热血狼崽刘耀文】【舞台体质刘耀文】【黄金比例刘耀文】【台风少年团 刘耀文】【刘耀文 有没有】【刘耀文 万里长城】【刘耀文 少年郎】【刘耀文 狼少年】【刘耀文 魔法城堡】【刘耀文 turn up】【刘耀文 骑士宣言】【刘耀文 同款】【刘耀文 表情包】【刘耀文 公益】,0,0,2,1558008600000
,江淮气象,:【淮河防总：淮河流域局地发生洪涝的可能性较大 】记者14日从淮河防汛抗旱总指挥部2019年工作会议上获悉，预计今年淮河流域降雨较常年同期偏多，汛期降水总体呈“南多北少”的趋势，局地发生洪涝的可能性较大。此次会议由水利部、淮河防总在安徽省蚌埠市召开。水利部副部长蒋旭光在会上介绍说，据初步分析，今年我国气象水文年景总体偏差，极端事件偏多，旱涝灾害较重，台风登陆可能偏强，影响总体偏重。记者了解到，预计淮河流域2019年主汛期（6月-8月）总降水量较常年偏多，除西北部降水偏少外，其余大部分地区降水偏多，其中南部地区（淮河上游、沿淮淮河以南、大别山区及里下河地区）偏多2成以上。降水阶段性特征明显，6月中下旬进入雨季，预计流域南部地区洪涝或内涝较重。“2007年以来，淮河已有11年未发生流域性大洪水，发生流域性大洪水的几率和风险在不断增大。”水利部淮河水利委员会主任、淮河防总常务副总指挥肖幼说，今年要确保淮河干流和重要支流、大型和重点中型水库、大中城市的防洪安全，努力保证中小河流和一般中小型水库安全度汛，全力保障人民群众生命安全和城乡居民生活用水安全，最大程度减轻洪涝干旱台风灾害损失。,2,1,5,1558001220000
,武汉体育学院,:#武体那些事儿# 【运训学院第六届梦想之声复赛圆满成功】5月13日下午，运动训练学院在东教学楼第一报告厅举办了第六届梦想之声复赛。复赛的灼热氛围显然更胜初赛，选手们无论是台风还是技巧，都更追求完美。最终，陈玉洁、高可欣、刘岚清等12组选手晋级决赛。运动训练学院党委副书记、副院长许超，梦想导师李茜及各年级辅导员参与本次活动。🎤（武体运训）,3,2,2,1557997440000
,广东联通,:【中山联通 “风云十三”号汛期通信保障应急演练】在汛期台风季即将来临之际，为了锻炼队伍、完善预案、极速响应、极速提高通信保障能力，根据广东联通关于防汛抗风工作的要求，5月7日8:30至12:00，中山联通公司联合中山铁塔公司组织开展了2019“风云十三”号汛期Ⅲ级应急通信保障演练。     通过本次演练，中山市分公司汛期保障机构组织、应急预案、调度指挥流程及系统全面通过了近似实战的捡验，参演队伍和人员通过拟战代训得到了锻炼，获得了经验。中山联通网络线将继续秉承勇于担当、攻坚克难、冲锋在前的工作作风，有信心有能力完成即将到来的汛期通信保障任务，守卫网络生命线！,52,42,42,1557997320000
2729135114,福清发布,:防汛应急演练 提升应对能力       前天，由市防汛抗旱指挥部主办，龙田镇承办的2019年防汛应急演练在龙田镇海滨村举行。演练人员分组行动，抢险救灾组、民兵队、蓝天救援队、长杰搜救队、医疗救助组、水利家园救援队、人员转移组等各就各位。演练科目包括防汛防台风工作会商部署、转移安置危险区群众、无人机搜寻、冲锋舟解救被困群众、堤防抢险等。此次演练旨在进一步提升我市防汛抗洪应急处置能力，保证防汛抗洪抢险工作有力、有序、有效进行，最大程度地减少洪涝灾害可能造成的损失，提高群众的防灾抗灾意识。,2,0,0,1557993120000
1735871212,长沙婚礼主持人,":#疯狂婚礼季[超话]# 『户外婚礼需要注意的那些事……』1，户外婚礼建议在4月的中下旬至6月初(天气会比较舒适)9月中旬至10月中句(天气会有一点凉意)2，举行户外婚礼尤其是南方，一定要注意天气情况！4月是春雨,5.6月是夏雷雨天,9月有台风,4-9月梅雨季节(这种季节一定需要有一个备案，雨季的时候该怎转移，与酒店和策划团队提前协商)提是前一个星期观察天气情况，如果是小雨或雷阵雨的情况下，备一些透明的小雨伞给宾客，不会影响现场的美观，给婚礼增加了一丝浪漫雨后婚礼的氛围3，新娘与姐妹建议不要穿细跟的高跟鞋，草坪或者沙滩都会让你非常的难走路走起来会很尴尬，草坪婚礼建议可以给宾客备一些防蚊虫叮咬的，比较热的情况下可以备一些手持电动小风扇哟4，如果你是户外沙滩婚礼的话，建议新娘头饰一定要固定好，头发建议是扎起来不然风大的时候头发会控制不住乱飞，头纱也是不建议的。@新语主持团队 http://t.cn/R2WxRpI",1,1,0,1557990660000
6904352254,环球梦游,#丁程鑫[超话]#[微风]#丁程鑫 神仙卧蚕# 虽然你戴了帽子！但是我真的能看出来发型非常好看！照片安排上吧宝贝,0,0,0,1559229180000
7068494292,宋氏一家人,:#宋亚轩 和音大户##宋亚轩开口跪##宋亚轩实力唱将#@台风少年团-宋亚轩 ,0,0,0,1559229180000
3932988593,三只猫的女孩,:#马嘉祺[超话]##台风少年团[超话]#@台风少年团-马嘉祺 我就把话放这儿了！ ,4,0,0,1559229180000
5394854618,采悠儿,:浸润书香气息的文艺女，度假游玩被骚扰，误以为乖张、纨绔的新同事是主谋，言语相加、拳脚相向，刚离开警察局，又进入医院。走出医院后，不知不觉走进了感情漩涡，豪门权利争夺也如台风般猛烈席卷而来。     涉世未深的伊伊在爱情、友情、权谋…… 我正在读17K小说网的好书《纯情总裁宠溺妻》，超给力~ http://t.cn/E4goPwh,0,0,0,1557974100000
6525901510,余生可得最爱,:王源唱作人结束了周五都失去了期待如果说要我给二字弟弟这五首歌做个总结的话应该是:第一《随想》我的最爱，至今是我5首列表内循环最多的一首，后劲最强越听越好听，是极具王源个人特色的词曲，可以说这是属于王源的音乐风格第二《世界上没有真正的感同身受》听一次哭一次，情感太真挚了，每个人都有类似的经历，这种不被人感同身受的难受和煎熬只有自己去消化，中间那段🎸 太赞了！我爱英伦摇滚第三《滚烫的青春》很多人粉丝好像都偏向demo版，但个人喜欢这首现场版，现场收音有点问题，不过音版好了很多，这首的曲是我吹爆的！太适合做热血BGM第四《姑娘》就一句话，娓娓道来的叙述性校园民谣我听的时候忍不住姨母笑，太纯洁太美好了完全不会,13,1,5,1557973500000
5517746738,杏仁加酸奶,:#红花会pgone[超话]# 好棒！[good]【pgone】👿【皮几万】👿【pgone新歌】👿【pgone生日】👿【pg1】👿【pgone 小号】👿👿【pgone 现状】👿【pgo】👿【pg one】👿【pg_one】👿【红花会pgone】 👿【红花会PG_ONE】 👿【红花会皮几万】 👿【pgone 舞台霸主】👿【pgone 说唱王者】 👿【pgone 台风炸裂】 👿👿【pgone 最后的大魔王】👿【pgone DeeVan】👿【pgone公众号】👿【pgone D1NIVO】 👿【pgone 潮牌】pgone 经典舞台 海选Rocket Superstar 炒面freestyle 真空说唱 唱作俱佳的说唱王者 用实力为饶舌天子加冕 @红花会PG_ONE  http://t.cn/ReM4lvL,0,0,0,1557972300000
5517746738,杏仁加酸奶,:#红花会pgone[超话]# 【pgone】👿【皮几万】👿【pgone新歌】👿【pgone生日】👿【pg1】👿【pgone 小号】👿👿【pgone 现状】👿【pgo】👿【pg one】👿【pg_one】👿【红花会pgone】 👿【红花会PG_ONE】 👿【红花会皮几万】 👿【pgone 舞台霸主】👿【pgone 说唱王者】 👿【pgone 台风炸裂】 👿👿【pgone 最后的大魔王】👿【pgone DeeVan】👿【pgone公众号】👿【pgone D1NIVO】 👿【pgone 潮牌】来欣赏一首PG_ONE 走心派嘻哈新曲《无畏》  http://t.cn/RHlizwc,0,0,0,1557972240000
,紫荆雜誌,:#張建宗參觀廢物處理設施#政務司司長張建宗15日參觀環境保護署的廢物處理及回收設施，了解轉廢為材和轉廢為能相關基建設施的發展。在環境局局長黃錦星陪同下，張建宗先到屯門小冷水路視察非法棄置建築廢物黑點和環保斗擺放區，環保署人員向他介紹相關部門合力打擊違例棄置建築廢物的措施和成效。其後，他前往屯門環保園內的WEEE．PARK，參觀其復修工場，了解維修舊電器的方法，以及把「再生電器」轉贈有需要家庭的過程。張建宗指，特區政府重視支援回收產業的可持續發展，並在環保園提供長期用地供回收業以相宜價格租用。他樂見現有十多間回收再造商在園內運作，包括回收再造廢食油、廢金屬、廢木料、廢電器電子產品等。他欣悉環保園內會興建和營運一所處理量高達每年30萬公噸的本地廢紙回收再造設施，預計在2022至23年投入運作，屆時可處理本港三分之一廢紙。張建宗又前往鄰近T．PARK［源．區］的臨時園林棄置物處理場地，視察在超強颱風山竹後收集到的塌樹棄置物，了解其處理進度。他得悉工作已大致完成，現正開始收集各政府部門工務工程產生的園林廢物。張建宗又聽取環保署人員介紹木材破碎機的運作，以及如何重用破成木碎的園林棄置物。此外，張建宗到T．PARK［源．區］聽取環保署人員介紹污泥處理技術、廠房運作情況和轉廢為能的過程，了解園區的設施如何自給自足，以及園區的可持續發展概念。#張建宗##園區##環境局局長##黃錦星#,0,0,0,1557971580000
1201405562,神净品牌执行董事美神团队创始人,:最好的朋友，是“相伴到老，各自安好”文怡的闺蜜林子，最近陷入一场恋爱危机中无法自拔，几乎每晚都给文怡打电话吐槽。 文怡刚刚换了一个工作特别忙碌，晚上经常需要加班。但林子在这个城市没什么朋友，也只能找文怡聊一聊。 每天陪林子聊完，文怡需要加班到半夜一点，第二天特别困。连续一个礼拜之后，文怡扛不住了，给林子说自己要早睡，林子有些不高兴，干脆晚上跑到文怡家里来聊天了。 文怡只好硬着头皮陪她，让她住在自己家里，买好吃的安顿好，再开始工作。文怡心里非常着急，但又不知道怎么开口。 文怡的困惑并不是她一个人的，很多时候，我们也会在维护友情和个人空间被侵蚀之间感到矛盾和纠结，既不想失去朋友，也不想耽误自己的事情，但苦于没有太多好方法。 这种矛盾的产生，说明了我们的友情，是缺乏界限感的。  缺乏界限感的友情会怎样?  研究表明，相对于男性而言，女性之间的关系往往更为亲密。对她们而言，最舒服的解压方式，是与关系亲密的同性好友倾心交谈，彼此共享秘密和隐私话题。 这样的关系，很容易造成彼此缺乏界限感。缺乏界限感的友情，容易让占有欲和嫉妒丛生。过度的自我暴露，也意味着被伤害的危险性会增加。 一旦双方产生矛盾，双方的关系发生变化，更容易有背叛和被抛弃的感觉，甚至会老死不相往来。电影《七月与安生》里，七月和安生，两个女生的个性截然不同，但这不妨碍二人成为知己。 七月心思单纯，是众人眼中的优等生，愿意与安生无私分享自己的一切; 安生热爱自由，有着一颗放荡不羁的灵魂，善于察言观色，讨人欢心。 安生经常在七月家蹭吃蹭喝，并无半点不自然，七月也乐得与充满生命力的安生在一起分享喜乐，甚至是相互观察身体。 年少时心思单纯，她们之间并无太多矛盾，可随着年龄的增长，在情感上的觉醒，她们之间爆发了一场激烈的争吵。很多年轻女孩子之间的友情，跟她们是非常相似的，当一方出现了恋人，另外一方都有被抛弃感。 表面上看，她们之间是因为爱上同一个男人而引起的，但实质上，她们之间关系的破裂，恰恰是因为男人的出现让她们有了背离彼此的感觉。 七月嫉妒安生的自由不羁，安生嫉妒七月的美好和纯粹。因为特别在乎，所以分裂时才特别难过和伤心。  好的友情，亲密又独立  朋友之间，最舒服的距离，是既亲密又独立。 最好的朋友，从不试图干涉你的人生。他能在你低落时陪伴你，也能在你绝望时鼓励你，在你骄傲时叫醒你，也能在你成功时祝福你，让你成为那个更美好的自己。 “你需要的时候，我始终在你身边”SHE不久前出了一首mv《十七》，台风都吹不散的三个女生，用17年的青春，见证了彼此的伤痛与成长。 mv一经推出，就感动了众多观众。在这17年里，当初不经世事的三名美少女已经经历了太多。 还记得当时Selina出事的时候，Hebe和Ella就公开说，就算你以后不工作也没有关系，我们会养你。无论彼此处于怎样的人生境地，她们始终在彼此身边。 这种情感，能够拥有，就是一种福气。好的闺蜜，是在长久的岁月中最懂我们的人，也是在我们绝望到生无可恋时温暖我们的人。 好的情感，是需要时间积累的，能够共福气，也能够在患难中彼此扶持。 “我们看着你，你只要做自己就好”今年是《欲望都市》开播20周年，很难忘这部电视剧中所展现出的友情：她们四个人的个性并不相同，但始终能做到求同存异，尊重彼此的生活态度和择偶观。 她们始终是在彼此之间做着真实的自己。 困惑时、孤独时、高兴时、悲伤时，都彼此分享，彼此陪伴，也有争吵，也有矛盾，但渗透其间的，是彼此之间跨越男人、跨越职业、跨越社会地位的温馨、成熟、可靠的友情。 周国平在《人与永恒》中说，一切都有不可超越的最后界限，这界限是不清晰的，然而又是确定的，一切麻烦和冲突，都起于无意中想突破这界限。 好的闺蜜，会尊重这种界限，并不会对你的人生直接提出建议，也不会控制你的思想，而是会尊重你自己的真实意愿。 “我爱你，但我舍得让你受苦。”大学同学李梦和孟洁，是很好的闺蜜。李梦大学时，稀里糊涂地爱上一个已婚男人。 可身为的闺蜜孟洁知道，这就是一场梦而已，该有的体验结束，都会各归各位，但孟洁并没有完全阻止这件事情的发生，只是提醒李梦要看清现实。 李梦高兴、伤心、绝望的整个过程，孟洁都陪着她。虽心疼她，但是还是允许她按照自己的需求完成了全程的体验。因为孟洁知道，李梦想要的体验必须由她自己完成。 李梦被抛弃后，哭着说，“我要是在那个时候听你的就好了。”孟洁抱了抱这个受伤的女人，充分地理解她的无可奈何和懊悔之情。 但她心里明白，谁都不能过分逾越界限去干涉其他人的人生，哪怕明知道是一条受苦的路。 是啊，再心疼一个人，再依恋一个人，我们也无法替代对方去过想要的人生。 http://t.cn/RyhptLR,9,0,1,1557971520000
5662614529,杏滨街道社区卫生服务中心,:防灾减灾小知识《守护生命十大黄金法则》 人生命，要守护，十条法则要记住，一旦灾害发生时，及时应用心有数。1、地震:遇地震，先躲避，桌子床下找空隙，靠在墙角曲身体，抓住机会逃出去，远离所有建筑物，余震蹲在开阔地。2、火灾:火灾起，怕烟熏，鼻口捂住湿毛巾，身上起火地上滚，不乘电梯往下奔，阳台滑下捆绳索，盲目跳楼会伤身。3、洪水:洪水猛，高处行，土房顶上待不成，睡床桌子扎木筏，大树能拴救命绳，准备食物手电筒，穿暖衣服度险情。4、台风:台风来，听预报，加固堤坝通水道，煤气电路检修好，临时建筑整牢靠，船进港口深抛锚，减少出行看信号。5、泥石流:下暴雨，泥石流，危险处地是下游，逃离别顺沟底走，横向快爬上山头，野外宿营不选沟，进山一定看气候。6、雷击:阴雨天，生雷电，避雨别在树下站，铁塔线杆要离远，打雷家中也防患，关好门窗切电源，避免雷火屋里窜。7、暴雪:暴雪天，人慢跑，背着风向别停脚，身体冻僵无知觉，千万不能用火烤，冰雪搓洗血循环，慢慢温暖才见好。8、龙卷风:龙卷风，强风暴，一旦袭来进地窖，室内躲避离门窗，电源水源全关掉，室外趴在低洼地，汽车里面不可靠。9、疫情:对疫情，别麻痹，预防传染做仔细，发现患者即隔离，通风消毒餐用具，人受感染早就医，公共场所要少去。10、防化:化学品，有危险，遗弃物品不要捡，预防烟火燃毒气，报警说明出事点，运输泄漏别围观，人在风头要离远。人生命，重于山，防灾避险于未然，掌握技能,0,0,0,1557971160000
5984383339,爱上暖冬的我,:#第一主唱宋亚轩[超话]# [中国赞]【宋亚轩】【宋亚轩 syx】【第一主唱宋亚轩】【天生歌者宋亚轩】【台风少年团宋亚轩】宋亚轩 追梦赤子心宋亚轩 开到荼靡宋亚轩 音乐大师课宋亚轩 铿锵玫瑰宋亚轩 野子宋亚轩 不醉不会宋亚轩 易燃易爆炸宋亚轩 赤裸裸宋亚轩 夜空中最亮的星@台风少年团-宋亚轩 Cr.logo,0,0,23,1557970080000
,精彩渝水,:#渝水新闻# 【渝水五小举行“我为祖国点赞”演讲比赛活动】“中国！一个有着五千多年悠久历史、灿烂文明的国家；一个山河壮丽、地大物博的国家；一个改革创新、勇于奋进的国家；一个富强、民主、文明的国家。这就是我的祖国，为要为我的祖国点赞-----”5月13日下午，渝水五小大会议室内小选手们正满怀激情地诉说着对祖国的热爱，为祖国点赞。原来这是该校在学校党支部和德育处精心组织下进行的高年级“我为祖国点赞”演讲比赛。此次演讲比赛的选手们是通过各班中队初选后，认真准备，精彩呈现。比赛中，选手们个个自信大方，或激情澎湃，或缓缓讲述，或娓娓道来。“难忘的岁月，辉煌的成就”、“祖国，我们心中永远的歌”、“腾飞中国，我为你点赞”.......同学们结合自己的成长感悟，追忆新中国的辉煌历程，传统文化的豪迈，科技创新的智慧，航天航海的壮举。他们用自己的方式表达着为祖国美好的明天而努力奋斗的愿望。台上的每一位选手以自然大方的台风和铿锵有力的声音证明了自己实力，彰显了新时代小学生的风采，赢得了台下观众的阵阵掌声。此次演讲比赛是在新中国成立70周年到来之际，为深入推进教育部关工委主办的“我为祖国点赞”主题教育活动的背景下该校举行的一次重要主题教育活动，是继全体师生开学第一天齐唱“我和我的祖国”、“国旗下的讲话”、班队会上的爱国教育后的又一次跟进活动，让爱国的种子一次次在五小的校园内萌发。,0,0,0,1557969960000
6885611785,-心不可及-,抱歉，作者已设置仅展示半年内微博，此微博已不可见。 ,2,0,0,1559229120000
,Akira_flora,:#丁程鑫[超话]# 小鑫可爱三连💕打游戏输了乖巧委屈地汇报认真吃饭嘴巴塞得鼓鼓囊囊的小仓鼠困得揉眼睛也很乖很乖对镜头挥手说拜拜我敲爱他的新发型，清爽又精神，看起来好幼好可可[可怜] @台风少年团-丁程鑫 ,38,7,13,1559229060000
6995910625,果冻呀jelly3,#宋亚轩[超话]#[握手]#宋亚轩 和音大户##宋亚轩开口跪##宋亚轩实力唱将#【宋亚轩】【宋亚轩 syx】【天生歌者宋亚轩】【台风少年团第一主唱宋亚轩】【台风少年团宋亚轩】 ,0,0,0,1559229060000
6351991597,-拉芙颂-,#我好想你[音乐]# ,0,0,0,1559229000000
6405047826,马嘉祺7号特工组,:#马嘉祺[超话]# | #钻石主唱马嘉祺[超话]##全能top马嘉祺[超话]# 愿你所得过少时，不必终日愤愤；愿你所得过多时，不必终日惶恐。           ——东野圭吾晚安好梦。🌙马嘉祺💜💜💜@台风少年团-马嘉祺 ,29,0,29,1559229000000
6219232848,薄荷奶糖七分甜,:#马嘉祺 不过三定律# ,4,0,1,1559228940000
5863180365,孤獨患者_autism,:#全优top丁程鑫[超话]#✨ #丁程鑫 夏天请多露腿# 大家晚安，养号求踩踩[给你小心心]@台风少年团-丁程鑫 丁程鑫 桃花笑眼 神仙卧蚕 狐狸眼睫 朱砂苏痣 齿如含贝 糯米软舌 蜜糖腹肌 苏神细腰 夏天多露腿 ,0,3,17,1559228940000
6895736884,冯起起起红,:#刘耀文[超话]##陪刘耀文赏晴雨风光# 不是什么特别的景只是在楼下和一群小孩玩躲猫猫时随手拍的我说“我们用白心白板，瓢儿是白”哈哈哈哈哈那群小孩很疑惑，我说“就是重庆话版的手心手背鸭”或许耀文也喜欢玩躲猫猫吗@台风少年团-刘耀文 ,0,1,0,1559228940000
6336044473,重新出发罢了,:#台风少年团[超话]#有谁想要小踢的台历吗？也出生写，可走闲鱼 ,0,0,2,1559228880000
6092079690,不是小_号嗯,:#全优top丁程鑫[超话]# [给你小心心]#丁程鑫 苏神细腰# 新发型很好看！刘海有细菌，过长的话对眼睛不好der台风少年团丁程鑫@台风少年团-丁程鑫 ,1,0,0,1559228880000
6975141093,祺家小柒,#台风少年团[超话]##TYT VJ接力##typhoonvlog#首尔分队（宝贵的）休息日！【TYT】VJ接力 今日VJ马嘉祺台风少年团的秒拍视频 ,0,0,0,1559228880000
2152379087,雪碧柠檬_,“看见美的瞬间，迫不及待想与你们分享的心情，叫什么呢？”我的哥哥是全世界最好的哥哥！ ,0,0,0,1559228880000
2461851703,山鬼啊喂,张云雷 《探清水河》+《送情郎》哈哈这是郭的秀救场临时唱的,0,0,0,1559228880000
6170981846,不期而遇最美好KUN,#巅峰之夜#“你就是我等待的那个人”,1,0,0,1559228880000
6452601251,某某爱吃酥肉,:孩子不见了,0,0,2,1559228820000
6977197799,clown2111221,#台风少年团[超话]##TYT VJ接力##typhoonvlog#首尔分队（宝贵的）休息日！【TYT】VJ接力 今日VJ马嘉祺台风少年团的秒拍视频 ,0,0,0,1559228820000
5362332057,空陌XN,张云雷 《探清水河》+《送情郎》哈哈这是郭的秀救场临时唱的,0,0,0,1559228820000
6977197799,clown2111221,#台风少年团[超话]##TYT VJ接力##typhoonvlog#首尔分队（宝贵的）休息日！【TYT】VJ接力 今日VJ马嘉祺台风少年团的秒拍视频 ,0,0,0,1559228820000
6561086804,国王与乞丐hollow,:#全优top丁程鑫[超话]#✨ #丁程鑫 夏天请多露腿# 5.30日常养号求踩踩[爱你]@台风少年团-丁程鑫 丁程鑫 桃花笑眼 神仙卧蚕 狐狸眼睫 朱砂苏痣 齿如含贝 糯米软舌 蜜糖腹肌 苏神细腰 夏天多露腿 ,0,0,0,1559228820000
6932804287,半颗糖199807,张云雷 《探清水河》+《送情郎》哈哈这是郭的秀救场临时唱的,0,0,0,1559228820000
6084480236,洛洛的小雨滴,#何洛洛[超话]#💙 #创造营2019-何洛洛# 夏天白昼明治的红豆 一口沁甜了倦意感受 有风经过海面上踟蹰 倏尔带走你梦里的忐忑～你莞尔的笑 身旁青色的柠檬微荡 仿若青柠的悠扬 到达直通你心门的方向～这个夏天，遇到@创造营2019-何洛洛 是最甜蜜的事🌸 bgm:徐秉龙#青柠[音乐]#剪辑:@柔柔阿- http://t.cn/AiK9f4Qm,0,0,0,1559228760000
2966472082,庄周Katsura,#台风少年团[超话]##TYT VJ接力##typhoonvlog#首尔分队（宝贵的）休息日！【TYT】VJ接力 今日VJ马嘉祺台风少年团的秒拍视频 ,0,0,0,1559228700000
5655366399,花路6666,#me聊小分队# 你通常怎么向别人安利你的爱豆,0,0,0,1559228700000
6625104231,祺祺大可爱,:今天最开心的就是消失了六天的祺祺终于出现啦，开心开心，撒花撒花🌸 🌸 🌸 @台风少年团-马嘉祺 ,1,0,0,1559228700000
6441761574,与祺去未来,:夏天的风真好啊想你，晚安好梦🌙。@台风少年团-马嘉祺 ,0,0,0,1559228700000
,中南民族大学,:#往届毕业生回顾#唐艺嘉❤美术学院 视觉传达设计专业毕业去向：考取皇家艺术设计学院视觉传达设计专业（全球艺术学院排名榜首，全球仅招两名大陆学生）大学经历：连续两年获得专业二等奖学金、专业三等奖学金；第九届“外研杯”全国大学生英语辩论赛校三等奖；武汉地区九校联盟英语风采大赛“最佳台风奖”；2016年赴加州理工大学波莫纳分校国际学生领导力项目培训荣获毕业证书；皇家艺术学院、坎伯韦尔艺术学院双录取。唐艺嘉学姐独具匠心，苦心孤诣，涉笔成趣。@中南民族大学_新闻网 http://t.cn/EKG4Ygv,16,0,0,1557901980000
5619037359,吃鸡只玩M4,:大海   大山    蓝天 白云  太阳  月亮  海浪  大雨  新绿  泥泞  风  花 小鸟  石头 光  台风 阴影  便便  便便  笨蛋  笨蛋  傻帽 傻帽  白色 黑色 红色黄色  橙子  橘子  夕阳  火焰  瞳孔  眼睛   逞强  爱哭鬼 回忆  眨眼  闭眼  头发  慈爱  闪光  你 ！  阿航要好好的，你也要好好的！@高雪-Yilia,2,0,1,1557900780000
6374933993,Vin周震南反黑站,:#周震南[超话]#[给你小心心]#周震南创造营2019# 【紧急举报】  目标打卡:500+2019.5.15   yhxx-qtyh[有 害 信 息-其 他 有 害]主页举报👉http://t.cn/EK44fD6 (pph存档)投诉结果见微博社区管理中心：http://t.cn/EKUPEwo‼️评论区  ❌艾特南南   ‼️随手转发扩散  ❌用此模板   举报完后微博下评论周震南第一✨ 周震南又奶又A✨ 周震南直拍✨ 周震南vlog✨ 周震南台风✨ 周震南 小星星✨ 周震南 悟空 ✨ 周震南 A班 ✨ 周震南 水上主题曲✨ 周震南 未来可期✨创造营 寻南启事✨并艾特三位好友一心向南，护南为安💙,84,4,226,1557894240000
5183786151,滨江发布,:【关键时刻能救命！必知防灾减灾知识】地震、台风、洪水、泥石流…自然灾害随时可能发生，及时自救才更有生存希望。地震被困如何求救？高层建筑火灾怎样逃生？海啸来临有哪些征兆？…今天，#汶川地震11年了#，又到全国“防灾减灾日”，平时留心一眼，灾时救你一命↓↓现在就了解，别等到来不及！转！Via人民日报,9,20,12,1557889200000
7130092336,仙鹤味的天上星,:@创造营2019-周震南 我在#明星势力榜##创造营2019#榜上pick你， 赤子之心，乘风破浪，我们一起加油！http://t.cn/EPB6nvS周震南第一✨ 周震南又奶又A✨ 周震南直拍✨ 周震南volg✨ 周震南台风✨ 周震南 小星星✨ 周震南 悟空 ✨ 周震南 A班 ✨ 周震南 水上主题曲✨ 周震南 未来可期✨创造营 寻南启事✨ @创造营2019-周震南,0,0,0,1557888840000
6814523109,马嘉祺是最棒的,:#钻石主唱马嘉祺[超话]#🎶 #马嘉祺 demo#  5.15💦 💦 💦 马嘉祺的demo超级好听啊[爱你] 马嘉祺mjq／马嘉祺 依然爱你／全能top马嘉祺／南山归月马嘉祺／马嘉祺表情包／马嘉祺同款／马嘉祺 消防知识／马嘉祺腹肌／马嘉祺 快意／马嘉祺 澄清／马嘉祺 狼少年／马嘉祺腿／马嘉祺柴犬／马嘉祺春晚／马嘉祺 正能量／马嘉祺语录／马嘉祺 演唱  / 马嘉祺 摄影 / 马嘉祺 vlog / 马嘉祺 清唱 / 马嘉祺 青苹果乐园 / 钻石主唱马嘉祺 / 舞台范本马嘉祺 / 马嘉祺 保留 / 马嘉祺 翻唱  @台风少年团-马嘉祺 @台风少年团-马嘉祺 @台风少年团-马嘉祺,2,0,23,1557888660000
6006653473,二宫凉轩爱汪汪,:@台风少年团-宋亚轩 我在#明星势力榜#新星榜上为你加油啦，你是我今生唯一的执著哦。棒棒哒！明星势力榜第39位  ,0,0,0,1559228580000
5613237274,敖炫炫的大馒头,:@台风少年团-宋亚轩 我在#明星势力榜#新星榜上为你加油啦，你是我今生唯一的执著哦。棒棒哒！明星势力榜第39位  ,0,0,0,1559228580000
6617027887,C99803,张云雷 《探清水河》+《送情郎》哈哈这是郭的秀救场临时唱的,0,0,0,1559228580000
7045573428,甜甜的是我的程程,:@台风少年团-丁程鑫 短发好看啊，赶紧出来妈妈要看看你 ,0,0,0,1559228580000
,蒋中宝,日本建築家増沢洵建造的一栋占地面积9坪的房子，事实证明，设计真的太重要了 ,0,0,0,1559228520000
5442551929,程程养乐多,:Hello哥们儿？@台风少年团-丁程鑫 不许用手揉眼睛(超凶) ,0,0,0,1559228520000
6333111138,小祖宗的微博小窝885,:@台风少年团-宋亚轩 我在#明星势力榜#新星榜上为你加油啦，你是我今生唯一的执著哦。棒棒哒！明星势力榜第39位 图cr logo#天生歌者宋亚轩# ,0,0,0,1559228460000
2947211593,轻灯,:夏天的风格外清爽动人，希望结果都如人意，晚安。🌙@台风少年团-马嘉祺 ,2,0,0,1559228400000
6524416070,圈内娱乐局,:C.T.O出道首次大型演出，遇台风搅局直呼遇水则发。#明星八卦##娱乐圈# 圈内娱乐局的微博视频 ,0,0,0,1559228400000
6244945773,阿菜老师,:@台风少年团-宋亚轩 ,2,0,5,1559228400000
6350153944,初心为南,#me聊小分队# 你通常怎么向别人安利你的爱豆,0,0,0,1559228400000
5272090072,Fever_Future_,:鑫鑫太可爱了，我心满意足的睡觉了💤晚安@台风少年团-丁程鑫 ,0,0,0,1559228400000
5857600075,Vin周震南的宝贝钰,:#周震南蜕变#zzn❤️#周震南小星星 #zzn❤️#周震南致敬消防员 #zzn❤️#周震南悟空直拍 #zzn❤️#周震南 蜕变#zzn❤️#周震南奶且A#zzn❤️#周震南vlog #zzn❤️#周震南直拍 #zzn❤️#周震南第一 #zzn❤️#周震南台风 #zzn❤️#周震南fireman #zzn❤️#zzn 舞台炸裂 #zzn❤️# zzn 三观超正 # ,0,0,0,1559228340000
7064084098,liu-liu青,#台风少年团[超话]##TYT VJ接力##typhoonvlog#首尔分队（宝贵的）休息日！【TYT】VJ接力 今日VJ马嘉祺台风少年团的秒拍视频 ,0,0,0,1559228340000
2947211593,轻灯,:上一次骑自行车是什么时候呢？是上周还是上上周来着，反正是肯德基发海报活动的第一天，因为好久没骑车上公路了，骑得歪歪扭扭，遇到路口必下来推车（因为胆子小）。不过因为与你有关，所以真好～💜@台风少年团-马嘉祺 ,1,0,3,1559228340000
6664591414,雪沫021212,#台风少年团[超话]##TYT VJ接力##typhoonvlog#首尔分队（宝贵的）休息日！【TYT】VJ接力 今日VJ马嘉祺台风少年团的秒拍视频 ,0,0,0,1559228340000
5062164600,这样不好吧i,#美好生活# 真的很感谢今天到场的所有NANO～你们辛苦了！真的觉得你们比我们累比我们辛苦，外面还下着大雨，回家一定要注意安全，保护好身体，不要像我一样,0,0,0,1559228340000
5394480107,安静安静安静静静静静零,#台风少年团[超话]##TYT VJ接力##typhoonvlog#首尔分队（宝贵的）休息日！【TYT】VJ接力 今日VJ马嘉祺台风少年团的秒拍视频 ,0,0,0,1559228340000
5637941946,InspiritJin,#me聊小分队# 你通常怎么向别人安利你的爱豆,1,0,0,1559228340000
,蜡笔雪糕,:流水账一样肤浅的小学生日记没在心里留下一点漪涟！看完觉得空荡荡的哦原来少了鑫鑫的凑热闹和碎碎念！困了都揉眼睛的孩子让人看了心里软乎乎！不要所有行程都放一天吧孩子真都挺累！！果然只有丁程鑫这个男生掌镜头时最无私拍的都是别人！再美的景色也没办法看清啊挡不住你的高糊啊@台风少年团 晚安 ,2,0,1,1559228280000
6293370044,小六六六哇,:#红毯最能打的明星#穿上西装，小大人的模样@台风少年团-宋亚轩 ,0,0,0,1559228280000
6189274681,80hou旭,张云雷 《探清水河》+《送情郎》哈哈这是郭的秀救场临时唱的,0,0,0,1559228220000
3866982254,程时幸运星,:@台风少年团-丁程鑫 其实新发型挺好看的，真的。而且就配饰来讲棒球帽比渔夫帽好看百倍。 ,0,2,0,1559228220000
6620845206,台风少年团后援会官博,#台风少年团[超话]##TYT VJ接力##typhoonvlog#首尔分队（宝贵的）休息日！【TYT】VJ接力 今日VJ马嘉祺台风少年团的秒拍视频 ,160,3844,6,1559228220000
7002557146,白日梦漫游Alley,#台风少年团[超话]##TYT VJ接力##typhoonvlog#首尔分队（宝贵的）休息日！【TYT】VJ接力 今日VJ马嘉祺台风少年团的秒拍视频 ,0,0,0,1559228220000
2670418493,关爱Coolguy健康成长,#刘耀文[超话]# · #全a偶像刘耀文#     240分 我文哥牛逼[赞]@台风少年团-刘耀文 爆浆芝士牛肉丸的秒拍视频 ,1,0,0,1559228220000
2935574951,努力长大的巴西龟,张云雷 《探清水河》+《送情郎》哈哈这是郭的秀救场临时唱的,0,0,0,1559228220000
1763266950,彼丶岸,:如释重负，今天现场不知有多少人，反正很多。我能记得起的有几十甚至上百人夸我帅台风好，哈哈哈，果然勤能补拙，要感谢何姐给的这次机会，更感谢我老妈给的这副身体，188的身高和160的体重显的身材不臃肿，不丑不帅的长相让我更加有理由去好好读书。难怪现在那么多人想当网红，讲真，站在舞台中央的感觉真好。,2,0,2,1559228160000
6630902640,·望耀夏芽·,:我觉得齐刘海很好看啊 @台风少年团-刘耀文 🆒🆒🆒 ,0,0,0,1559228160000
6602028508,晴空一月,遇见了音乐 停下来“握个手”（好戳我哦） ,0,0,0,1559228160000
7024148851,爱己欠费_fp,:#钻石主唱马嘉祺[超话]#💜#马嘉祺 原创# 马嘉祺 原创马嘉祺mjq／马嘉祺 保留 / 马嘉祺 依然爱你／全能top马嘉祺／南山归月马嘉祺／马嘉祺表情包／马嘉祺同款／马嘉祺 消防知识／马嘉祺腹肌／马嘉祺 快意／马嘉祺 澄清／马嘉祺 狼少年／马嘉祺腿／马嘉祺柴犬／马嘉祺春晚／马嘉祺 正能量／马嘉祺语录／马嘉祺 演唱会 / 马嘉祺 经典咏流传 / 马嘉祺 三字经@台风少年团-马嘉祺,0,0,20,1559228160000
3700260392,椒盐炸花生,:#第一主唱宋亚轩[超话]#[给你小心心]#天生歌者宋亚轩[超话]#5.30 @台风少年团-宋亚轩 【宋亚轩】【宋亚轩 syx】【天生歌者宋亚轩】【台风少年团第一主唱宋亚轩】【台风少年团宋亚轩】 ,1,1,21,1559228100000
6448076765,奶油泡祺-,:2019不熬夜05.30 12点之前睡觉✅我终于复活啦！！今天看到了新鲜的祺祺！开开心心🥰不过还是要早睡,2,0,0,1559228100000
2389651857,那只羔羊,#台风少年团[超话]##TYT VJ接力##typhoonvlog#首尔分队（宝贵的）休息日！【TYT】VJ接力 今日VJ马嘉祺台风少年团的秒拍视频 ,1,0,0,1559228100000
6346538231,Checkitout-刘耀文资源博,#刘耀文[超话]# 快看屏幕上的可爱严肃脸小刘。哈哈哈，太有趣了吧。 一万次陷进去的秒拍视频 ,15,0,0,1559228100000
6511709256,蛋卷花花,:🐎➕7⃣🇰🇷哥哥你缺坐前篮帮你拍的人吗！矮矮小小不挡视线的那种！我可以！我可以！,2,0,0,1559228040000
7041019089,很小很小的苏小小,#台风少年团[超话]##TYT VJ接力##typhoonvlog#首尔分队（宝贵的）休息日！【TYT】VJ接力 今日VJ马嘉祺台风少年团的秒拍视频 ,1,0,0,1559228040000
6277622091,夏之目喵,#明星睡衣照大赛# 沙雕TYT的睡衣party,0,0,0,1559228040000
5797681819,白鑫_cdj,:#丁程鑫 蜜糖腹肌##丁程鑫 苏神细腰# 我宝宝浑身上下都这么完美让我怎么选啊，,2,1,1,1559228040000
5301324219,吴事儿事儿,张云雷 《探清水河》+《送情郎》哈哈这是郭的秀救场临时唱的,0,0,0,1559228040000
6602028508,晴空一月,#台风少年团[超话]##TYT VJ接力##typhoonvlog#首尔分队（宝贵的）休息日！【TYT】VJ接力 今日VJ马嘉祺台风少年团的秒拍视频 ,0,0,0,1559227980000
5273048661,芬达阿姨w,#台风少年团[超话]##TYT VJ接力##typhoonvlog#首尔分队（宝贵的）休息日！【TYT】VJ接力 今日VJ马嘉祺台风少年团的秒拍视频 ,0,0,0,1559227980000
5645505424,晚來屿楓,看见美的瞬间，迫不及待想与你们分享的心情，叫什么呢？ ,2,0,0,1559227980000
6293370044,小六六六哇,:#时尚童年照大赛#小轩从小就是一位衣品很好的小朋友现在也是！潮流前线,0,0,0,1559227980000
6346538231,Checkitout-刘耀文资源博,#刘耀文[超话]#·#刘耀文 氧气美貌# 终于见到文哥的新发型了！！！@台风少年团-刘耀文 脂腻_的微博视频 ,4,1,1,1559227920000
,沙舞o_O3507,:#钻石主唱马嘉祺[超话]#💜 #马嘉祺 第一次遇见# 245,3,0,27,1559227920000
5645505424,晚來屿楓,:骑车的小風22day想你💜晚安好梦。🌙@台风少年团-马嘉祺 ,2,0,0,1559227860000
,BabysBreath_丁程鑫资源博,#丁程鑫[超话]# 上海下雨了，是上天都觉得我们家可怜么？画了只丁程鑫姐妹们求鼓励@台风少年团-丁程鑫 ,3,1,1,1559227860000
6984842653,马小柴1981,:#钻石主唱马嘉祺[超话]##马嘉祺 demo#  5.30马嘉祺mjq／马嘉祺 依然爱你／全能top马嘉祺／南山归月马嘉祺／马嘉祺表情包／马嘉祺同款／马知识／马嘉祺腹肌／马嘉祺 快意／马嘉祺 澄清／马嘉祺 狼少年／马嘉祺腿／马嘉祺柴犬／马嘉祺春晚／马嘉祺 正能量／马嘉祺语录／马嘉祺 演唱会 @台风少年团-马嘉祺@台风少年团-马嘉祺,0,0,20,1559227860000
6710924288,洋洋66699,张云雷 《探清水河》+《送情郎》哈哈这是郭的秀救场临时唱的,0,0,0,1559227860000
6570448139,余生长醉0621,:周震南的台风也太有感染力了！品品他的《I will show you》舞台，胡彦斌都夸他“酷！” 来自@QQ音乐 周震南的台风也太有感染力了！品品他的《I will show you》舞台，胡彦斌都夸他“酷！” ,1,0,0,1559227800000
6346538231,Checkitout-刘耀文资源博,#刘耀文[超话]#[大侦探皮卡丘微笑]#刘耀文 向阳而生# 好好好你是第一个,4,1,0,1559227800000
6293370044,小六六六哇,:#明星睡衣照大赛#这个小宋宋也太可爱辽@台风少年团-宋亚轩 ,0,0,0,1559227800000
6495032795,倒转流年只为一眼红颜聪慧,:#全优top丁程鑫[超话]#  5.30日常养号求踩踩@台风少年团-丁程鑫  丁程鑫 桃花笑眼 神仙卧蚕 狐狸眼睫 朱砂苏痣 齿如含贝 糯米软舌 蜜糖腹肌 苏神细腰 夏天多露腿 ,0,1,8,1559227740000
5576950845,-青芜堤上柳,#me聊小分队# 你通常怎么向别人安利你的爱豆,0,0,0,1559227740000
6867628065,宇宙高烧,#台风少年团[超话]##TYT VJ接力##typhoonvlog#首尔分队（宝贵的）休息日！【TYT】VJ接力 今日VJ马嘉祺台风少年团的秒拍视频 ,0,0,0,1559227740000
,禁区识记,:#马嘉祺 第一次遇见# /#马嘉祺 首尔# 同游水族馆@台风少年团-马嘉祺 禁区识记的微博视频 ,132,28,2,1559227680000
5218795582,是一只珊珊呀,:#钻石主唱马嘉祺[超话]##马嘉祺 demo#  5.30马嘉祺mjq／马嘉祺 依然爱你／全能top马嘉祺／南山归月马嘉祺／马嘉祺表情包／马嘉祺同款／马知识／马嘉祺腹肌／马嘉祺 快意／马嘉祺 澄清／马嘉祺 狼少年／马嘉祺腿／马嘉祺柴犬／马嘉祺春晚／马嘉祺 正能量／马嘉祺语录／马嘉祺 演唱会 @台风少年团-马嘉祺@台风少年团-马嘉祺,1,0,14,1559227620000
5533089027,仲夏幻想曲,:哥呀我想坐你前篮儿～@台风少年团-马嘉祺 ,0,0,2,1559227620000
3802655723,忌猜心事,:这个女的已经疯了轩哥救命@台风少年团-宋亚轩 ,8,0,0,1559227620000
5626628477,CyBaekhyun_TenderLove,:#边伯贤[超话]#//#边伯贤kyoongtube# 140116 金唱片昨天啵啵直播歌单里出现的Dubstep 台风一绝[作揖]45秒那个眼神真的好狠 太霸气了,42,12,0,1559227620000
,世界爆笑视频,:一位日本网友po出的这次台风的三位受害者，有点心疼… ,7,0,1,1559227620000
5637531197,敏敏_8855,#台风少年团[超话]##TYT VJ接力##typhoonvlog#首尔分队（宝贵的）休息日！【TYT】VJ接力 今日VJ马嘉祺台风少年团的秒拍视频 ,1,0,1,1559227620000
5361937770,加油-2019_49069,#台风少年团[超话]##TYT VJ接力##typhoonvlog#首尔分队（宝贵的）休息日！【TYT】VJ接力 今日VJ马嘉祺台风少年团的秒拍视频 ,0,0,0,1559227620000
7060284841,器国之_7lc209_54054,在等待福利的到来前 要多给你们看见我 我真的说话算话的 朋友们 ～ 先给上自拍 好不啦,0,0,0,1559227560000
6941605567,夏日耀文,:#刘耀文[超话]# 🐺#刘耀文 13岁热血首尔# 借文哥的话说，好可爱啊发型明明很好看啊，请发自拍，九宫格那种[羞嗒嗒]@台风少年团-刘耀文 ,3,0,0,1559227560000
6973935105,啵啵台风的猪猪女孩,:我关注了台风十子超话，小伙伴们快来加入台风十子超话一起聊聊吧~戳这里→ 台风十子 ,0,0,0,1559227560000
6985758327,今天小锅盖们出道了吗,:我关注了台风少年团超话，小伙伴们快来加入台风少年团超话一起聊聊吧~戳这里→ 台风少年团 ,0,0,0,1559227560000
6811265995,X陈皮糖糖X,:我刚给@台风少年团-宋亚轩 赠送了2朵鲜花，获得了4爱慕值，感觉自己萌萌哒！饭圈的亲们，快来送花应援吧！时代少年团-宋亚轩已收到72781朵花 ,0,0,0,1559227560000
6114854447,爱岁岁的年年,#羽坛花絮# 石宇奇亲自演唱哦@石宇奇_  赢德体育的微博视频 ,0,0,0,1559227560000
6166371504,肖战的碳烤兔爪,:#钻石主唱马嘉祺[超话]##马嘉祺 demo#  5.30马嘉祺mjq／马嘉祺 依然爱你／全能top马嘉祺／南山归月马嘉祺／马嘉祺表情包／马嘉祺同款／马知识／马嘉祺腹肌／马嘉祺 快意／马嘉祺 澄清／马嘉祺 狼少年／马嘉祺腿／马嘉祺柴犬／马嘉祺春晚／马嘉祺 正能量／马嘉祺语录／马嘉祺 演唱会 @台风少年团-马嘉祺@台风少年团-马嘉祺,0,0,20,1559227500000
7089480603,VINZZNNJX,#me聊小分队# 你通常怎么向别人安利你的爱豆,0,0,0,1559227500000
7095490442,安思琪呀sss-Q,:#马嘉祺[超话]##台风少年团[超话]##TYT VJ接力##typhoonvlog#首尔分队（宝贵的）休息日！台风少年团的秒拍视频 我的天……终于等到你,17,0,3,1559227500000
6810430481,不再丢伞,#台风少年团[超话]##TYT VJ接力##typhoonvlog#首尔分队（宝贵的）休息日！【TYT】VJ接力 今日VJ马嘉祺台风少年团的秒拍视频 ,3,0,0,1559227500000
1804382085,黄线敏KIKI,王中山老师讲解古筝曲《战台风》 古筝视家的微博视频 ,0,0,0,1559227500000
6240502270,极品搞笑大婊姐,:一位日本网友po出的这次台风的三位受害者，有点心疼… ,0,0,0,1559227500000
6420899408,特别能吃苦还差一个苦,:#破冰行动大结局#  #赵嘉良死了#    台风天收网！《破冰行动》#黄景瑜[超话]# ，#吴刚[超话}# ，#王劲松[超话]# ，#任达华[超话]# 吻戏片花，大结局抢先看。    台风天收网！《破冰行动》黄景瑜，吴刚，王劲松，任达华吻戏片花，大结局抢先看。 ,0,0,0,1559227500000
6414242340,有个小孩她姓王,:#破冰行动大结局#  #赵嘉良死了#    台风天收网！《破冰行动》#黄景瑜[超话]# ，#吴刚[超话}# ，#王劲松[超话]# ，#任达华[超话]# 吻戏片花，大结局抢先看。    台风天收网！《破冰行动》黄景瑜，吴刚，王劲松，任达华吻戏片花，大结局抢先看。 ,2,0,0,1559227500000
6414541311,心有多远就滚多远,:#破冰行动大结局#  #赵嘉良死了#    台风天收网！《破冰行动》#黄景瑜[超话]# ，#吴刚[超话}# ，#王劲松[超话]# ，#任达华[超话]# 吻戏片花，大结局抢先看。    台风天收网！《破冰行动》黄景瑜，吴刚，王劲松，任达华吻戏片花，大结局抢先看。 ,0,0,0,1559227500000
6563647210,南方小镇的那个姑娘,:#我们是真正的朋友# 到了大型的舞台上，什么是真正的专业歌手还是能看出来的，在那么多状况发生的情况下，还能保持台风稳健，丝毫不慌，范晓萱实力救场啊~以前就是听着她的歌长大的，给姐姐点个赞,6,0,0,1559227440000
6530571367,梅崖心语,:喜欢在雨里走，感觉很自由，好像违抗某种东西的意志，小小的，但胜利了。——陆茵茵《台风天》 ,1,1,0,1559227440000
6719172602,TF-易炸装置,#台风少年团[超话]##TYT VJ接力##typhoonvlog#首尔分队（宝贵的）休息日！【TYT】VJ接力 今日VJ马嘉祺台风少年团的秒拍视频 ,1,0,0,1559227440000
6498174795,熊熊0028,#me聊小分队# 你通常怎么向别人安利你的爱豆,0,0,0,1559227440000
6330601964,卟噜噜的小瓒,#me聊小分队# 你通常怎么向别人安利你的爱豆,0,1,0,1559227440000
6421120755,你是什么LESE,:#破冰行动大结局#  #赵嘉良死了#    台风天收网！《破冰行动》#黄景瑜[超话]# ，#吴刚[超话}# ，#王劲松[超话]# ，#任达华[超话]# 吻戏片花，大结局抢先看。    台风天收网！《破冰行动》黄景瑜，吴刚，王劲松，任达华吻戏片花，大结局抢先看。 ,0,0,0,1559227440000
6891919692,沐雨清C-,:🐰🐰,0,1,0,1559227380000
6540365664,Llllllllllllllllllllliiiiiiio,:#破冰行动# 算是烂尾了，认真吐槽一下。1，林耀东他们口中的“老爷子”是谁没交代。2，马雯是死是活也不知道。3，罗旭是否涉案不清楚。4，破冰行动开始，赵嘉良不跑已经很难理解，还被安排自己送人头，强行发便当。（不要说赵嘉良是为了拖住林耀东，村子已经被包围，就算他要逃跑，李飞跟上去，找合适的机会配合👮🏻抓他完全可以，作为一个👮🏻李飞不拦着他爹就是最大败笔）5，赵嘉良手下钟伟身份没交代，演着演着人还丢了。大个子手下抓了林耀东儿子一点用没有，人也演丢了。6，林耀东把赵嘉良抓了打一顿，赵好歹也是hk混社会的，居然那么咽得下那口气继续合作，林耀东那么多疑的人居然不怀疑。7，逆天的陈珂，一个护士十八般武艺啥都会。8，也不交代一下为什么一定要拿林宗辉写的制毒家庭名单？拍照不行吗？出塔寨的时候那些小混混都开枪打中警察了，居然可以当做无事发生不用报告林耀东？9，台风天后派五组人同时进村勘察，是真不怕暴露，林耀东也完全不怀疑，所以他的多疑都是假的。10，男女主演技盆地，兄弟尸骨未寒就给我眉来眼去，马雯都被带得恋爱脑了。说这么多只为了告诫自己，再追国产剧我是猪,24,2,0,1559227380000
6535205174,许二辰12138,:#刘耀文[超话]#  我在@超级星饭团 给 @台风少年团-刘耀文 道了一句晚安，悠悠的祝福，暖暖的问候，愿你拥有甜甜的美梦...... ,0,0,0,1559227380000
6535205174,许二辰12138,:#马嘉祺[超话]#  我在@超级星饭团 给 @台风少年团-马嘉祺 道了一句晚安，悠悠的祝福，暖暖的问候，愿你拥有甜甜的美梦...... ,0,0,0,1559227380000
6535205174,许二辰12138,:#宋亚轩[超话]#  我在@超级星饭团 给 @台风少年团-宋亚轩 道了一句晚安，悠悠的祝福，暖暖的问候，愿你拥有甜甜的美梦...... ,0,0,0,1559227380000
6535205174,许二辰12138,:#丁程鑫[超话]#  我在@超级星饭团 给 @台风少年团-丁程鑫 道了一句晚安，悠悠的祝福，暖暖的问候，愿你拥有甜甜的美梦...... ,0,0,0,1559227380000
5991547613,清出散紙,:#丁程鑫 神仙卧蚕# /#丁程鑫 苏神细腰# 今日份的养号任务求20+评论感谢丁程鑫 桃花笑眼 /丁程鑫 神仙卧蚕/ 丁程鑫 蜜糖腹肌 /丁程鑫 夏天请多露腿/ 丁程鑫 苏神细腰 /丁程鑫 糯米软舌/ 丁程鑫 齿如含贝/丁程鑫 朱砂苏痣/丁程鑫 狐狸眼睫/丁程鑫 玫瑰磁嗓/丁程鑫 巴掌小脸 /丁程鑫 完美头身比 从一开始的喜欢你，到现在的更喜欢你@台风少年团-丁程鑫 dcx 常在想世界要消失多少恶意，才配得上你的善良,0,0,0,1559227380000
5209852530,時诗枍诗時,张云雷 《探清水河》+《送情郎》哈哈这是郭的秀救场临时唱的,0,0,0,1559227320000
6613831047,狗屠家的二狗,:我关注了台风乱炖锅超话，小伙伴们快来加入台风乱炖锅超话一起聊聊吧~戳这里→ 台风乱炖锅 ,1,0,0,1559227320000
5517794115,勿窥勿扰,#台风少年团[超话]##TYT VJ接力##typhoonvlog#首尔分队（宝贵的）休息日！【TYT】VJ接力 今日VJ马嘉祺台风少年团的秒拍视频 ,1,0,0,1559227260000
7087207859,兀自好看,#台风少年团[超话]##TYT VJ接力##typhoonvlog#首尔分队（宝贵的）休息日！【TYT】VJ接力 今日VJ马嘉祺台风少年团的秒拍视频 ,0,0,0,1559227260000
6970304856,马嘉祺的球球i,#台风少年团[超话]##TYT VJ接力##typhoonvlog#首尔分队（宝贵的）休息日！【TYT】VJ接力 今日VJ马嘉祺台风少年团的秒拍视频 ,0,0,0,1559227260000
3992025493,你要努力变好呀,#台风少年团[超话]##台风少年在首尔也行#第四期《台风少年在首尔也行》来啦！五道神秘菜品上线——五位少年VS五种地道韩国“美食”，成员们对他们各自的选择会是什么反应呢？点开收获本期美食体验！[馋嘴]下周五20:00，一起期待TYT厨艺考验吧！  台风少年团的酷燃视频 ,1,0,0,1559227200000
5247217039,不要香菜靴靴,:这不是我对你一贯的心理活动吗@台风少年团-刘耀文 ,6,1,0,1559227200000
7025655406,EKWuLEyBLnonA382,:#全优top丁程鑫[超话]#  5.30日常养号求踩踩@台风少年团-丁程鑫  丁程鑫 桃花笑眼 神仙卧蚕 狐狸眼睫 朱砂苏痣 齿如含贝 糯米软舌 蜜糖腹肌 苏神细腰 夏天多露腿 ,0,0,0,1559227140000
5893327405,幸运小企鹅心心,:#丁程鑫 神仙卧蚕# /#丁程鑫 苏神细腰# 今日份的养号任务求20+评论感谢丁程鑫 桃花笑眼 /丁程鑫 神仙卧蚕/ 丁程鑫 蜜糖腹肌 /丁程鑫 夏天请多露腿/ 丁程鑫 苏神细腰 /丁程鑫 糯米软舌/ 丁程鑫 齿如含贝/丁程鑫 朱砂苏痣/丁程鑫 狐狸眼睫/丁程鑫 玫瑰磁嗓/丁程鑫 巴掌小脸 /丁程鑫 完美头身比 从一开始的喜欢你，到现在的更喜欢你@台风少年团-丁程鑫 dcx,0,0,10,1559227140000
3992025493,你要努力变好呀,#台风少年团[超话]##TYT VJ接力##typhoonvlog#首尔分队（宝贵的）休息日！【TYT】VJ接力 今日VJ马嘉祺台风少年团的秒拍视频 ,1,0,0,1559227140000
1371465205,洋洋1021,张云雷 《探清水河》+《送情郎》哈哈这是郭的秀救场临时唱的,0,0,0,1559227080000
7067453452,YK爱好者,剪完头会发光💡 台风少年团-姚景元的微博视频 ,0,0,0,1559227020000
6044086876,innocentkiddie,:@台风少年团 @峰峻文化 说你不做事呢也不对,14,2,3,1559226960000
7019820036,勾勾叉w,#台风少年团[超话]##TYT VJ接力##typhoonvlog#首尔分队（宝贵的）休息日！【TYT】VJ接力 今日VJ马嘉祺台风少年团的秒拍视频 ,0,0,0,1559226960000
6707746442,小白最怕的蘑菇,#台风少年团[超话]##TYT VJ接力##typhoonvlog#首尔分队（宝贵的）休息日！【TYT】VJ接力 今日VJ马嘉祺台风少年团的秒拍视频 ,0,0,0,1559226960000
5983218794,天真116,张云雷 《探清水河》+《送情郎》哈哈这是郭的秀救场临时唱的,1,0,0,1559226960000
3621227364,老瓷包_D_,:#台风少年团[超话]# 呜呜呜剪完头一个个的又奶了.母爱泛滥[抱抱] ,9,1,1,1559226900000
6583982381,苏纪昃,:#马嘉祺[超话]#马嘉祺喵喵喵！！！什么时候发出来！！！@台风少年团-马嘉祺 ,1,0,0,1559226900000
6899245658,z一只小马宝莉,:#手臂中间的痣# 手臂上的痣也是我的苏点之一@台风少年团-马嘉祺 ,2,0,3,1559226900000
5984372542,左右为鑫,:#丁程鑫 神仙卧蚕# /#丁程鑫 苏神细腰# 今日份的养号任务求20+评论感谢丁程鑫 桃花笑眼 /丁程鑫 神仙卧蚕/ 丁程鑫 蜜糖腹肌 /丁程鑫 夏天请多露腿/ 丁程鑫 苏神细腰 /丁程鑫 糯米软舌/ 丁程鑫 齿如含贝/丁程鑫 朱砂苏痣/丁程鑫 狐狸眼睫/丁程鑫 玫瑰磁嗓/丁程鑫 巴掌小脸 /丁程鑫 完美头身比 从一开始的喜欢你，到现在的更喜欢你@台风少年团-丁程鑫 dcx,0,0,13,1559226840000
7035252179,博古y,#宋亚轩[超话]#[米奇比心]#颜霸主唱宋亚轩# 今天是色彩斑斓的小可可，你的世界五彩缤纷，阳光灿烂,0,0,0,1559226840000
6122952203,不可置信的哈比,#台风少年团[超话]##TYT VJ接力##typhoonvlog#首尔分队（宝贵的）休息日！【TYT】VJ接力 今日VJ马嘉祺台风少年团的秒拍视频 ,0,0,0,1559226840000
5262696447,汤圆粥铺,#台风少年团[超话]##TYT VJ接力##typhoonvlog#首尔分队（宝贵的）休息日！【TYT】VJ接力 今日VJ马嘉祺台风少年团的秒拍视频 ,0,0,0,1559226840000
,科氪Krtech,:全世界唯一对外展示的风阻尼器，位于台北101大楼内，整个楼高508米，这个风阻尼器可以让摩天大楼在遭遇台风和地震时减少40%的晃动。重点在后面十秒噢,13,3,1,1559226780000
6157117698,颜霸主唱--宋亚轩,#台风少年团[超话]##TYT VJ接力##typhoonvlog#首尔分队（宝贵的）休息日！【TYT】VJ接力 今日VJ马嘉祺台风少年团的秒拍视频 ,0,0,0,1559226780000
5393238668,QY清优,:#刘耀文[超话]#🐺 #刘耀文 13岁热血首尔#      小吻游🇰🇷     截修 Ⅱ 二改❌ @台风少年团-刘耀文 ,18,6,5,1559226780000
6076249051,Edith_Plat,#台风少年团[超话]##TYT VJ接力##typhoonvlog#首尔分队（宝贵的）休息日！【TYT】VJ接力 今日VJ马嘉祺台风少年团的秒拍视频 ,0,0,0,1559226720000
5481369652,Nerolicc,:新发型挺可爱的，你速速与你的刘海和解露面吧@台风少年团-丁程鑫 ,0,0,0,1559226720000
,云动山,#羽坛花絮# 石宇奇亲自演唱哦@石宇奇_  赢德体育的微博视频 ,5,2,4,1559226720000
7167787353,旺旺仙贝宝宝,:#明星睡衣照大赛#我的睡衣宝贝@台风少年团-宋亚轩 ,7,0,0,1559226660000
7167787353,旺旺仙贝宝宝,:#讨厌的男生穿搭 喜欢的男生穿搭#@台风少年团-宋亚轩 喜欢的男生 ,0,0,0,1559226660000
1960055501,坨坨一直都在,#台风少年团[超话]##TYT VJ接力##typhoonvlog#首尔分队（宝贵的）休息日！【TYT】VJ接力 今日VJ马嘉祺台风少年团的秒拍视频 ,0,0,0,1559226660000
5852708226,rrrui蕊妹儿,:@台风少年团-马嘉祺 我今天又看见了那个学哥，我的天他的腿比你的还细！！！你说你们这帮男孩子腿怎么这么细！！！男孩子啊！我的天,7,0,11,1559226660000
6044086876,innocentkiddie,:@台风少年团 您可真行,2,0,0,1559226600000
5141510663,小白兔爱吃河虾,:#马嘉祺[超话]##全能top马嘉祺##全能top马嘉祺[超话]#陪男友出去兜风,14,4,2,1559226600000
6625074899,是最爱毕雯珺的beauty呀,小粉衬衫好好看，加上这么帅一男的，简直绝配了,0,0,0,1559226600000
1051214542,宫保鸡丁才好吃,:丁哥，我觉得头发很ok求你发自拍,0,0,0,1559226600000
5754151151,皮皮怪累了吧,#台风少年团[超话]##TYT VJ接力##typhoonvlog#首尔分队（宝贵的）休息日！【TYT】VJ接力 今日VJ马嘉祺台风少年团的秒拍视频 ,0,0,0,1559226600000
5836403487,杜绾w9,:崽的新发型好看啊！！！！@台风少年团-丁程鑫 ,0,0,0,1559226540000
3640464784,毛豆奇星,:@台风少年团-丁程鑫 宝贝你发型真的ok的！！！好看死了！！！！ ,0,0,0,1559226540000
7007816262,旋风狼宝,:文哥你好 我今年13岁 是你的妹妹粉 请问我可以坐你的自行车后座载我去上学吗,0,0,0,1559226540000
5498460700,蓝色小俊KX,:#丁程鑫[超话]##丁程鑫 巴掌小脸# 这是什么可爱skr的宝贝心心[羞嗒嗒]@台风少年团-丁程鑫 ,9,2,0,1559226540000
6563235883,刘耀文是夏日美好,#刘耀文[超话]# 快看我文哥的大长腿！！！！！这个发展方向深得我心[doge]@台风少年团-刘耀文 加vx看18楼最靓的崽的秒拍视频 ,0,0,0,1559226480000
2707804072,大气磁场高能带电粒子,#王俊凯[超话]# 王俊凯献唱《意外》，台风唱功俱佳,0,0,0,1559226480000
6006653473,二宫凉轩爱汪汪,#宋亚轩[超话]#🎤#天生歌者宋亚轩[超话]#捕捉一只小小轩，小脚脚抖的也太可爱了吧[亲亲]@台风少年团-宋亚轩 夜空上的北极星的秒拍视频 ,0,0,0,1559226480000
6334187171,凯西七分饱,:#马嘉祺 不过三定律# ⭐#马嘉祺 第一次遇见#            我才是没命了，好可@台风少年团-马嘉祺 ,3,2,0,1559226480000
6277622091,夏之目喵,剪完头会发光💡 台风少年团-姚景元的微博视频 ,0,0,0,1559226480000
6867106537,亚轩的山东大馒头,:#第一主唱宋亚轩[超话]##人鱼唱功宋亚轩[超话]#5.30#宋亚轩 和音大户##宋亚轩开口跪##宋亚轩实力唱将#[羞嗒嗒]【宋亚轩】【宋亚轩 syx】【第一主唱宋亚轩】【天生歌者宋亚轩】【台风少年团宋亚轩】宋亚轩 追梦赤子心宋亚轩 开到荼靡宋亚轩 音乐大师课宋亚轩 铿锵玫瑰宋亚轩 野子宋亚轩 不醉不会宋亚轩 易燃易爆炸宋亚轩 赤裸裸宋亚轩 夜空中最亮的星@台风少年团-宋亚轩,2,0,29,1559226480000
5710817025,会变的星星,:#丁程鑫[超话]#吃东西都很萌的宝宝[哈哈]    就算糊了也照样好看,22,1,6,1559226480000
5780614326,博古y2,:#讨厌的男生穿搭 喜欢的男生穿搭#超级喜欢那种清爽干净的少年感，太难得啦@台风少年团-宋亚轩 cr.logo ,0,0,0,1559226480000
5675573031,Simon-LuBrother,#台风少年团[超话]##TYT VJ接力##typhoonvlog#首尔分队（宝贵的）休息日！【TYT】VJ接力 今日VJ马嘉祺台风少年团的秒拍视频 ,2,0,0,1559226420000
6563235883,刘耀文是夏日美好,#刘耀文[超话]# 夏日的江边喜欢的男孩骑着单车🚲@台风少年团-刘耀文 ,0,0,0,1559226420000
6524511226,西兰花的秘密正传,:真的太可爱啦我知道你过的很好很开心我好像也更快乐了一点你还是那么好看😌清清爽爽干干净净好吃的东西要多吃一点都尝试一下大家都很喜欢的游戏也希望你能多玩几次水族馆真的好好看哦我一定要去看一次你喊小企鹅出来游个泳我就想喊你，哥，出来自个拍呗骑自行车实在是太自由太快乐了你也还是一个孩子啊,1,0,0,1559226420000
3828501402,kiyomi170,#台风少年团[超话]##TYT VJ接力##typhoonvlog#首尔分队（宝贵的）休息日！【TYT】VJ接力 今日VJ马嘉祺台风少年团的秒拍视频 ,0,0,0,1559226420000
6563235883,刘耀文是夏日美好,#刘耀文[超话]#[大侦探皮卡丘微笑]#刘耀文 向阳而生# 好好好你是第一个,0,0,0,1559226420000
6885798653,A你就是我的天使,:#讨厌的男生穿搭 喜欢的男生穿搭#@台风少年团-宋亚轩 喜欢的男生 ,0,0,0,1559226420000
6703223014,太阳花佳佳,#旦增尼玛[超话]# [太阳]#向世界安利旦增尼玛# 2017年旦增尼玛参加青海·贵南第二届“民族团结杯”机车文化旅游节开幕式，演唱自己谱曲的藏语歌曲《翅膀》。哇，小太阳这一身帅呆了！这气场两米八！@旦增尼玛 什么时候还能听见你唱《翅膀》啊？ 旦增尼玛华南海外葵园的秒拍视频 ,3,0,0,1559226360000
6489559931,王的漂亮女孩,#周震南[超话]#zzn#周震南创造营2019#  ⚠️这些都是下午控的不好的！大家补一下！排面一定不能输！海底捞它个底朝天！1⃣️意林：http://t.cn/AiKm12eI2⃣️官博http://t.cn/AiKm5k5m3⃣️艾漫http://t.cn/AiKEoz7R4⃣️http://t.cn/AiKnodhP5⃣️http://t.cn/AiKmzlxQ6⃣️腾讯http://t.cn/AiKmpxYX7⃣️http://t.cn/AiKR8Pde打咔模版见评论区@创造营2019-周震南,0,0,0,1559226360000
6885798653,A你就是我的天使,:#明星睡衣照大赛#我的睡衣宝贝@台风少年团-宋亚轩 ,0,0,0,1559226360000
6277622091,夏之目喵,#台风少年团[超话]##TYT VJ接力##typhoonvlog#首尔分队（宝贵的）休息日！【TYT】VJ接力 今日VJ马嘉祺台风少年团的秒拍视频 ,0,0,0,1559226360000
5884159529,结发与颖,猫猫喜欢鱼 鱼也喜欢猫猫 它就是喜欢你！翻肚皮了 就是喜欢！一般小动物对你翻肚皮了 就是在对你撒娇 不是要咬你 别怕～@台风少年团-丁程鑫 ,0,3,1,1559226360000
5379761186,可爱乍泄,#台风少年团[超话]##TYT VJ接力##typhoonvlog#首尔分队（宝贵的）休息日！【TYT】VJ接力 今日VJ马嘉祺台风少年团的秒拍视频 ,0,0,0,1559226360000
6277622091,夏之目喵,:@台风少年团 我在#明星势力榜#组合榜上为你加油啦，你是我今生唯一的执著哦。棒棒哒！明星势力榜第12位  ,0,0,0,1559226360000
5225949269,一隻冏鱼,:小丁剪完头发明明就超级好看的，很有精神又很清爽！终于看得到超级好看的眼睛啦,0,0,0,1559226360000
2440685317,心动完成时,:@台风少年团-丁程鑫 宝，勇敢地自拍吧，算了还是他拍吧，把手机举高一点 ,0,0,0,1559226360000
7003621490,摇钱卷卷儿,剪完头会发光💡 台风少年团-姚景元的微博视频 ,0,0,0,1559226360000
5141510663,小白兔爱吃河虾,#台风少年团[超话]##TYT VJ接力##typhoonvlog#首尔分队（宝贵的）休息日！【TYT】VJ接力 今日VJ马嘉祺台风少年团的秒拍视频 ,0,0,0,1559226300000
6589221696,一起去未来呀,:@台风少年团 恭喜你，终于出现让我愿意再看一遍的物料了！ ,0,0,0,1559226300000
1094842424,太阳君的小星,#丁程鑫 苏神细腰#丁程鑫@台风少年团-丁程鑫 好会扭一男的，真的绝了！,0,0,0,1559226300000
,冷濑,#台风少年团[超话]##TYT VJ接力##typhoonvlog#首尔分队（宝贵的）休息日！【TYT】VJ接力 今日VJ马嘉祺台风少年团的秒拍视频 ,0,0,0,1559226300000
7081344236,芒果味小踢,:@台风少年团-宋亚轩 ,11,0,9,1559226300000
6563235883,刘耀文是夏日美好,抱歉，作者已设置仅展示半年内微博，此微博已不可见。 ,0,0,0,1559226300000
5638169652,白到发光_7,:#钻石主唱马嘉祺[超话]# 🎈 #马嘉祺 第一次遇见# 马嘉祺 第一次遇见马嘉祺mjq／马嘉祺 依然爱你／全能top马嘉祺／南山归月马嘉祺／马嘉祺表情包／马嘉祺同款／马嘉祺 消防知识／马嘉祺腹肌／马嘉祺 快意／马嘉祺 澄清／马嘉祺 狼少年／马嘉祺腿／马嘉祺柴犬／马嘉祺春晚／马嘉祺 正能量／马嘉祺语录／马嘉祺 演唱会@台风少年团-马嘉祺 @台风少年团-马嘉祺 @台风少年团-马嘉祺,1,0,22,1559226300000
5697616839,90后槿汐sherry,#台风少年团[超话]##TYT VJ接力##typhoonvlog#首尔分队（宝贵的）休息日！【TYT】VJ接力 今日VJ马嘉祺台风少年团的秒拍视频 ,0,0,0,1559226300000
1094842424,太阳君的小星,#丁程鑫 苏神细腰#丁程鑫@台风少年团-丁程鑫 好会扭一男的，真的绝了！,0,0,0,1559226240000
5334807952,丁程鑫单飞了吗,猫猫喜欢鱼 鱼也喜欢猫猫 它就是喜欢你！翻肚皮了 就是喜欢！一般小动物对你翻肚皮了 就是在对你撒娇 不是要咬你 别怕～@台风少年团-丁程鑫 ,0,0,0,1559226240000
6452430642,夏白朗姆_,#台风少年团[超话]##TYT VJ接力##typhoonvlog#首尔分队（宝贵的）休息日！【TYT】VJ接力 今日VJ马嘉祺台风少年团的秒拍视频 ,0,0,0,1559226240000
1894039693,小抠抠,:@台风少年团-丁程鑫  乖乖这个发型超乖超可爱的！！！！！！！他配得到自拍，安排上吧,1,0,0,1559226240000
6519191440,小偏心眼子,:猫猫喜欢鱼 鱼也喜欢猫猫 它就是喜欢你！翻肚皮了 就是喜欢！一般小动物对你翻肚皮了 就是在对你撒娇 不是要咬你 别怕～@台风少年团-丁程鑫 ,31,36,2,1559226180000
1094842424,太阳君的小星,#丁程鑫[超话]# 丁心鱼语表演现场行叭 去趟国外又多掌握一门外语[允悲]@台风少年团-丁程鑫 cHeeseRush_的秒拍视频 ,0,0,0,1559226180000
6647197545,黄妹爱唱歌,:#马嘉祺[超话]##台风少年团[超话]#马老师……如何评价台风少年团-马嘉祺？啊啊啊啊啊啊啊啊我心动了！ ,2,0,0,1559226180000
6469940574,月色收藏家,#台风少年团[超话]##TYT VJ接力##typhoonvlog#首尔分队（宝贵的）休息日！【TYT】VJ接力 今日VJ马嘉祺台风少年团的秒拍视频 ,0,0,0,1559226120000
6837075236,简亓学长,#台风少年团[超话]##TYT VJ接力##typhoonvlog#首尔分队（宝贵的）休息日！【TYT】VJ接力 今日VJ马嘉祺台风少年团的秒拍视频 ,0,0,0,1559226120000
1726048864,Yukirinns,:还没看完我要先停一下(╥﹏╥) 这个疑似分边的短刘海配上小圆脸可爱系数蹭蹭蹭狂飙 @台风少年团-丁程鑫 快点自拍一张给我看！😭😭😭 ,1,0,0,1559226120000
6674757341,长得好看实力好就行123,:#明星睡衣照大赛#我的睡衣宝贝@台风少年团-宋亚轩 ,0,0,0,1559226120000
6320970407,tyt今天出圈了吗,:2019 05.30 没有 #台风少年团[超话]# ,1,0,0,1559226120000
6022614876,青浅蓝鸢,#明星睡衣照大赛# 沙雕TYT的睡衣party,1,0,0,1559226060000
6563235883,刘耀文是夏日美好,好可爱哦,0,0,0,1559226060000
1911685991,jinnywang,:#新浪看点# 体验更能抗台风的太阳能热水器？618就看四季沐歌航 极光体验更能抗台风的太阳能热水器？618就看四季沐歌航+极光 ,0,0,0,1559226060000
6452554928,nicklo英英云,:利空：四川金顶终止重大资产重组；巨人网络宣布撤回重大资产重组申请文件；藏格控股终止收购巨龙铜业51%股权；江龙船艇受台风影响直接经济损失约400-500万元；芭田股份受山竹影响，松岗G塔车间近期无法正常生产；浔兴股份股价跌破大股东质押平仓线；鸿达兴业、达安股份、供销大集股东减持；普丽盛、创...全文： http://t.cn/EyiQp7r,0,0,0,1559226060000
5442551929,程程养乐多,:#丁程鑫 巴掌小脸##丁程鑫 神仙卧蚕##丁程鑫 苏神细腰##丁程鑫 蜜糖腹肌##丁程鑫 夏天请多露腿# 晚安哦宝贝@台风少年团-丁程鑫 丁程鑫  dcx ,0,0,0,1559226060000
6489559931,王的漂亮女孩,#周震南[超话]#zzn#周震南创造营2019#  目标：200咔⚠️VOGUEME：http://t.cn/AiKuRWU7打咔模版见评论区@创造营2019-周震南 ,0,0,0,1559226060000
6837956216,用户6837956216,:连淮伟，快乐源泉、艺感爆棚，0.618完美比例，腿长111，台风超赞，人缘满分，实力在线，有趣的灵魂、宠粉爱豆，是我们小连没错了！@我是连淮伟 ,0,0,0,1559226000000
6309173368,白光inc,:剪完头发还是很帅气呀@台风少年团-丁程鑫 ,0,0,0,1559226000000
6837956216,用户6837956216,:98年的连淮伟带着满满的少年气息，台下可爱活跃，台上耀眼吸睛，台风超赞，帅气十足，呆萌可爱。加油，连淮伟！我们会一直陪着你的！@我是连淮伟 ,0,0,0,1559226000000
6674757341,长得好看实力好就行123,:#讨厌的男生穿搭 喜欢的男生穿搭#@台风少年团-宋亚轩 喜欢的男生 ,0,0,0,1559226000000
6563235883,刘耀文是夏日美好,#刘耀文[超话]#·#刘耀文超绝可爱# 也算是玩到奇迹文文了（别以为我们看不到你在偷偷可爱）[憧憬]@台风少年团-刘耀文 ,0,0,0,1559226000000
3184730250,爱吃火锅的祺兔三岁,:我终于又看到活的宝贝啦我喜极而泣,1,0,0,1559226000000
3734885605,hi卢小姐,:#刘耀文[超话]#[大侦探皮卡丘微笑]#刘耀文 向阳而生# 好好好你是第一个,101,38,19,1559226000000
6379227383,诶呦喂是阿时,#台风少年团[超话]##TYT VJ接力##typhoonvlog#首尔分队（宝贵的）休息日！【TYT】VJ接力 今日VJ马嘉祺台风少年团的秒拍视频 ,1,0,0,1559226000000
5498195819,一点点花心的小萝卜,:我每天都要告诉自己100遍温柔一点@台风少年团 你他妈能不能让我做个人 ,3,0,0,1559225940000
6661155791,脂腻_,:#刘耀文[超话]#·#刘耀文超绝可爱# 也算是玩到奇迹文文了（别以为我们看不到你在偷偷可爱）[憧憬]@台风少年团-刘耀文 ,22,5,4,1559225940000
5231781596,半岛有个盒,:好几天没看到会动的吻文我的第一感觉都有点陌生了…然后就一直在说真的好帅啊这个男的 这张脸每一次见都会觉得好看@台风少年团-刘耀文 ,11,0,0,1559225940000
7083712113,bingo-果酱可可,:#马嘉祺[超话]#💜#马嘉祺 不过三定律# 我宝贝英姿飒爽骑自行车！啊啊啊啊啊啊！我今天也骑了自行车！四舍五入一下我和宝贝一起骑了自行车最后一张撒娇宝贝！！！@台风少年团-马嘉祺 ,1,0,0,1559225940000
6004574106,小狐狸是小猫咪的迷弟吖,组里讨论tf的师弟台风少年团要怎么做才能有红的可能啊,0,0,0,1559225940000
6721312581,心上人是李冰玥,:兔子坐在树墩上看一本书。书上说，每打一个喷嚏，就代表有一个人正在想你。啊嚏！刚看完这句话，兔子就打了一个大大的喷嚏，大得连她自己都吓了一跳。一定有谁在想我。兔子对自己说。那么是谁呢？兔子想，一定是熊。只有熊那么大的个子，才能导致她打出那么大的喷嚏。兔子放下书，朝熊的家跑去。在熊居住的山洞前，她看见了熊笨拙的身影。啊，你怎么来了。熊显得很高兴，真巧，我刚采到了些野草莓，很新鲜，正想拿去分你一些呢。因为我打了一个很大的喷嚏。兔子得意地说，知道吗？当你打喷嚏的时候，就代表有个人正在想你呢。这样啊。熊不好意思地挠挠头。兔子饱餐一顿草莓后，哼着歌儿回家去了。路过一片开满鲜花的绿草地时，兔子停住了脚步。这里的花儿多美啊。兔子忍不住弯腰采了起来，不一会儿手上就捧了一大把。兔子把鼻尖凑上去，闻了又闻。啊嚏！很突然的，兔子又打了一个超级大喷嚏，手中的花束像是经过了台风肆虐，变得光秃秃一片。一定又是熊在想我。兔子惋惜地看了一眼满地的花瓣，转身又朝熊住的山头跑去。啊，你来得正好。熊看到兔子照例表现得很开心，我刚才忘记问你了，周末有没有空去听夜莺的演唱会？我想，我是有空的。兔子点点头。那到时候见！熊兴高采烈地说。傍晚，兔子在自家的厨房里精心炮制她拿手的萝卜布丁。美味马上就要做好了，兔子边装盘边咽口水。啊嚏！巨大的喷嚏又来了，桌上的萝卜布丁被唾沫星子污染得面目全非。兔子气得直拧耳朵，她甩下围裙就往门外跑。嗨，看到你真好。夕阳下，熊欢快地对兔子说，我用芭蕉叶给你做了一个漂亮的窗帘，你一定会喜欢的。我不喜欢。兔子不满地说，熊啊，你就算想我也不能这样不分时候啊。熊一愣。以后不要没事老想我，多想一点有建设性的东西，我很忙的。丢下这句话，兔子转身就走，心里还惦记着那份没能大功告成的萝卜布丁。熊傻了眼，呆在原地。当天半夜，喷嚏开始连绵不绝地光临兔子，它们排着队，一个接一个地被兔子打出来，没完没了的样子。不用问又是那头笨熊！兔子一边揉搓发痛的鼻头一边这样想。啊嚏！啊嚏！啊嚏！兔子渐渐感觉头昏脑胀，四肢无力，鼻子渐渐不能闻到味道，并且流淌下了晶莹的鼻水……原来不是熊在想我。是我感冒了。兔子终于发现了这个沮丧的事实，怎么办，感冒太难受了……不久，兔子家的门突然被砰地一声撞开了。兔子睁开眼睛，只见熊喘着粗气站在卧室门口。熊问：你生病了吗？熊满屋子稀里哗啦忙活了起来，又是拧湿毛巾，又是配山草药。熊，谢谢你。兔子热泪盈眶，不过，你怎么会这么晚来找我呢？因为我打喷嚏了。一个接一个，小小的，一蹦一蹦的。熊说。我猜，你一定很想很想我。,0,0,0,1559225940000
6051803109,想做一颗车厘子,:新发型好可爱，哪有剪豁@台风少年团-丁程鑫 ,1,0,0,1559225880000
7052951046,SweetmermAn_,:#刘耀文[超话]# 夏日的江边喜欢的男孩骑着单车🚲@台风少年团-刘耀文 ,40,27,8,1559225880000
5364576425,liberty0304,:@台风少年团-宋亚轩 我在#明星势力榜#新星榜上为你加油啦，你是我今生唯一的执著哦。棒棒哒！明星势力榜第39位  ,0,0,0,1559225880000
5832881066,莎拉的鱼,#台风少年团[超话]##TYT VJ接力##typhoonvlog#首尔分队（宝贵的）休息日！【TYT】VJ接力 今日VJ马嘉祺台风少年团的秒拍视频 ,0,0,0,1559225880000
6923572821,橙子味小略略,:顶层心，请把你的帽子摘掉，你的发型真的好帅@台风少年团-丁程鑫 ,1,0,0,1559225880000
2882989881,半罐茶茶,在吗@台风少年团 @台风少年团 @台风少年团 活着吗@台风少年团 @台风少年团 @台风少年团 有人吗@台风少年团 @台风少年团 @台风少年团 ,0,0,1,1559225880000
7164223797,南南的南极星201905,#me聊小分队# 你通常怎么向别人安利你的爱豆,0,0,0,1559225880000
6597165160,小姚是骄傲,#台风少年团[超话]##TYT VJ接力##typhoonvlog#首尔分队（宝贵的）休息日！【TYT】VJ接力 今日VJ马嘉祺台风少年团的秒拍视频 ,1,0,0,1559225820000
6993876380,时光终究会让人成长,#台风少年团[超话]##TYT VJ接力##typhoonvlog#首尔分队（宝贵的）休息日！【TYT】VJ接力 今日VJ马嘉祺台风少年团的秒拍视频 ,0,0,0,1559225820000
,盯三金,:#丁程鑫 神仙卧蚕#,1,0,11,1559225820000
5852708226,rrrui蕊妹儿,#台风少年团[超话]##TYT VJ接力##typhoonvlog#首尔分队（宝贵的）休息日！【TYT】VJ接力 今日VJ马嘉祺台风少年团的秒拍视频 ,1,0,0,1559225820000
6334187171,凯西七分饱,:“晚安好梦🌙” 很有@台风少年团-马嘉祺 风格的ending ,0,0,0,1559225820000
1657512394,我是一只怂肥鹤,#台风少年团[超话]##TYT VJ接力##typhoonvlog#首尔分队（宝贵的）休息日！【TYT】VJ接力 今日VJ马嘉祺台风少年团的秒拍视频 ,0,0,1,1559225760000
1094842424,太阳君的小星,#丁程鑫[超话]# 小猫咪困了想睡觉,0,0,0,1559225760000
6662774928,橙色小老虎的博君一肖,#台风少年团[超话]##TYT VJ接力##typhoonvlog#首尔分队（宝贵的）休息日！【TYT】VJ接力 今日VJ马嘉祺台风少年团的秒拍视频 ,0,0,0,1559225760000
5225949269,一隻冏鱼,#台风少年团[超话]##TYT VJ接力##typhoonvlog#首尔分队（宝贵的）休息日！【TYT】VJ接力 今日VJ马嘉祺台风少年团的秒拍视频 ,0,0,0,1559225760000
5872390202,我对你一见钟情了你知道吗,:#姚景元[超话]#  · #目若朗星姚景元[超话]##水星记[音乐]# 还有多久才能和你接近@台风少年团-姚景元 . 我对你一见钟情了你知道吗的微博视频 ,120,14,25,1559225700000
6582236639,·夏日悸动·,:#台风少年团[超话]#宝贝，姐姐告诉你，海王是不能乱叫的[doge]提问！嘉祺这一期VJ叫了几次哥！?丁儿还是依旧神仙，还有我好想亚轩和卷儿，我想看新鲜的亚轩和卷儿！呜呜呜太想了，小踢冲鸭！ ,12,0,0,1559225700000
6562226966,Alex木槿,:#第一主唱宋亚轩[超话]#【宋亚轩】【宋亚轩 syx】【天生歌者宋亚轩】【台风少年团第一主唱宋亚轩】【台风少年团宋亚轩】    @台风少年团-宋亚轩  ,0,0,21,1559225700000
3956280099,豆干Sir,:五月夜雨过后，南京很快就要迎来台风季的最美城市地平线#最南京，全民拍# @南京发布 @最南京头条 @最南京 @江苏新闻 @江苏气象 @南京头条 @南京微旅游 @南京同城 @江苏新闻 ,7,3,2,1559225700000
6551477124,XiNZiSHiQiAO,#台风少年团[超话]##TYT VJ接力##typhoonvlog#首尔分队（宝贵的）休息日！【TYT】VJ接力 今日VJ马嘉祺台风少年团的秒拍视频 ,0,0,0,1559225640000
6513255197,是木槿槿呀,:#第一主唱宋亚轩[超话]#【宋亚轩】【宋亚轩 syx】【天生歌者宋亚轩】【台风少年团第一主唱宋亚轩】【台风少年团宋亚轩】    @台风少年团-宋亚轩  ,1,0,20,1559225640000
6290532793,宝贝甜是个可爱鬼哦-,#刘耀文[超话]#·#刘耀文 氧气美貌# 终于见到文哥的新发型了！！！@台风少年团-刘耀文 脂腻_的微博视频 ,1,1,0,1559225640000
5117853366,小山园大福,:剪短不要紧嘛，主要是拉直看看呢@台风少年团-丁程鑫 ,3,0,0,1559225640000
6718299497,sisi46757,:@台风少年团-宋亚轩 我在#明星势力榜#新星榜上为你加油啦，你是我今生唯一的执著哦。棒棒哒！明星势力榜第39位 图cr logo#天生歌者宋亚轩# ,1,0,0,1559225640000
6230511572,是流水帐了,:#宋亚轩[超话]##每日分享##电影分享##料理鼠王# “即使是再微不足道的小人物，也有怀揣梦想的权力，哪怕他只是一只生活在阴沟里的老鼠。而他的梦想是成为法国五星级饭店厨房的掌勺。” 这是一部很可爱，很励志，也很治愈的电影。看了好几遍，每次看完都觉得动力满满，觉得人生又充满了希望。👩🍳👨🍳🐭 每次看完都想撸起袖子做一桌子的美食出来,1,0,2,1559225580000
6358985811,宋哥最棒,#明星睡衣照大赛# 沙雕TYT的睡衣party,1,0,0,1559225580000
6290532793,宝贝甜是个可爱鬼哦-,:#刘耀文[超话]# 🐺#刘耀文 13岁热血首尔# 瞄了一眼时常！0923！我爱了！[爱你]@台风少年团-刘耀文 ,18,0,4,1559225580000
5631463874,cHeeserush_,:#丁程鑫[超话]# 小猫咪困了想睡觉,3,1,1,1559225580000
5499288452,光海倒影,:@台风少年团-马嘉祺 多穿细条纹 please ,3,0,1,1559225580000
1949283520,Loveparadise猫捡球,#台风少年团[超话]##TYT VJ接力##typhoonvlog#首尔分队（宝贵的）休息日！【TYT】VJ接力 今日VJ马嘉祺台风少年团的秒拍视频 ,0,0,0,1559225580000
6514475673,一只牙膏味精,#台风少年团[超话]##TYT VJ接力##typhoonvlog#首尔分队（宝贵的）休息日！【TYT】VJ接力 今日VJ马嘉祺台风少年团的秒拍视频 ,0,0,0,1559225580000
1094842424,太阳君的小星,#台风少年团[超话]##TYT VJ接力##typhoonvlog#首尔分队（宝贵的）休息日！【TYT】VJ接力 今日VJ马嘉祺台风少年团的秒拍视频 ,0,0,0,1559225580000
5631992163,小汪970618,#丁程鑫[超话]#[微风]#丁程鑫 神仙卧蚕# 虽然你戴了帽子！但是我真的能看出来发型非常好看！照片安排上吧宝贝,0,0,0,1559225580000
6009308689,七凉yu,:#刘耀文[超话]#🐺#刘耀文 13岁热血首尔# 有姐妹注意到这个了嘛～哈哈哈哈～@台风少年团-刘耀文 崽啊，你在干嘛？ ,18,3,8,1559225520000
3996848310,夏冕海里,:我是一个肤浅的人，我不想欣赏自然风光，我只想看人@台风少年团-马嘉祺 ,0,0,1,1559225520000
5703043155,小柴姓马·嘉祺,:#钻石主唱马嘉祺[超话]#🍦#马嘉祺 第一次遇见# 05.30💦周四马嘉祺 第一次遇见 马嘉祺mjq／马嘉祺 依然爱你／全能top马嘉祺／南山归月马嘉祺／马嘉祺表情包／马嘉祺同款／马嘉祺 朱雀街／马嘉祺腹肌／马嘉祺 快意／马嘉祺 澄清／马嘉祺 狼少年／马嘉祺腿／马嘉祺柴犬／马嘉祺春晚／马嘉祺 正能量／马嘉祺语录／马嘉祺 演唱会@台风少年团-马嘉祺 @台风少年团-马嘉祺 @台风少年团-马嘉祺,1,0,21,1559225520000
3597135167,张张梦梦杰杰,#天合后期菌# 帅炸了！小哥哥 @WIN魏巡 滴高燃舞台混剪奉上~ 天合智造的微博视频 ,0,0,0,1559225520000
6640399941,姚景元发微博了么,:请问台风少年团里有一个叫姚景元的人么？@台风少年团 ,3,0,0,1559225520000
7005339417,亚轩慢慢长大,:#宋亚轩[超话]#我想我轩了[悲伤]@台风少年团-宋亚轩 ,4,0,0,1559225460000
2079925847,艾一古呢,【为他点赞！高校国旗护卫队同学冒雨收国旗,0,0,0,1559225460000
5631992163,小汪970618,#台风少年团[超话]##TYT VJ接力##typhoonvlog#首尔分队（宝贵的）休息日！【TYT】VJ接力 今日VJ马嘉祺台风少年团的秒拍视频 ,0,0,0,1559225460000
6158892640,tapecomplex,:#刘耀文[超话]# / #陪刘耀文赏晴雨风光# 美食亦是美景饱饱多吃点饭长高点的意思(全国各地吃的 应该算生活中遇见的美好bml@台风少年团-刘耀文 ,7,0,4,1559225460000
2313320520,枇杷面酒茶树菇,:@峰峻文化 @台风少年团  你死不死？你还真会倒人家胃口啊？,3,0,0,1559225460000
6442929952,毕圈最矮,:快来#少年可期#为你心中的真传弟子打call！天赋vocal、实力主唱、耀眼台风，从嗓音里溢出的自信和美感让主唱气场无限放大@Biiiii毕雯珺 少年可期真传弟子榜 ,0,0,0,1559225460000
6290532793,宝贝甜是个可爱鬼哦-,#刘耀文[超话]# · #全a偶像刘耀文#     240分 我文哥牛逼[赞]@台风少年团-刘耀文 爆浆芝士牛肉丸的秒拍视频 ,1,1,0,1559225460000
6661155791,脂腻_,:#刘耀文[超话]#·#刘耀文 氧气美貌# 终于见到文哥的新发型了！！！@台风少年团-刘耀文 脂腻_的微博视频 ,52,10,6,1559225400000
7035801117,博古y3,:#宋亚轩开口跪##宋亚轩 和音大户##台风少年宋亚轩在哪都行# 我们轩哥儿在哪都行♬(ノ゜∇゜)ノ♩加油哇，支持你 ,0,0,0,1559225400000
6836761864,用户6836761864,:【连淮伟 舞蹈】🐾【连淮伟 未来可期】🐾【连淮伟 实力】🐾【连淮伟 直拍】🐾【连淮伟 铁凶】🐾【连淮伟 明日之子】🐾【连淮伟 台风】🐾【连淮伟 火种】🐾【连淮伟 骑士精神】🐾【连淮伟 快乐源泉】🐾【连淮伟 不要举铁】🐾【连淮伟 淮梦红】@我是连淮伟 ,0,0,0,1559225400000
6290532793,宝贝甜是个可爱鬼哦-,:#刘耀文[超话]# 🐺#刘耀文 13岁热血首尔# 所以？？？文哥 海王！ 我想进哥哥的鱼塘[爱你]@台风少年团-刘耀文 宝贝甜是个可爱鬼哦-的秒拍视频 ,13,2,1,1559225400000
6909845283,_狼崽耀文的姐姐,#台风少年团[超话]##TYT VJ接力##typhoonvlog#首尔分队（宝贵的）休息日！【TYT】VJ接力 今日VJ马嘉祺台风少年团的秒拍视频 ,0,0,0,1559225400000
2391763424,小狐-D,:新发型真的很清爽很少年，好看的呀@台风少年团-丁程鑫 宝宝自拍快快安排~ ,0,0,0,1559225400000
6253602996,不是你禾禾,:@台风少年团-丁程鑫 小乖剪了头发好可可啊，哪有剪坏啊，真的太可可了好伐。 ,8,0,1,1559225400000
6185232930,鱼加糖,#台风少年团[超话]##TYT VJ接力##typhoonvlog#首尔分队（宝贵的）休息日！【TYT】VJ接力 今日VJ马嘉祺台风少年团的秒拍视频 ,0,0,0,1559225400000
6140858644,景至元年,:@台风少年团 麻烦你自觉爆炸,0,0,2,1559225340000
7032961423,望守相rFV522_98789,陪我弟弟踢球！就是这个⚽怎么这么小啊哈哈哈,0,0,0,1559225340000
5345289237,加vx看18楼最靓的崽,:#刘耀文[超话]##养成之光刘耀文[超话]# 文小漂亮的美颜,9,0,0,1559225340000
6869049052,嘉祺甜蜜饯儿,#台风少年团[超话]##TYT VJ接力##typhoonvlog#首尔分队（宝贵的）休息日！【TYT】VJ接力 今日VJ马嘉祺台风少年团的秒拍视频 ,0,0,0,1559225340000
6486069433,-氤氲记忆,#台风少年团[超话]##TYT VJ接力##typhoonvlog#首尔分队（宝贵的）休息日！【TYT】VJ接力 今日VJ马嘉祺台风少年团的秒拍视频 ,0,0,0,1559225340000
6925087450,何以慕,#台风少年团[超话]##TYT VJ接力##typhoonvlog#首尔分队（宝贵的）休息日！【TYT】VJ接力 今日VJ马嘉祺台风少年团的秒拍视频 ,0,0,0,1559225340000
5393238668,QY清优,:我也想和小文一起🚴 @台风少年团-刘耀文 ,1,0,0,1559225280000
2692877095,姚先生的冷小姐,:晚安🌙 @台风少年团-姚景元 ,0,0,0,1559225280000
5585786277,哥哥快到怀里来,#台风少年团[超话]##TYT VJ接力##typhoonvlog#首尔分队（宝贵的）休息日！【TYT】VJ接力 今日VJ马嘉祺台风少年团的秒拍视频 ,0,0,0,1559225280000
3441948650,丿温言,#台风少年团[超话]##TYT VJ接力##typhoonvlog#首尔分队（宝贵的）休息日！【TYT】VJ接力 今日VJ马嘉祺台风少年团的秒拍视频 ,0,0,0,1559225280000
5631463874,cHeeserush_,:#丁程鑫[超话]# 丁心鱼语表演现场行叭 去趟国外又多掌握一门外语[允悲]@台风少年团-丁程鑫 cHeeseRush_的秒拍视频 ,98,58,22,1559225280000
2695681393,带着男票饭tf家族,:#明星睡衣照大赛# 携崽崽们的高能场面参赛。耀文：我们去鬼屋，然后有个男生就一直在那捂着耳朵尖叫，阿……阿……阿,0,0,0,1559225220000
6187810029,马嘉祺小助理,#台风少年团[超话]##TYT VJ接力##typhoonvlog#首尔分队（宝贵的）休息日！【TYT】VJ接力 今日VJ马嘉祺台风少年团的秒拍视频 ,8,1,1,1559225220000
1835460485,美顏收割機,:哥发自拍吧我想看看你的新发型@台风少年团-丁程鑫 ,0,0,0,1559225220000
6619868364,SweetCheeseI芝士奶糖,:#台风少年团[超话]#🌗 #少年不独行[超话]#     真好，我的人❤ @香香的CD机 ,62,3,61,1559225220000
3441948650,丿温言,#台风少年团[超话]##TYT VJ接力##typhoonvlog#首尔分队（宝贵的）休息日！【TYT】VJ接力 今日VJ马嘉祺台风少年团的秒拍视频 ,0,0,0,1559225220000
7105490087,香香的CD机,:#台风少年团[超话]#💿 真好，我的人❤ @SweetCheeseI芝士奶糖 ,52,0,29,1559225220000
3845330448,昔时·遥远,:我现在天天活的像个怨妇也是绝了,8,0,0,1559225160000
7033536806,sFb9QWcmjWiGR006,陪我弟弟踢球！就是这个⚽怎么这么小啊哈哈哈,0,0,0,1559225160000
5446522153,今天你难受了吗,:#丁程鑫[超话]#[微风]#丁程鑫 神仙卧蚕# 虽然你戴了帽子！但是我真的能看出来发型非常好看！照片安排上吧宝贝,165,105,46,1559225160000
7016270348,用户7016270348,:#紫薯于你#你紫薯于我@台风少年团-宋亚轩 ,0,0,0,1559225160000
5502092419,雪诗007,#台风少年团[超话]##TYT VJ接力##typhoonvlog#首尔分队（宝贵的）休息日！【TYT】VJ接力 今日VJ马嘉祺台风少年团的秒拍视频 ,0,0,0,1559225160000
7016270348,用户7016270348,:#明星睡衣照大赛#我的弟弟好可爱@台风少年团-宋亚轩 ,0,0,0,1559225160000
6449761188,铛铛在云端,:小分队都出来了？长本事是吧，你有本事把小分队三个字去掉，我还真心实意说声佩服，养条狗还知道叫唤两声，你怎么就像厕所里的蛆，天天尽知道在屎里面咕涌咕涌呢？@台风少年团 ,4,0,1,1559225100000
5792588935,努力努力_冲鸭,张云雷 《探清水河》+《送情郎》哈哈这是郭的秀救场临时唱的,0,0,0,1559225100000
6819466790,与小马去挪威看极光,#台风少年团[超话]##TYT VJ接力##typhoonvlog#首尔分队（宝贵的）休息日！【TYT】VJ接力 今日VJ马嘉祺台风少年团的秒拍视频 ,0,0,0,1559225100000
5502092419,雪诗007,#台风少年团[超话]##TYT VJ接力##typhoonvlog#首尔分队（宝贵的）休息日！【TYT】VJ接力 今日VJ马嘉祺台风少年团的秒拍视频 ,0,0,0,1559225100000
5676225592,玖月元祈,:#姚景元[超话]# 我多久没看见你了！你自己说说？今天又是羡慕别人的一天我哭了！[泪]@台风少年团-姚景元 晚安😴💤卷儿 ,6,0,1,1559225100000
6489559931,王的漂亮女孩,#周震南[超话]#zzn#周震南创造营2019#  目标：200咔⚠️重要博 速来捞自家！点赞十个自家！湖南卫视贴吧：http://t.cn/AiKulcFb捞不到就倒序捞！占前排！打咔模版见评论区@创造营2019-周震南 ,0,0,0,1559225100000
5873286260,姐姐爱馒头,#台风少年团[超话]##TYT VJ接力##typhoonvlog#首尔分队（宝贵的）休息日！【TYT】VJ接力 今日VJ马嘉祺台风少年团的秒拍视频 ,0,0,0,1559225040000
3192210892,依赖520依靠,:方宙:我应该是捡来的！丁程鑫 @台风少年团-丁程鑫 #丁程鑫[超话]# ,0,0,0,1559224980000
6901584336,丁妙妙yayaya,:#全优top丁程鑫[超话]##丁程鑫 夏天请多露腿##丁程鑫 神仙卧蚕# 认识你很久了，兜兜转转成了我最想支持的人，丁程鑫前方的路都是你的，未来一起走吧@台风少年团-丁程鑫 ,0,0,0,1559224980000
7030516630,还是这只小羊,:#宋亚轩开口跪##宋亚轩 和音大户##宋亚轩 自由# 颜霸主唱宋亚轩、天生歌者宋亚轩、人鱼唱功宋亚轩、台风少年宋亚轩在哪都行♬(ノ゜∇゜)ノ♩ ,1,0,0,1559224920000
5345289237,加vx看18楼最靓的崽,:#刘耀文[超话]# 快看我文哥的大长腿！！！！！这个发展方向深得我心[doge]@台风少年团-刘耀文 加vx看18楼最靓的崽的秒拍视频 ,50,21,7,1559224920000
3476206200,闭嘴劳资被打自闭了,:？？？？？？185、100斤？？？恰🍋 刮台风怎么办啊 ,0,7,0,1559224920000

6575017077,歌手宋亚轩的麦,:#世界最南端城市变了#想去广州看亚轩@台风少年团-宋亚轩 ,0,0,0,1559224800000
6575017077,歌手宋亚轩的麦,:#姐弟恋体质#？我和我宝贝弟弟可以@台风少年团-宋亚轩 ,0,0,0,1559224740000
5161210950,我唱歌跑调·,:姚景元呢???@台风少年团 ,2,0,0,1559224740000
6425467816,吧唧一口奶味祺,:#马嘉祺##马嘉祺[超话]##马嘉祺 依然爱你##马嘉祺 时差一小时##全能top马嘉祺# 马嘉祺mjq／马嘉祺 依然爱你／全能top马嘉祺／南山归月马嘉祺／马嘉祺表情包／马嘉祺同款／马嘉祺 消防知识／马嘉祺腹肌／马嘉祺 快意／马嘉祺 澄清／马嘉祺 狼少年／马嘉祺腿／马嘉祺柴犬／马嘉祺春晚／马嘉祺 正能量／马嘉祺语录／马嘉祺 演唱会@台风少年团-马嘉祺,0,0,0,1559224740000
5459603805,一只佩佩呀,#台风少年团[超话]##TYT VJ接力##typhoonvlog#首尔分队（宝贵的）休息日！【TYT】VJ接力 今日VJ马嘉祺台风少年团的秒拍视频 ,0,0,0,1559224680000
6089842123,youyou天高水远,抱歉，作者已设置仅展示半年内微博，此微博已不可见。 ,0,0,0,1559224680000
3845330448,昔时·遥远,:倒也不必出来扎我心，你这样还不如死了算了,4,0,0,1559224620000
6293588619,马嘉祺后援会官博,#台风少年团[超话]##TYT VJ接力##typhoonvlog#首尔分队（宝贵的）休息日！【TYT】VJ接力 今日VJ马嘉祺台风少年团的秒拍视频 ,575,2113,219,1559224620000
5498195819,一点点花心的小萝卜,:您可真会营业@台风少年团 ,4,0,0,1559224620000
6431467325,一个小思一,张云雷 《探清水河》+《送情郎》哈哈这是郭的秀救场临时唱的,0,0,0,1559224620000
,小千二十和阿惠,:等zj姐姐给我下知网论文，上来喘口气🗣好累哦，洗个衣服就腰疼，写千把来字就以为过了半天，所以连轴转的时候你是怎么熬过来的阿，台风天站在21楼阳台探出身子的时候很不舒服吧。一周了，会想说如果自己完全不知道会不会好受很多。其实不会，因为过后一定会愧疚，会因为自己吃好睡好怪罪自己。起码现在去了寺庙给你祈福，和朋友相互安慰，听到一切顺利时给大家发了红包。反/黑的姐妹今天开心坏了，真的一切都刚刚好，起码后面如果tb也会少一个无脑责/怪你的地方。姐姐继续去写报告了，希望你一切都好,0,0,0,1559224560000
6661663913,踢崽不火不退圈,#台风少年团[超话]##TYT VJ接力##typhoonvlog#首尔分队（宝贵的）休息日！【TYT】VJ接力 今日VJ马嘉祺台风少年团的秒拍视频 ,0,0,0,1559224560000
7089078184,耀文月刊_SUNDIAL,#台风少年团[超话]##TYT VJ接力##typhoonvlog#首尔分队（宝贵的）休息日！【TYT】VJ接力 今日VJ马嘉祺台风少年团的秒拍视频 ,0,0,0,1559224560000
6061953832,刘耀文后援会官博,#台风少年团[超话]##TYT VJ接力##typhoonvlog#首尔分队（宝贵的）休息日！【TYT】VJ接力 今日VJ马嘉祺台风少年团的秒拍视频 ,198,3229,209,1559224500000
6130012870,雲淏楠,张云雷 《探清水河》+《送情郎》哈哈这是郭的秀救场临时唱的,0,0,0,1559224500000
7060307560,用户7060307560,#创造营2019[超话]# 🌊#身在鹅营心在汉# 撕名牌马雪阳撕到扔鞋，皮皮鬼翟潇闻遭刘也整蛊,0,0,0,1559224500000
5212541926,会拥有小柴的_,#台风少年团[超话]##TYT VJ接力##typhoonvlog#首尔分队（宝贵的）休息日！【TYT】VJ接力 今日VJ马嘉祺台风少年团的秒拍视频 ,0,0,0,1559224500000
5359685902,丁程鑫后援会官博,#台风少年团[超话]##TYT VJ接力##typhoonvlog#首尔分队（宝贵的）休息日！【TYT】VJ接力 今日VJ马嘉祺台风少年团的秒拍视频 ,359,8534,50,1559224500000
,椰梨梨梨y,#台风少年团[超话]##TYT VJ接力##typhoonvlog#首尔分队（宝贵的）休息日！【TYT】VJ接力 今日VJ马嘉祺台风少年团的秒拍视频 ,0,0,0,1559224500000
6463227228,三金军团-星芒控评战队,:#丁程鑫[超话]#✨#全优top丁程鑫[超话]#本条目标打卡100[话筒]控评台风少年团【http://t.cn/AiKulILE】新浪Fan娱乐【http://t.cn/AiKuMHRg】请每个人用8级或以上小号控评并带【丁程鑫 我永远属于你】 打卡，转发并艾特3名好友@台风少年团-丁程鑫 ,3,2,59,1559224440000
6992020310,五百迪卡侬,:#北京车展# #Justin黄明昊密室大逃脱# 是不陷世俗的纯真少年 是才华无限的实力偶像 人有千面 昊哥百变 唱跳全能 台风炸裂的魅力少年 黄明昊@jjjustin0219 此刻为你 心跳不已 ,0,0,0,1559224440000
6357346916,彤·禾子·J,#台风少年团[超话]##TYT VJ接力##typhoonvlog#首尔分队（宝贵的）休息日！【TYT】VJ接力 今日VJ马嘉祺台风少年团的秒拍视频 ,0,0,0,1559224440000
6622397496,A_霖怼怼是英雄,:#台风少年团[超话]##马嘉祺[超话]##全能top马嘉祺# 喜欢的少年是你[抱抱]抱走祺祺~ ,0,0,0,1559224380000
6620842908,时代少年团,:#台风少年团[超话]##TYT VJ接力##typhoonvlog#首尔分队（宝贵的）休息日！【TYT】VJ接力 今日VJ马嘉祺台风少年团的秒拍视频 ,53087,22810,1925,1559224380000
5533837635,無限期戀愛·,追星女孩的心声： ,0,0,0,1559224380000
7145933231,心你你心你心你,:@台风少年团-丁程鑫 我在#明星势力榜#内地榜上为你加油啦，你是我今生唯一的执著哦。棒棒哒！明星势力榜第116位  ,0,0,0,1559224380000
,粮和蔬菜,🌈台湾台中有一个彩色眷村，全部由一位年过90的爷爷自己手绘的。几十年前这里曾有近千户居民，后来慢慢的全都搬走了，只有黃永阜爷爷不愿离去。为了拯救这里不被拆除，他拿起画笔，并没有学过画画的他，凭借儿时的记忆，开始一家一户的随意涂抹。最终他实现了自己的心愿，这片村落被完整的保留了下来。,0,0,0,1559224380000
5834583554,宋·吃甜长大的,:#第一主唱宋亚轩[超话]##宋亚轩 和音大户##宋亚轩开口跪##宋亚轩实力唱将#【宋亚轩】【宋亚轩 syx】【第一主唱宋亚轩】【天生歌者宋亚轩】【台风少年团宋亚轩】宋亚轩 追梦赤子心宋亚轩 开到荼靡宋亚轩 音乐大师课宋亚轩 铿锵玫瑰宋亚轩 野子宋亚轩 不醉不会宋亚轩 易燃易爆炸宋亚轩 赤裸裸宋亚轩 夜空中最亮的星@台风少年团-宋亚轩,0,0,23,1559224380000
5064040003,BlueRoseKun_蔡徐坤,#巅峰之夜#夜神还是爱大家的！,0,0,0,1559224320000
7029694799,这是小羊,:#宋亚轩 和音大户##宋亚轩 王妃##台风少年宋亚轩在哪都行# 一直支持宋亚轩，要加油呐，要开心呀 ,0,0,0,1559224320000
2108496392,红色基因创业张,:你若有眼光，环保这事业必成大业！招募合伙人，一起做环保事业，成为我们团队的一员，你会收获你意想不到的。我的项目是帮助劳动者减少他们的辛苦。现在全国各地不是天气炎热、就是受台风或者其他因素影响，暴风大雨的，下雪的，我们的项目是可以解决这些情况下的问题。有没有对环保、垃圾回收处理、节能项目感兴趣的个人或者企业或者团体，环保协会、企事业单位、政府部门、现在万事俱备，只欠东风，就差资金投入市场，现在就差资金这块，其他的都是现成的，本项目第一可以提高就业率，及其大学生的资源，第二，双重盈利模式，第三，可以让当地城市的环境得到很好的改善和提高，本项目可以在沈阳或者大连。也可以在北上广、南方地区，现在有一个口号，就是国家卫生城市称号，你是天使投资人还是投资机构或者自由投资人感兴趣的可以转发或者私信，将环保事业进行到底！！！skr，想创业的，自己干点事的，就联系我。我不敢保证能让你一夜成为首富，但我保证的是项目能让你赚钱!!,2,0,1,1559224260000
5833910405,阿宋的小鱼儿,:@台风少年团-宋亚轩 我在#明星势力榜#新星榜上为你加油啦，你是我今生唯一的执著哦。棒棒哒！明星势力榜第39位  ,0,0,0,1559224200000
6484110126,p-酱b酱,:55555什么时候才能看到马vj更视频@台风少年团-马嘉祺 ,0,0,0,1559224200000
6508158046,隔壁小孩小热,:#第一主唱宋亚轩[超话]#【宋亚轩】【宋亚轩 syx】【第一主唱宋亚轩】【天生歌者宋亚轩】【台风少年团宋亚轩】宋亚轩 追梦赤子心宋亚轩 开到荼靡宋亚轩 音乐大师课宋亚轩 铿锵玫瑰宋亚轩 野子宋亚轩 不醉不会宋亚轩 易燃易爆炸宋亚轩 赤裸裸宋亚轩 夜空中最亮的星 今日求踩 谢谢 晚安[爱你]@台风少年团-宋亚轩,2,0,26,1559224140000
6337884450,禁止在此吃泡芙,:#姚景元[超话]#‖ #一品酒窝姚景元# 🐰 @台风少年团-姚景元 🐰 大家能认出来这是哪几套衣服吗 ,25,2,5,1559224140000
7033536823,略大才_jUH910_66485,陪我弟弟踢球！就是这个⚽怎么这么小啊哈哈哈,0,0,0,1559224140000
6522385314,林雪儿的四叶草之恋,#明星睡衣照大赛# 沙雕TYT的睡衣party,1,0,0,1559224080000
6187810029,马嘉祺小助理,:#钻石主唱马嘉祺[超话]# 晚上好来喝口水啦，一闪一闪亮晶晶，满天都是小星星[羞嗒嗒]@台风少年团-马嘉祺 ,2,0,21,1559224020000
6120893165,纳兰曦潇1411,:热血的愿望 好听到想骂街怎么破！是不一样的@台风少年团  ！#亚洲新歌榜# ,0,0,0,1559224020000
5484130996,久处不厌xzls,张云雷 《探清水河》+《送情郎》哈哈这是郭的秀救场临时唱的,0,0,0,1559224020000
7052505997,源味扁桃仁,:#你安利的样子像极了骗子#看过宋亚轩视频的人都说好@台风少年团-宋亚轩 ,0,0,0,1559224020000
1989534434,lfx160219,":每年的5月29日是俄罗斯联邦武装部队的“军事驾驶日”,今年“军事驾驶日”前夕，俄罗斯西部军区武装部队的司机们在莫斯科地区超过50个障碍路面上驾驶轮式和履带式车辆进行训练【图1】从左上开始顺时针为APSB装甲消防车、基于Ural-532362的维修和救援车、“台风-K”（K-63968）防地雷反伏击车、“虎-M”装甲车、“台风-VDV”空降装甲车(K-4386)、GAZ-3344-20履带式铰接全地形车",31,25,10,1559224020000
6574450665,七亓飞行器,#明星睡衣照大赛# 沙雕TYT的睡衣party,0,0,0,1559224020000
7049214054,台风少年团解散倒计时,:#TYT台风少年团今天解散了吗[超话]#快了。 ,1,0,0,1559223960000
7052505997,源味扁桃仁,:#儿童节被迫营业现场#或许6月1可以听到宝宝唱歌吗@台风少年团-宋亚轩 ,0,0,0,1559223960000
5778982255,冰冻的清泉cat,从@造园记 开始入坑 一路囤到没地方可再堆了😂前几天气温不够一直没开 简直给老母亲急坏了…终于陆续开fa了！从养啥死啥到能开花，感谢造园记的指导！花傻一年级来交作业了,0,0,0,1559223960000
2010021631,一位不愿透露姓名的地理学者,:#高考加油##高考##高考地理# 1、洪涝灾害我国典型地区：东北；黄河、长江中下游地区；淮河流域；珠江流域等产生的原因：（1）自然原因：降水持续时间长，降水集中（如长江流域的梅雨天气）；夏季风的强弱变化（副高强：南旱北涝；副高弱：南涝北旱）；台风的影响；缺少天然的入海河道（淮河）；地势低洼（海河、珠江）；水系支流多（扇形水系、树枝状水系）；河道弯曲（荆江河段）；厄尔尼若现象等。（2）人为原因：滥砍滥伐，造成水土流失加剧，河床抬升；围湖造田；不合理水利工程建设（渭河流域）治理措施：植树造林，建设防护林体系；退耕还湖；修建水利工程；裁弯取直，加固大堤；开挖入海河道（淮河）；修建分洪区；建立洪水预报预警系统等。 http://t.cn/R9atg31,2,0,0,1559223960000
2427768724,寂寞在叹息,:林宥嘉官方版《成全》曝出，演唱会台风超正点～音乐视频搬运的秒拍视频 ,1,0,0,1559223900000
6187690006,牛奶记得喝,:#明星睡衣照大赛#提名刘耀文#刘耀文[超话]#@台风少年团-刘耀文 ,0,1,0,1559223900000
7052505997,源味扁桃仁,:#安静的课间十分钟现象#他现在应该在努力备战中考@台风少年团-宋亚轩 ,0,0,0,1559223900000
7052505997,源味扁桃仁,:#讨厌的男生穿搭 喜欢的男生穿搭#主要是看脸@台风少年团-宋亚轩 ,0,0,0,1559223840000
5231781596,半岛有个盒,:刘耀文出来甩头@台风少年团-刘耀文 半岛有个盒的微博视频 ,4,0,5,1559223840000
6865817898,张家小橙橙,张云雷 《探清水河》+《送情郎》哈哈这是郭的秀救场临时唱的,0,0,0,1559223840000
7052505997,源味扁桃仁,:#姐弟恋体质#跟弟弟谈恋爱一定很甜@台风少年团-宋亚轩 ,0,0,0,1559223780000
6309961288,橙去冰,:单身狗🍋迷思:从教学楼走到寝室路上隐约掉了四五点儿雨，对面走过来一对小情侣相互扶持挤在一把伞下，好像伞外面是台风似的,3,0,0,1559223780000
6620386111,Yukura_wen,:已经一个星期了啊，宝一个月能有几个星期啊?一年能有几个月啊？宝你还记不记得你的老母亲们了啊! ! !望眼欲穿啊宝，欲穷千里目啊宝@台风少年团-刘耀文 ,2,0,0,1559223780000
5112397879,娜夜猫子,:#周震南[超话]# 周震南 stuck vocal rap 加创作，这首当时首秀的stuck真的让人印象深刻，再加上霸气的台风，真的是舞台王者周震南。@创造营2019-周震南  #周震南创造营2019#  Stuck (明日之子 第2期) ,8,0,0,1559223720000
6480845772,香香的姚景元,#明星睡衣照大赛# 来看睡衣小帅哥在线唱歌，有木有撩到你呀~,0,0,0,1559223720000
5841965878,月觀琪星_,#马嘉祺[超话]# 马嘉祺小朋友六一快乐！~~~@台风少年团-马嘉祺 向横已经get到两只柴，你也一定会拥有你的柴！[爱你]BGM:徐梦圆—Candy Girlhttp://t.cn/AiKR9y4G 寞寞_的微博视频 ,0,0,0,1559223720000
6388010676,三斤四两鱼呀牙哑亚,「征集投稿」#po一张爱豆的表情包# 分享一张你家小甜豆的表情包,1,0,0,1559223660000
7081344236,芒果味小踢,:@台风少年团 @峰峻文化 真是服了，你们是怎么能把追星这件事搞得这么无聊的🙃 ,2,0,0,1559223660000
6424678495,跳出圈子看圈子文化公司,【请把手机还回来！大爷将存有亡妻视频的手机丢失，女子捡到后拒归还,0,0,0,1559223660000
6439031729,张几龄,张云雷 《探清水河》+《送情郎》哈哈这是郭的秀救场临时唱的,0,0,0,1559223660000
6663261867,三文小姐姐,:#台风少年团[超话]##追星小趣事#在等小哥哥们的一个综艺节目时，突然！！！小的要看动画片，大的要看电视剧。我只能默默地把我的小板凳给拿走。（上有老，下有老。惹不要，我就跑。） ,1,0,1,1559223600000
5676225592,玖月元祈,#明星睡衣照大赛# 来看睡衣小帅哥在线唱歌，有木有撩到你呀~,1,0,0,1559223600000
2506650311,-槑槑m,张云雷 《探清水河》+《送情郎》哈哈这是郭的秀救场临时唱的,0,0,0,1559223600000
7052505997,源味扁桃仁,:#明星睡衣照大赛#我儿必须应有姓名@台风少年团-宋亚轩 ,0,0,0,1559223600000
7091766192,一颗酥心糖02,:#台风少年团[超话]#我天[色]这锁骨真是帅到我了,37,0,3,1559223360000
5955220635,_顽飔_,:@台风少年团-马嘉祺 ,0,0,0,1559223360000
5863918038,龙龙龙婷子,#明星睡衣照大赛# 沙雕TYT的睡衣party,0,0,0,1559223300000
6720466683,月祺星河,#明星睡衣照大赛# 沙雕TYT的睡衣party,0,0,0,1559223300000
2612810477,萌哒哒的傲气ZYL,张云雷 《探清水河》+《送情郎》哈哈这是郭的秀救场临时唱的,0,0,0,1559223240000
6063428046,用户6063428046,:我关注了tyt台风少年团超话，小伙伴们快来加入tyt台风少年团超话一起聊聊吧~戳这里→ tyt台风少年团 ,0,0,0,1559223180000
5856487106,日尧pa,:#周震南[超话]#zzn#周震南创造营2019# Day18哪个地方最吸引你那可太多了最开始是颜粉然后被南南的台风震惊之后又被他的沙雕和可爱吸引现在是觉得我南南啥都好看见了 就移不开眼了@创造营2019-周震南 ,4,0,0,1559223180000
6063428046,用户6063428046,:我关注了台风少年团四子超话，小伙伴们快来加入台风少年团四子超话一起聊聊吧~戳这里→ 台风少年团四子 ,0,0,0,1559223120000
6067971790,文的佩琪,:#明星睡衣照大赛# 绝美！@台风少年团-刘耀文 ,7,0,3,1559223120000
6063428046,用户6063428046,:我关注了台风表情包库超话，小伙伴们快来加入台风表情包库超话一起聊聊吧~戳这里→ 台风表情包库 ,0,0,0,1559223120000
6063428046,用户6063428046,:我关注了台风十子超话，小伙伴们快来加入台风十子超话一起聊聊吧~戳这里→ 台风十子 ,0,0,0,1559223120000
6578163720,栗栗伊鲁卡,:#陪刘耀文赏晴雨风光#小朋友以后还要去很多的地方，见很多的人。希望这份好运一直陪伴着你。@台风少年团-刘耀文 未来还很长，世界很大，做一个小小的探险家，对这个世界永远充满好奇心，就像你现在的小小世界永远是纯真，善良，正义和热血一样。 ,0,0,0,1559223120000
6290532793,宝贝甜是个可爱鬼哦-,在下锦鲤大王刘耀文是也,1,0,0,1559223120000
6063428046,用户6063428046,:我关注了台风十子超话，小伙伴们快来加入台风十子超话一起聊聊吧~戳这里→ 台风十子 ,0,0,0,1559223060000
6104171509,随遇而安·安然,#明星睡衣照大赛# 沙雕TYT的睡衣party,0,0,0,1559223000000
6233997368,浅若夏沫子2,#明星睡衣照大赛# 沙雕TYT的睡衣party,0,0,0,1559223000000
