6421704858,泰柬拍婴阁,:【收藏佳品！“百僧符管”，泰国大城府高僧法会加持！】这期符管为2019年2月20日加持于泰国大城府，百名高僧参与加持。符管外观色调为泰国国旗，每根符管都经过100名高僧加持，四面神高僧龙婆禅南及龙婆马哈苏拉萨都到场了，招财幸运法门高僧龙婆通丹也联合加持。100名高僧分4组加持佛牌，每组25名高僧，分别对应四大法门：1. 挡险避灾，保护佩戴者不遭遇车祸溺亡火灾爆炸等意外危险。抵挡子弹。2. 人缘吸引，让佩戴者得到更多朋友的帮助，让存心陷害的小人放弃行恶，化敌为友，让恋人及亲友更珍惜爱护自己，增进感情。3. 财源广进，佩戴者将容易遇到发财赚钱机会，做事容易成功，短时间内可得到大笔财富。4. 权势权力，佩戴者权势权力及气场得到增强，不容易遭人牵着鼻子走，也不容易被人诋毁欺负，容易操纵人心，让他人帮自己做事。,0,0,0,1551541980000
6036633903,渭南头条,:【#横店特有的演员阶级# ：从群演做起，几百人面试争取一个前景机会,0,0,0,1551541380000
,邯郸之窗hdzc,:#邯郸身边事# 【邯郸魏县公安连夜拘留多人……】在治理环境污染工作中，魏县公安局党委书记、局长郭杰代表局党委，要求全体干警坚持有烟必查，有火必究，采取全警联动机制，重拳出击，对非法焚烧行为要严厉打击。3月1日夜，县局迅速拘留6名非法焚烧违法行为人，为改善人民群众的生活环境贡献力量。3月1日，边马派出所对本辖区内存在安全隐患的重点区域加强巡逻防控。17时许，民警兵分三路，分别将正在各自田地内使用明火作业的张某某（男，48岁，边马乡某村人）、王某堂（男，50岁，边马乡某村人）、杨某芳（女，49岁，边马乡某村人）控制。经调查，违法行为人张某某、王某堂、杨某芳对自己顶风违法焚烧秸秆的违法行为供认不讳。根据相关法律法规，民警对杨某某做出行政拘留五日的处理决定。17时许，泊口派出所在边马乡某村南地内发现一名男子使用明火作业，将秸秆点燃，现场产生大量烟尘，污染环境。经民警调查取证，违法行为人刘某保对自己的违法行为供认不讳。根据相关法律法规，民警对杨某某做出行政拘留五日的处理决定。18时许，大辛庄派出所在工作中发现，某村北地有明火发生，现场有大量烟尘。民警迅速赶赴现场，将正在作业的段某涛（男，53岁，边马乡某村人）当场控制。经调查，违法行为人段某涛对自己的违法行为供认不讳。根据相关法律法规，民警对杨某某做出行政拘留五日的处理决定。20时许，仕望集派出所民警在巡逻中发现，某村村边田地内有一名女子在使用明火作业，燃烧秸秆，随即上前将该人控制。经调查，郭某利（40岁，仕望集乡某村人）对自己的违法行为供认不讳。根据相关法律法规，民警对杨某某做出行政拘留五日的处理决定。在此，警方提示：露天焚烧秸秆不仅污染大气环境，加剧雾霾产生，严重影响人体健康，更容易引发火灾事故，存在较大的安全隐患。广大群众要积极响应中央关于推进生态文明建设的号召，牢固树立公共意识、环保意识、生态意识，充分认识焚烧秸秆、垃圾的严重危害性，自觉遵守严禁焚烧秸秆的相关规定，争做文明守法的好居民。,1,0,0,1551541020000
6208041397,要实现幸福地球陈勇,":《两个拥核国家打起来了！印度空军这回损失惨重，巴铁呼吁冷静》根据媒体爆料，这名飞行员已经结婚，有两个孩子，在驾驶米格21前，还是一名优秀的苏30飞机驾驶员。http://t.cn/EIGMgfI 推动推进幸福地球，幸福地球人建设战略，让每一个地球人都能更加幸福，都能全幸福（根本性幸福:只有幸福没有任何伤害），对地球、地球人进行幸福系统最顶层设计！推动 推进幸福地球、幸福地球人建设战略前进，推动推进地球杭州西湖建立地球幸福委员会，地球其他地方地球幸福委员会分委员会推动推进地球和地球人幸福的根本性体制机制与机构前进，通过运行流畅、执行力强、行动力快的地球幸福委员会体系推动推进地球和地球人幸福前进!地球各个地方团结一心，心往一处想，劲往一处使，推动推进地球各项事业、各项战略前进，拿出根本性战略举措，彻底消灭损害地球人幸福的一切力量，彻底消灭全球气候变暖问题，彻底消灭地球人战争与冲突问题，彻底消灭地球人恐怖袭击问题，彻底消灭地球人自杀问题，彻底消灭地球人经济发展阻碍问题，彻底消灭火灾问题，彻底消灭癌症艾滋病白血病流感等病，彻底解决枪支杀人问题，彻底解决高利贷致人自杀问题，推动推进地球—地球人每个家庭球家一体化地球人工作体系前进彻底解决每一个地球人事业工作问题，推动推进地球财政建设利用地球财政支付工资方式彻底解决每一个地球人经济来源问题，推动幸福自治彻底消灭地球人治安问题（通过个人幸福，个人幸福自觉规范自身文明与行为）,推动推进幸福家庭（地球每个）前进，让每一个家庭，每一个地球人进行根本性教育让他们时刻都幸福,彻底消灭地球人劳苦累工作问题，彻底消灭地球人加班问题，推动推进地球人彻底合理放假与休息问题，彻底解决熬夜至死问题，推动推进全面依法治理地球（全面依法治球）前进彻底规范每一个地球人的行为使每一个地球人行为都文明，在地球各个地区与国家组建地球公立医院，推动推进地球公立医院免费看病战略，让每一个地球人在地球公立医院看病都能免费，彻底解决每一个地球人吃的饱，穿的暖，住的干净等基础生活需求问题，发展每一个地球人更高质量的生活，推动推进幸福地球，幸福地球人建设战略，让每一个地球人都能更加幸福，都能根本性幸福！！！！！#杭州·杭州西湖[地点]#",0,0,0,1551540780000
6425834883,桃源微分享,:#常德爆料#【湖南新闻联播：#12岁女孩火场舍身救弟弟重伤离世#】2月22日，常德桃源县漳江街道渔父祠社区一居民家中突发火灾。危急时刻，12岁的姐姐陈子墨将5岁的弟弟陈墨子护在了怀里，用自己身体为弟弟筑上了一道防火墙。因为姐姐的保护，弟弟受伤轻一些，目前情况比较稳定，已转入普通病房。而勇敢坚强的姐姐，因烧伤过于严重，于2月27日17时30分停止了呼吸。 http://t.cn/EfsMH3O,1,0,0,1551540600000
6727174368,black能面寒517,:他们相隔了两年。过去的文希意外撞破了雨桐的心事，帮他父亲逃过火灾，让他免于抑郁而死。她以为救了人却害死了另个人，手 ,0,0,0,1551540480000
,xxxipear,:广东银行的所在地扬子街地处江汉路商圈，在上世纪九十年代曾是辉煌一时的大型服装商场。几场火灾之后，扬子街服装商场被拆除，变成了婚庆一条街。在繁华的步行街背后，扬子街显得格外冷清，现在走在街上，随处可见的是婚纱出售和喜糖批发的店子。狭窄的巷子裡，婚纱店的老板将泛黄的婚纱拿出来清洗，晾在门口晒乾，最后再挂上“婚纱100一件”的牌子。曾经婚姻开始的地方，现在挂满廉价的爱情梦想。#武漢[超话]##街头摄影[超话]##索尼A6000[超话]#,34,0,5,1551540360000
,平安洛阳-安乐派出所,:#蜀黍带你涨姿势# 那么热肯定是地球受不了人更受不了，但小太阳发热后的威力你知道吗？,1,0,0,1551540360000
6524697383,四川观察在现场,:【屋顶”咚咚“响 下“烟盒”雨了 ......】眼前这蓝色顶棚上白花花的一片是什么呢？走近一看，竟然是密密麻麻堆放的烟盒。近日，记者来到了成都市青羊区东盛街19号院，见到了一脸愁容的张师傅。据了解，他房间望出去，蓝色的彩钢瓦上望过去，不足半年，房顶密密麻麻地累积了近百个白色烟盒。一觉不美观，二怕引起火灾，居民们十分难受。 http://t.cn/EIGZ5hV,0,0,0,1551538800000
3584703732,蚊香我立志拍死所有蚊子,:每天坚持穿睡衣睡觉因为担心地震火灾要裸奔 ,5,0,6,1551542100000
2802959504,宁波消防,:【新消防“水枪”可切开钢筋水泥灭火 一分钟能降温700度】这种设备可以切开钢筋、水泥、砖墙，甚至防弹玻璃，能让消防员免于进入一些高温及有毒烟雾的起火现场，更好地保障消防员人身安全，减少火灾损失。 中国消防的秒拍视频 ,0,2,1,1551542100000
6631654100,本坚楠,:他望着一脸认真的她，说:你不会是认真的吧。她笑:怎么了？他回:没怎么。他没说的是，曾经有个女 ,0,0,0,1551542040000
6421704858,泰柬拍婴阁,:【收藏佳品！“百僧符管”，泰国大城府高僧法会加持！】这期符管为2019年2月20日加持于泰国大城府，百名高僧参与加持。符管外观色调为泰国国旗，每根符管都经过100名高僧加持，四面神高僧龙婆禅南及龙婆马哈苏拉萨都到场了，招财幸运法门高僧龙婆通丹也联合加持。100名高僧分4组加持佛牌，每组25名高僧，分别对应四大法门：1. 挡险避灾，保护佩戴者不遭遇车祸溺亡火灾爆炸等意外危险。抵挡子弹。2. 人缘吸引，让佩戴者得到更多朋友的帮助，让存心陷害的小人放弃行恶，化敌为友，让恋人及亲友更珍惜爱护自己，增进感情。3. 财源广进，佩戴者将容易遇到发财赚钱机会，做事容易成功，短时间内可得到大笔财富。4. 权势权力，佩戴者权势权力及气场得到增强，不容易遭人牵着鼻子走，也不容易被人诋毁欺负，容易操纵人心，让他人帮自己做事。,0,0,0,1551541980000
,元江县消防救援大队,抱歉，作者已设置仅展示半年内微博，此微博已不可见。 ,0,0,0,1551541980000
5537283999,阿克苏消防,:【烟雾报警器知多少】烟雾报警器是一种最常见的消防预警装置，能够在火灾发生的初期阶段准确感应到起火所产生的烟雾，迅速向人们预警，及时阻止火势蔓延。现已在多地进行推广安装，你了解它吗？  ,1,0,0,1551541920000
,元江县消防救援大队,#警察故事#【奇怪的“尸体”】近日，嘉定黄渡派出所接一个房东报警，称其出租房内一个租客把房门反锁躺在床上一动不动，怎么敲门、喊叫也没回应，隔着窗户用竹竿捅了几下也没反应，怀疑租客遭遇意外。民警叫来120和法医到场，突然，令人意想不到的事发生了……,0,0,0,1551541920000
2651264770,小宇的冬季,#临沂身边事# 【痛心！莒南一烧烤店发生火灾，致１人死亡12人轻微伤 记者采访受不明身份人员阻挠】#莒南烧烤店火灾# 3月1日19时35分左右，莒南县温泉路中段天天烧烤店发生火灾，据莒南县政府官网通报，截至目前，这起火灾致12人轻微伤，1人重伤不治身亡。3月1日，莒南县政府官网曾发消息称，2019年3月1日19时35分左右，莒南县温泉路中段天天烧烤烧烤店发生火灾，造成1人重伤，12人轻微受伤。目前，明火已经扑灭，受伤人员已全部送至县人民医院救治，店主已被公安机关控制，具体原因正在调查。县领导第一时间奔赴现场指挥处置。3月2日莒南县政府官网发布《莒南县天天烧烤店火灾情况续报》称，3月1日19时35分左右，莒南县温泉路中段天天烧烤店发生火灾。事故发生后，莒南县立即成立了事故调查、医疗救助、善后处理等工作组，第一时间救治伤员，并迅速调查处置事故。同时，在全县开展餐饮服务业安全隐患排查，坚决避免同类事故再次发生。截至上午11时，1名重伤人员因医治无效死亡，其余伤员伤情稳定，事故原因还在调查中。 @临沂同城  http://t.cn/EIULtSu,0,0,0,1551541860000
,元江县消防救援大队,#蓝朋友的警告#【预防厨房火灾记住这9点】人以食为天，每天都要和厨房打交道，无论商用厨房还是家庭厨房，都是一个火、电同时使用的地方，因此厨房是一个火灾高发地点。如何预防厨房火灾，请注意以下几点。 ,0,0,0,1551541860000
5537283999,阿克苏消防,:【请不要拿容易引发火灾的物品当玩具】对于孩子来说，许多同学对火感到新奇，常常背着老师和家长做玩火的游戏。然而，几乎每一种玩法都具有引起火灾的危险性。#蓝朋友的警告# 请不要拿容易引发火灾的物品当玩具。 陕西消防的秒拍视频 ,1,0,0,1551541860000
6933023204,狄sunling,:这款外形类似手套的救援吊绳是一种紧急救援装置，它能够帮您安全平稳地从高处着陆。当发生火灾时，您只将手伸入其中握住把手，它会自动套紧手腕以防脱手。拉住绳索后，内置的钢缆会慢慢牵引您从窗口下落，直至安全着陆。 ,0,0,0,1551541860000
1801059664,福清阿龙,抱歉，作者已设置仅展示半年内微博，此微博已不可见。 ,0,0,0,1551541740000
6725989600,从道大美女勤585,:他望着一脸认真的她，说:你不会是认真的吧。她笑:怎么了 ,0,0,0,1551541680000
6792683130,昨夜东风昨夜雨,:#趣味相投[超话]#从前从前有一只鸟 他每天都会经过一片玉米田 但是很不幸的 有一天那片玉米田发生了火灾 所有的玉米都变成了爆米花 小鸟飞过去以後…… 以为下雪，就冷死了… ,0,0,0,1551541680000
3264286595,李豆豆281,【高楼火灾自救指南,0,0,0,1551541680000
3264286595,李豆豆281,【火灾逃生必备技能】火灾发生，危险性极大，火灾逃生是我们的必备技能。如何修炼逃生技能？总之，遇事沉着、冷静分析、争分夺秒，这就是火场逃生的不二法门！ 陕西消防的秒拍视频 ,0,0,0,1551541620000
,保护熊猫眼,:刷了攒了三集的格蕾，不喜欢，一期枪击一期吸毒，一集火灾梗，生硬，最好看的是klave夫妇，喜欢并心疼Amelia 天津·八里台 ,1,0,0,1551541560000
3264286595,李豆豆281,【超大福利】大家扶了柳消上了那么多次热评，现在检验你们消防知识的时候到了。关注@柳州消防 与@武汉消防  同时@三名好友 转发本条微博转发时加上所学的消防安全小常识就能参与抽奖。奖品是螺蛳粉（十箱每箱十盒）~！ 3月8号开奖@微博抽奖平台 ,0,0,0,1551541500000
6036633903,渭南头条,:【#横店特有的演员阶级# ：从群演做起，几百人面试争取一个前景机会,0,0,0,1551541380000
,谈小凌,【12岁女孩火灾中用身体护住5岁弟弟：弟弟获救，姐姐走了】2月22日凌晨3点，湖南桃源县一居民家中突发火灾，12岁的姐姐陈子墨将5岁的弟弟陈墨子护在了怀里，最终姐姐的烧伤面积55%，弟弟的烧伤面积是28%，姐姐用身体将大部分火焰挡住。因烧伤过于严重，姐姐于27日停止了呼吸。@时间新闻视频http://t.cn/EfgM4P9,0,0,0,1551541380000
7009780527,用户7009780527,:#【轻松筹】爱心接力！-火灾无情人有情，救救我辛苦一辈子母亲！ - 轻松筹#谢谢各位好心人😹 😹 😹 😹 ,0,0,0,1551541380000
6859434809,念你情深lh_ghsz,:【用喷灯烘烤油底？】冬季用喷[加油啊]灯烘烤油底，不但会使机油中的添加剂发生化学变化，失去原有的性能，而且还会使机油胶结、油底变形，容易引起火灾。最好的做法是根据当地冬季的最低气温选用相适应的机油。在有条件的地方，最好把车辆停放在有保温设施的车库内。 ,0,0,0,1551541320000
2538642904,云南消防,:#蓝朋友的警告# 【注意啦！这些火场逃生误区不可取】现如今，高层建筑越来越多，一旦发生火灾，不仅灭火的难度大，居民逃生难度也有所增加。在此，蓝朋友提醒广大市民：要了解火场逃生的误区，学会逃生自救的科学方法。,4,31,4,1551541320000
,玉溪澄江消防,抱歉，作者已设置仅展示半年内微博，此微博已不可见。 ,0,0,0,1551541200000
,玉溪澄江消防,#警察故事#【奇怪的“尸体”】近日，嘉定黄渡派出所接一个房东报警，称其出租房内一个租客把房门反锁躺在床上一动不动，怎么敲门、喊叫也没回应，隔着窗户用竹竿捅了几下也没反应，怀疑租客遭遇意外。民警叫来120和法医到场，突然，令人意想不到的事发生了……,0,0,0,1551541200000
2154495275,渭南生活资讯,:【#横店特有的演员阶级# ：从群演做起，几百人面试争取一个前景机会,0,0,0,1551541140000
,邯郸之窗hdzc,:#邯郸身边事# 【邯郸魏县公安连夜拘留多人……】在治理环境污染工作中，魏县公安局党委书记、局长郭杰代表局党委，要求全体干警坚持有烟必查，有火必究，采取全警联动机制，重拳出击，对非法焚烧行为要严厉打击。3月1日夜，县局迅速拘留6名非法焚烧违法行为人，为改善人民群众的生活环境贡献力量。3月1日，边马派出所对本辖区内存在安全隐患的重点区域加强巡逻防控。17时许，民警兵分三路，分别将正在各自田地内使用明火作业的张某某（男，48岁，边马乡某村人）、王某堂（男，50岁，边马乡某村人）、杨某芳（女，49岁，边马乡某村人）控制。经调查，违法行为人张某某、王某堂、杨某芳对自己顶风违法焚烧秸秆的违法行为供认不讳。根据相关法律法规，民警对杨某某做出行政拘留五日的处理决定。17时许，泊口派出所在边马乡某村南地内发现一名男子使用明火作业，将秸秆点燃，现场产生大量烟尘，污染环境。经民警调查取证，违法行为人刘某保对自己的违法行为供认不讳。根据相关法律法规，民警对杨某某做出行政拘留五日的处理决定。18时许，大辛庄派出所在工作中发现，某村北地有明火发生，现场有大量烟尘。民警迅速赶赴现场，将正在作业的段某涛（男，53岁，边马乡某村人）当场控制。经调查，违法行为人段某涛对自己的违法行为供认不讳。根据相关法律法规，民警对杨某某做出行政拘留五日的处理决定。20时许，仕望集派出所民警在巡逻中发现，某村村边田地内有一名女子在使用明火作业，燃烧秸秆，随即上前将该人控制。经调查，郭某利（40岁，仕望集乡某村人）对自己的违法行为供认不讳。根据相关法律法规，民警对杨某某做出行政拘留五日的处理决定。在此，警方提示：露天焚烧秸秆不仅污染大气环境，加剧雾霾产生，严重影响人体健康，更容易引发火灾事故，存在较大的安全隐患。广大群众要积极响应中央关于推进生态文明建设的号召，牢固树立公共意识、环保意识、生态意识，充分认识焚烧秸秆、垃圾的严重危害性，自觉遵守严禁焚烧秸秆的相关规定，争做文明守法的好居民。,1,0,0,1551541020000
3160320754,肖与外人说,【12岁女孩火灾中用身体护住5岁弟弟：弟弟获救，姐姐走了】2月22日凌晨3点，湖南桃源县一居民家中突发火灾，12岁的姐姐陈子墨将5岁的弟弟陈墨子护在了怀里，最终姐姐的烧伤面积55%，弟弟的烧伤面积是28%，姐姐用身体将大部分火焰挡住。因烧伤过于严重，姐姐于27日停止了呼吸。@时间新闻视频http://t.cn/EfgM4P9,0,0,2,1551540960000
,陕西延安宝塔消防,#消防提示#【请不要拿容易引发火灾的物品当玩具】对于孩子来说，许多同学对火感到新奇，常常背着老师和家长做玩火的游戏。然而，几乎每一种玩法都具有引起火灾的危险性。#蓝朋友的警告# 请不要拿容易引发火灾的物品当玩具。陕西消防的秒拍视频 ,0,0,0,1551540960000
6611664562,亓丹梅,:他望着一脸认真的她，说:你不会是认真的吧。她笑:怎么了？他回:没怎么。他没说的是，曾经有个女生，跟他说过同样的话。她没说的是，曾经她爱过的人，跟他有一样的性格。他们都在笑自己的放不下。一场火灾， ,0,0,0,1551540900000
2919508041,手机用户2919508041_159,:听过很多道理却依然过不好这一生 澎湃新闻的秒拍视频 ,0,0,0,1551540840000
7009780527,用户7009780527,:#【轻松筹】爱心接力！-火灾无情人有情，救救我辛苦一辈子母亲！ - 轻松筹# #轻松筹# 各位好心朋友，我是湖南省溆浦县双井镇堰塘湾村四组的刘仁平今年48岁，为了生活没有办法长期在外打苦工，跟伤着是母子关系。我妈... http://t.cn/EIGxviz ,0,0,1,1551540780000
6208041397,要实现幸福地球陈勇,":《两个拥核国家打起来了！印度空军这回损失惨重，巴铁呼吁冷静》根据媒体爆料，这名飞行员已经结婚，有两个孩子，在驾驶米格21前，还是一名优秀的苏30飞机驾驶员。http://t.cn/EIGMgfI 推动推进幸福地球，幸福地球人建设战略，让每一个地球人都能更加幸福，都能全幸福（根本性幸福:只有幸福没有任何伤害），对地球、地球人进行幸福系统最顶层设计！推动 推进幸福地球、幸福地球人建设战略前进，推动推进地球杭州西湖建立地球幸福委员会，地球其他地方地球幸福委员会分委员会推动推进地球和地球人幸福的根本性体制机制与机构前进，通过运行流畅、执行力强、行动力快的地球幸福委员会体系推动推进地球和地球人幸福前进!地球各个地方团结一心，心往一处想，劲往一处使，推动推进地球各项事业、各项战略前进，拿出根本性战略举措，彻底消灭损害地球人幸福的一切力量，彻底消灭全球气候变暖问题，彻底消灭地球人战争与冲突问题，彻底消灭地球人恐怖袭击问题，彻底消灭地球人自杀问题，彻底消灭地球人经济发展阻碍问题，彻底消灭火灾问题，彻底消灭癌症艾滋病白血病流感等病，彻底解决枪支杀人问题，彻底解决高利贷致人自杀问题，推动推进地球—地球人每个家庭球家一体化地球人工作体系前进彻底解决每一个地球人事业工作问题，推动推进地球财政建设利用地球财政支付工资方式彻底解决每一个地球人经济来源问题，推动幸福自治彻底消灭地球人治安问题（通过个人幸福，个人幸福自觉规范自身文明与行为）,推动推进幸福家庭（地球每个）前进，让每一个家庭，每一个地球人进行根本性教育让他们时刻都幸福,彻底消灭地球人劳苦累工作问题，彻底消灭地球人加班问题，推动推进地球人彻底合理放假与休息问题，彻底解决熬夜至死问题，推动推进全面依法治理地球（全面依法治球）前进彻底规范每一个地球人的行为使每一个地球人行为都文明，在地球各个地区与国家组建地球公立医院，推动推进地球公立医院免费看病战略，让每一个地球人在地球公立医院看病都能免费，彻底解决每一个地球人吃的饱，穿的暖，住的干净等基础生活需求问题，发展每一个地球人更高质量的生活，推动推进幸福地球，幸福地球人建设战略，让每一个地球人都能更加幸福，都能根本性幸福！！！！！#杭州·杭州西湖[地点]#",0,0,0,1551540780000
6425834883,桃源微分享,:#常德爆料#【湖南新闻联播：#12岁女孩火场舍身救弟弟重伤离世#】2月22日，常德桃源县漳江街道渔父祠社区一居民家中突发火灾。危急时刻，12岁的姐姐陈子墨将5岁的弟弟陈墨子护在了怀里，用自己身体为弟弟筑上了一道防火墙。因为姐姐的保护，弟弟受伤轻一些，目前情况比较稳定，已转入普通病房。而勇敢坚强的姐姐，因烧伤过于严重，于2月27日17时30分停止了呼吸。 http://t.cn/EfsMH3O,1,0,0,1551540600000
1906035413,沈阳铁西公安,:【影剧院消防安全常识】影剧院人员密集，一旦着火 燃烧猛烈 蔓延迅速，易造成人员伤亡或是踩踏事故。文明观影的同时，遇火灾或者意外情况时，切莫惊慌！一定要记住这些逃生技能~ 陕西消防的秒拍视频 ,1,0,1,1551540600000
6727174368,black能面寒517,:他们相隔了两年。过去的文希意外撞破了雨桐的心事，帮他父亲逃过火灾，让他免于抑郁而死。她以为救了人却害死了另个人，手 ,0,0,0,1551540480000
6919616875,shinesysdell,:【用喷灯烘烤油底？】冬季用喷灯烘烤油底，不但会使机油中的添加剂发生化学变化，失去原有的性能，而且还会使机油胶结、油底变形，容易引起火灾。最好的做法是根据当地冬季的最低气温选用相适应的机油。在有条件的地方，最好把车辆停放在有保温设施的车库内。 ,0,0,0,1551540420000
1906035413,沈阳铁西公安,:【预防厨房火灾记住这9点】人以食为天，每天都要和厨房打交道，无论商用厨房还是家庭厨房，都是一个火、电同时使用的地方，因此厨房是一个火灾高发地点。如何预防厨房火灾，请注意以下几点。 ,2,0,1,1551540420000
,xxxipear,:广东银行的所在地扬子街地处江汉路商圈，在上世纪九十年代曾是辉煌一时的大型服装商场。几场火灾之后，扬子街服装商场被拆除，变成了婚庆一条街。在繁华的步行街背后，扬子街显得格外冷清，现在走在街上，随处可见的是婚纱出售和喜糖批发的店子。狭窄的巷子裡，婚纱店的老板将泛黄的婚纱拿出来清洗，晾在门口晒乾，最后再挂上“婚纱100一件”的牌子。曾经婚姻开始的地方，现在挂满廉价的爱情梦想。#武漢[超话]##街头摄影[超话]##索尼A6000[超话]#,34,0,5,1551540360000
,平安洛阳-安乐派出所,:#蜀黍带你涨姿势# 那么热肯定是地球受不了人更受不了，但小太阳发热后的威力你知道吗？,1,0,0,1551540360000
,509的色咪,抱歉，作者已设置仅展示半年内微博，此微博已不可见。 ,1,0,0,1551540240000
7011409122,用户7011409122,:#【轻松筹】爱心接力！-父亲向明让为我操劳一生，我却无钱为他治病 - 轻松筹# #轻松筹# 大家好，我叫向吉丰，家住湖南湘西龙山县，天有不测风云，原本幸福美满的家庭却被一场突如其来的一场火灾。我的父亲向明让，20... http://t.cn/EIGtZcn ,0,0,0,1551540060000
,自贡消防,【小场所火灾伤不起】小饭店、小作坊等小场所日益增多，大多较简陋、拥挤、可燃物多，起火后人员逃生经验不足、特殊结构和多种因素也会造成逃生困难、造成严重伤亡。消防部门提醒：小本生意不容易，请注意小场所消防安全。  宣城市消防支队的秒拍视频 ,0,0,0,1551540060000
6858254805,欧郴唐旱翠风,:【用喷灯烘烤油底？】冬季用喷灯烘烤油底，不但会使机油中的添加剂发生化学变化，失去原有的性能，而且还会使机油胶结、油底变形，容易引起[din推撞]火灾。最好的做法是根据当地冬季的最低气温选用相适应的机油。在有条件的地方，最好把车辆停放在有保温设施的车库内。 ,0,0,0,1551540060000
,桂林消防119,:#消防知识在心中[超话]##蓝朋友的警告#  【烟雾报警器知多少】烟雾报警器是一种最常见的消防预警装置，能够在火灾发生的初期阶段准确感应到起火所产生的烟雾，迅速向人们预警，及时阻止火势蔓延。现已在多地进行推广安装，你了解它吗？  ,6,4,3,1551540000000
5448914473,陕西西安长安消防,#消防提示#【请不要拿容易引发火灾的物品当玩具】对于孩子来说，许多同学对火感到新奇，常常背着老师和家长做玩火的游戏。然而，几乎每一种玩法都具有引起火灾的危险性。#蓝朋友的警告# 请不要拿容易引发火灾的物品当玩具。陕西消防的秒拍视频 ,0,0,0,1551539880000
6858253108,北房咽冶青槐,:【用喷灯烘烤油底？】冬季用喷灯烘烤油底，不但会使机油中的添加剂发生化学变化，失去原有的性能，而且还会使机油胶结、油底变形，容易引起火灾。最好的做法是根据当地冬季的最低气温选用相适应的机油。在有条件的地方，最好把车[转发]辆停放在有保温设施的车库内。 ,0,0,0,1551539880000
3993347770,笨笨HE鱼儿,【12岁女孩火灾中用身体护住5岁弟弟：弟弟获救，姐姐走了】2月22日凌晨3点，湖南桃源县一居民家中突发火灾，12岁的姐姐陈子墨将5岁的弟弟陈墨子护在了怀里，最终姐姐的烧伤面积55%，弟弟的烧伤面积是28%，姐姐用身体将大部分火焰挡住。因烧伤过于严重，姐姐于27日停止了呼吸。@时间新闻视频http://t.cn/EfgM4P9,0,0,0,1551539880000
,caranonstop,:我之前卷头发很厉害，没看过任何教程，自学成才。今天突然手生，卷出一头火灾现场跑出来的炸头发，气得当场打电话把我妈叫起来和我视频，欣赏一下就算发型丑也依然保持美丽的女孩。 ,2,0,0,1551539820000
,陕西汉中经开消防,#消防提示# 【消防小提示——禁止私拉乱接电线】不懂电工专业知识的人，在乱接电线中因错误接线容易造成事故，或连接不牢固形成接触电阻过大而引发火灾事故；导线的设计容量是有限的，乱接电线造成接入过多的负荷，容易因过负荷而造成火灾。陕西消防的秒拍视频 ,0,0,0,1551539760000
2474466240,镇沅消防,#蓝朋友的警告#【预防厨房火灾记住这9点】人以食为天，每天都要和厨房打交道，无论商用厨房还是家庭厨房，都是一个火、电同时使用的地方，因此厨房是一个火灾高发地点。如何预防厨房火灾，请注意以下几点。 ,0,0,0,1551539640000
,自贡消防,#蓝朋友的警告# 【50%以上的家庭火灾都是因为这个！】你知道吗？家里的炉灶忘记关火引发的火灾竟然占家庭火灾的50%以上，各位在做饭时可一定要小心了！在厨房做饭时，人一定不能远离,0,0,0,1551539580000
5627922465,华坪消防大队,抱歉，作者已设置仅展示半年内微博，此微博已不可见。 ,0,0,0,1551539520000
2637448097,杭州桐庐消防大队,#蓝朋友的警告#【《小芹说火灾》之可以“燎原”的小小星火】随着城市建设步伐加快，写字楼、工厂、城市综合体的建造、居民房的装修等都离不开焊割，而焊气割作为一项明火作业，操作不慎极易引发火灾。此类事故是如何产生的，作业时应如何避免失火？宁波消防的秒拍视频 ,0,0,0,1551539400000
2637448097,杭州桐庐消防大队,#蓝朋友的警告#【太阳去“流浪”，如何预防电气火灾？】江浙沪地区这段时间太阳一直去“流浪”，带给我们全是雨雨雨雨雨雨……阴雨连绵让天气变得潮湿起来，而潮湿天气容易诱发电气火灾，如何正确预防电气火灾呢？戳图，一起学！@中国消防 @浙江消防 @台州消防 ,0,0,0,1551539400000
2829748132,九分之八鹅肝寿司,抱歉，作者已设置仅展示半年内微博，此微博已不可见。 ,0,0,0,1551539340000
5150640898,朱一龙明天就要娶FRANCESCA过门,#警察故事#【奇怪的“尸体”】近日，嘉定黄渡派出所接一个房东报警，称其出租房内一个租客把房门反锁躺在床上一动不动，怎么敲门、喊叫也没回应，隔着窗户用竹竿捅了几下也没反应，怀疑租客遭遇意外。民警叫来120和法医到场，突然，令人意想不到的事发生了……,0,0,0,1551539340000
3299203424,延安消防,#消防提示#【请不要拿容易引发火灾的物品当玩具】对于孩子来说，许多同学对火感到新奇，常常背着老师和家长做玩火的游戏。然而，几乎每一种玩法都具有引起火灾的危险性。#蓝朋友的警告# 请不要拿容易引发火灾的物品当玩具。陕西消防的秒拍视频 ,0,1,0,1551539280000
6011957401,国网勉县供电公司,:#安全用电# 【别让插线板太拥挤】在生活中电视、电脑、手机、Pad…一个都不能少。可插线板是不是太拥挤了？这天气一热，人们都不拥抱取暖了，电器挤成一团也受不了啊？！快，让你家的插线板清爽一下吧，远离火灾，从给电源减压开始！   秒拍视频   汉中·勉阳镇 ,4,5,5,1551539280000
5449687055,姚安消防,抱歉，作者已设置仅展示半年内微博，此微博已不可见。 ,0,0,0,1551539280000
5449687055,姚安消防,#警察故事#【奇怪的“尸体”】近日，嘉定黄渡派出所接一个房东报警，称其出租房内一个租客把房门反锁躺在床上一动不动，怎么敲门、喊叫也没回应，隔着窗户用竹竿捅了几下也没反应，怀疑租客遭遇意外。民警叫来120和法医到场，突然，令人意想不到的事发生了……,0,0,0,1551539280000
6921075803,愛吃糖糖滴孩纸Tanzania,:【火灾不打开引擎盖】有很多没灭过火的车主认为打开引擎盖，会让更多的空气进入舱内，让火烧得更旺，这是错的！即使你不打开引擎盖，舱内的空气与外部也是也是相通的，遇火后打开引擎盖，第一时间找准着火点很重要。 ,0,0,0,1551539100000
5474487527,晋宁消防,抱歉，作者已设置仅展示半年内微博，此微博已不可见。 ,0,0,0,1551538980000
6919067225,MONA饺郭傩,:这是浙江温州龙港消防战士成功处置6起火灾凯旋后，被抓拍到的一张照片。消防战士朴实的笑容感动许多网友。为你们点赞！ ,1,0,0,1551538980000
5474487527,晋宁消防,#警察故事#【奇怪的“尸体”】近日，嘉定黄渡派出所接一个房东报警，称其出租房内一个租客把房门反锁躺在床上一动不动，怎么敲门、喊叫也没回应，隔着窗户用竹竿捅了几下也没反应，怀疑租客遭遇意外。民警叫来120和法医到场，突然，令人意想不到的事发生了……,0,0,0,1551538980000
1889650681,生命线科技,3月2日石家庄桥西蔬菜批发市场附近发生火灾，现场浓烟滚滚，火灾原因及伤亡人数目前尚不清楚！（@jovi-Big ） 微石家庄的微博视频 ,0,0,0,1551538920000
2511668684,景洪消防,#蓝朋友的警告#【预防厨房火灾记住这9点】人以食为天，每天都要和厨房打交道，无论商用厨房还是家庭厨房，都是一个火、电同时使用的地方，因此厨房是一个火灾高发地点。如何预防厨房火灾，请注意以下几点。 ,0,0,0,1551538920000
5443894199,陕西潼关消防,#消防提示#【请不要拿容易引发火灾的物品当玩具】对于孩子来说，许多同学对火感到新奇，常常背着老师和家长做玩火的游戏。然而，几乎每一种玩法都具有引起火灾的危险性。#蓝朋友的警告# 请不要拿容易引发火灾的物品当玩具。陕西消防的秒拍视频 ,0,0,0,1551538920000
3867097397,张家口消防,抱歉，作者已设置仅展示半年内微博，此微博已不可见。 ,0,0,0,1551538800000
6524697383,四川观察在现场,:【屋顶”咚咚“响 下“烟盒”雨了 ......】眼前这蓝色顶棚上白花花的一片是什么呢？走近一看，竟然是密密麻麻堆放的烟盒。近日，记者来到了成都市青羊区东盛街19号院，见到了一脸愁容的张师傅。据了解，他房间望出去，蓝色的彩钢瓦上望过去，不足半年，房顶密密麻麻地累积了近百个白色烟盒。一觉不美观，二怕引起火灾，居民们十分难受。 http://t.cn/EIGZ5hV,0,0,0,1551538800000
5488782017,何必讨喜i,【12岁女孩火灾中用身体护住5岁弟弟：弟弟获救，姐姐走了】2月22日凌晨3点，湖南桃源县一居民家中突发火灾，12岁的姐姐陈子墨将5岁的弟弟陈墨子护在了怀里，最终姐姐的烧伤面积55%，弟弟的烧伤面积是28%，姐姐用身体将大部分火焰挡住。因烧伤过于严重，姐姐于27日停止了呼吸。@时间新闻视频http://t.cn/EfgM4P9,0,0,0,1551538740000
2268842982,成都消防,:#消防知识[超话]# 【大火封门怎么破？】火灾发生后，如大火封门无法从疏散通道逃生，此时应紧闭迎火面门窗，用浸湿的毛巾、衣物等堵塞门缝，尽可能阻止烟气进入室内。如无法转移到其他楼层，最好在阳台或窗台固守待援。白天可晃动鲜艳衣物或大声呼救、敲击发出求救信号，晚上可借助手电、手机等发光物。http://t.cn/RaOxO9V,1,3,0,1551538740000
3963426374,托莉安_茜茗,抱歉，作者已设置仅展示半年内微博，此微博已不可见。 ,0,0,0,1551538740000
,陕西榆林大柳塔消防,#消防提示# 【烟雾报警器知多少】烟雾报警器是一种最常见的消防预警装置，能够在火灾发生的初期阶段准确感应到起火所产生的烟雾，迅速向人们预警，及时阻止火势蔓延。现已在多地进行推广安装，你了解它吗？  ,0,0,0,1551538680000
2268842982,成都消防,#警察故事#【奇怪的“尸体”】近日，嘉定黄渡派出所接一个房东报警，称其出租房内一个租客把房门反锁躺在床上一动不动，怎么敲门、喊叫也没回应，隔着窗户用竹竿捅了几下也没反应，怀疑租客遭遇意外。民警叫来120和法医到场，突然，令人意想不到的事发生了……,2,0,0,1551538680000
,陕西榆林大柳塔消防,#消防提示#【请不要拿容易引发火灾的物品当玩具】对于孩子来说，许多同学对火感到新奇，常常背着老师和家长做玩火的游戏。然而，几乎每一种玩法都具有引起火灾的危险性。#蓝朋友的警告# 请不要拿容易引发火灾的物品当玩具。陕西消防的秒拍视频 ,0,0,0,1551538680000
,纸灯桑,抱歉，作者已设置仅展示半年内微博，此微博已不可见。 ,0,0,0,1551538620000
1889650681,生命线科技,#临沂身边事# 【痛心！莒南一烧烤店发生火灾，致１人死亡12人轻微伤 记者采访受不明身份人员阻挠】#莒南烧烤店火灾# 3月1日19时35分左右，莒南县温泉路中段天天烧烤店发生火灾，据莒南县政府官网通报，截至目前，这起火灾致12人轻微伤，1人重伤不治身亡。3月1日，莒南县政府官网曾发消息称，2019年3月1日19时35分左右，莒南县温泉路中段天天烧烤烧烤店发生火灾，造成1人重伤，12人轻微受伤。目前，明火已经扑灭，受伤人员已全部送至县人民医院救治，店主已被公安机关控制，具体原因正在调查。县领导第一时间奔赴现场指挥处置。3月2日莒南县政府官网发布《莒南县天天烧烤店火灾情况续报》称，3月1日19时35分左右，莒南县温泉路中段天天烧烤店发生火灾。事故发生后，莒南县立即成立了事故调查、医疗救助、善后处理等工作组，第一时间救治伤员，并迅速调查处置事故。同时，在全县开展餐饮服务业安全隐患排查，坚决避免同类事故再次发生。截至上午11时，1名重伤人员因医治无效死亡，其余伤员伤情稳定，事故原因还在调查中。 @临沂同城  http://t.cn/EIULtSu,0,0,0,1551538620000
,陕西西安高新消防,#消防提示#【请不要拿容易引发火灾的物品当玩具】对于孩子来说，许多同学对火感到新奇，常常背着老师和家长做玩火的游戏。然而，几乎每一种玩法都具有引起火灾的危险性。#蓝朋友的警告# 请不要拿容易引发火灾的物品当玩具。陕西消防的秒拍视频 ,0,0,0,1551538620000
6472329517,张半糖_,:周末日常🙎🏻♀️开学第一周，真的 好心累的感觉学校的水电总是断断停停，就这么一周过来了，消防设施的不完善差点火灾的周二晚上真的太难过了，以至于往后的日子好多的时候都在思考人生和自闭……终于周末的时候，水电都安稳下来了，日子也就稳定下来了去超市采购日常，大包的东西超重，一个人从超市，坐车回学校，再把大包拎上楼，这个时候难免会想到臭屁，还有就是周末超市里都是小情侣一起诶（好的，我不🍋）买了旺仔牛奶，拍了一张给臭屁看，臭屁回给我一张葡萄味的RIO（今天下午和臭屁都正好要去超市采购）我“喝了这杯奶，忘了一个仔”臭屁“喝了这杯酒，快乐我都有”说完在那里自己乐“好押韵啊！”哈哈哈哈哈，臭屁你好可爱嗷,11,0,8,1551538560000
6002641664,噗嗤_KX,抱歉，作者已设置仅展示半年内微博，此微博已不可见。 ,0,0,0,1551538560000
5292739860,本宫是个吃货,#警察故事#【奇怪的“尸体”】近日，嘉定黄渡派出所接一个房东报警，称其出租房内一个租客把房门反锁躺在床上一动不动，怎么敲门、喊叫也没回应，隔着窗户用竹竿捅了几下也没反应，怀疑租客遭遇意外。民警叫来120和法医到场，突然，令人意想不到的事发生了……,0,0,0,1551538500000
2430648432,郴州消防,#警察故事#【奇怪的“尸体”】近日，嘉定黄渡派出所接一个房东报警，称其出租房内一个租客把房门反锁躺在床上一动不动，怎么敲门、喊叫也没回应，隔着窗户用竹竿捅了几下也没反应，怀疑租客遭遇意外。民警叫来120和法医到场，突然，令人意想不到的事发生了……,0,1,0,1551538500000
3980605778,温柔孩子查,【12岁女孩火灾中用身体护住5岁弟弟：弟弟获救，姐姐走了】2月22日凌晨3点，湖南桃源县一居民家中突发火灾，12岁的姐姐陈子墨将5岁的弟弟陈墨子护在了怀里，最终姐姐的烧伤面积55%，弟弟的烧伤面积是28%，姐姐用身体将大部分火焰挡住。因烧伤过于严重，姐姐于27日停止了呼吸。@时间新闻视频http://t.cn/EfgM4P9,0,0,0,1551538500000
5514923318,Adaydreamerzzz,抱歉，作者已设置仅展示半年内微博，此微博已不可见。 ,0,0,0,1551538440000
6858216540,餐抑潮篮b,:【用喷灯烘烤油底？】冬季用喷灯烘烤油底，不但会使机油中的添加剂发生化学变化，失去原有的性能,0,0,0,1551538320000
3525503683,滨州消防,#警察故事#【奇怪的“尸体”】近日，嘉定黄渡派出所接一个房东报警，称其出租房内一个租客把房门反锁躺在床上一动不动，怎么敲门、喊叫也没回应，隔着窗户用竹竿捅了几下也没反应，怀疑租客遭遇意外。民警叫来120和法医到场，突然，令人意想不到的事发生了……,0,0,0,1551538260000
3722034427,Leslie钟意你,:我一天想安利800次非自然死亡中堂医生和六郎我都爱了最感动的一集就是爸爸骑车摔倒躺在地上看到了烟火，回家还充满爱意地看着孩子，对他们未来满怀希望还有看起来坏坏的三町发生火灾后还回去救人中了我的点 爱了 ,15,0,11,1551538260000
5538754858,衡阳消防,:消防知识 【大火封门怎么破？】火灾发生后，如大火封门无法从疏散通道逃生，此时应紧闭迎火面门窗，用浸湿的毛巾、衣物等堵塞门缝，尽可能阻止烟气进入室内。如无法转移到其他楼层，最好在阳台或窗台固守待援。白天可晃动鲜艳衣物或大声呼救、敲击发出求救信号，晚上可借助手电、手机等发光物。http://t.cn/RaOxO9V,0,0,0,1551538260000
2320157214,华侨大学厦门校区,":为近期出现的火灾事故遇难者默哀,为生者警醒!",0,0,0,1551538200000
6858211060,费呐馗擦梁撂灬,:【用喷灯烘烤油底？】冬季用喷灯烘烤油底，不但会使机油中的添加剂发生化学变化，失去原有的性能，而且还会使机油胶结、油底变形，容易引起火灾。最好的做法是根据当地冬季的最低气温选用,0,0,0,1551538200000
5444603045,陕西石泉消防,#消防提示#【请不要拿容易引发火灾的物品当玩具】对于孩子来说，许多同学对火感到新奇，常常背着老师和家长做玩火的游戏。然而，几乎每一种玩法都具有引起火灾的危险性。#蓝朋友的警告# 请不要拿容易引发火灾的物品当玩具。陕西消防的秒拍视频 ,0,0,0,1551538200000
1889650681,生命线科技,#灾难来临#山东临沂一烧烤店发生火灾，致1人重伤12人轻伤 卷土不再重来的秒拍视频 ,0,0,0,1551538140000
6857262180,用户2612353410,:【用喷灯烘烤油底？】冬季用喷灯烘烤油底，不但会使机油中的添加剂发生化学变化，失去原有的性能，而且还会使机油胶结、油底变形，容易引起火灾。最好的做法是根据当地冬季的最低气温选用相适应的机油。在有条件的地方，最好把车辆停,0,0,0,1551538080000
5538754858,衡阳消防,:#消防提示# 【请不要拿容易引发火灾的物品当玩具】对于孩子来说，许多同学对火感到新奇，常常背着老师和家长做玩火的游戏。然而，几乎每一种玩法都具有引起火灾的危险性。#蓝朋友的警告# 请不要拿容易引发火灾的物品当玩具。陕西消防的秒拍视频 ,0,0,0,1551538020000
6067221343,卷土不再重来,:#灾难来临#山东临沂一烧烤店发生火灾，致1人重伤12人轻伤 卷土不再重来的秒拍视频 ,1,1,0,1551538020000
6445159759,凌熏爱旅游,【12岁女孩火灾中用身体护住5岁弟弟：弟弟获救，姐姐走了】2月22日凌晨3点，湖南桃源县一居民家中突发火灾，12岁的姐姐陈子墨将5岁的弟弟陈墨子护在了怀里，最终姐姐的烧伤面积55%，弟弟的烧伤面积是28%，姐姐用身体将大部分火焰挡住。因烧伤过于严重，姐姐于27日停止了呼吸。@时间新闻视频http://t.cn/EfgM4P9,0,0,0,1551537900000
5948508350,某K的假粉,【12岁女孩火灾中用身体护住5岁弟弟：弟弟获救，姐姐走了】2月22日凌晨3点，湖南桃源县一居民家中突发火灾，12岁的姐姐陈子墨将5岁的弟弟陈墨子护在了怀里，最终姐姐的烧伤面积55%，弟弟的烧伤面积是28%，姐姐用身体将大部分火焰挡住。因烧伤过于严重，姐姐于27日停止了呼吸。@时间新闻视频http://t.cn/EfgM4P9,0,0,0,1551537840000
6973901825,咬紧彳,【工人用“小太阳”加热液化气罐 引发火灾被拘留10日】2月14日，河北沧州献县一工人使用“小太阳”取暖器对液化气罐加热，引燃可燃物烘烤气罐致爆炸，几乎摧毁整个车间。消防员奋力扑灭火灾，无人员伤亡。安全管理负责人张某被行政拘留10日，该公司被罚款5万元。燕赵都市报的微博视频 ,0,0,0,1551537780000
,墨__子峰,#警察故事#【奇怪的“尸体”】近日，嘉定黄渡派出所接一个房东报警，称其出租房内一个租客把房门反锁躺在床上一动不动，怎么敲门、喊叫也没回应，隔着窗户用竹竿捅了几下也没反应，怀疑租客遭遇意外。民警叫来120和法医到场，突然，令人意想不到的事发生了……,0,0,0,1551537780000
7008134757,日夜做梦的疯子诗人v,:,1,0,0,1551537720000
1868202842,许我一片晴天可好,【12岁女孩火灾中用身体护住5岁弟弟：弟弟获救，姐姐走了】2月22日凌晨3点，湖南桃源县一居民家中突发火灾，12岁的姐姐陈子墨将5岁的弟弟陈墨子护在了怀里，最终姐姐的烧伤面积55%，弟弟的烧伤面积是28%，姐姐用身体将大部分火焰挡住。因烧伤过于严重，姐姐于27日停止了呼吸。@时间新闻视频http://t.cn/EfgM4P9,1,0,0,1551537660000
3918556037,重庆江津法院,:小太阳发热后的威力你知道吗？,0,0,0,1551537600000
5772963094,开办梦网草料,:今晚王隘发生一起火灾，消防员来到已经狼烟滚滚，火苗冲天，基本上烧光了！这就是平时不注意，没有安全意识！跟我们的健康是一样的，随时注意健康:勤喝水，适量全身运动，早睡早起，多餐少食，吃当地本季水果蔬菜等，条件允许的话，养生保健的产品吃一点，把吃进身体的毒素排出来，另外心情要舒畅，做到这几点，绝少会有慢性病症！关爱自己，间接的也在关爱身外之人。 http://t.cn/z8U925e,0,0,0,1551537600000
6575040423,紫陌彡红尘1688,:问：每年的清明时节会有很多像森林火灾，或者交通事故，请问这个跟灵性是不是有关系？答：你说呢？（白天灵性活动也那么厉害吗？）那当然了，清明是他们的日子，放假了呀！放假一个月，你说他会不会开心？白天晚上都是他的时间（对，白天他也可以出来）那当然了。 ,1,0,0,1551537540000
5336004130,平安西青,:#140年后地球有多热#那么热肯定是地球受不了人更受不了，但小太阳发热后的威力你知道吗？,0,0,0,1551537480000
,张小喵G,发布了头条文章：《在日本吃魚》  在日本吃魚 ,0,0,0,1551537480000
1950174643,橙纸曾,:公司平时的火灾报警器测试都会发邮件提醒 今天没收到邮件报警器突然响了  整层楼的人都跟没听见一样无动于衷专注于自己的电脑 我的妈哦我司员工真的非常敬业了！ ,1,0,0,1551537420000
5538754858,衡阳消防,:消防课堂 【火场这样逃生才正确】火灾袭来时，要迅速逃生，不要贪恋财物。受到火势威胁时，要当机立断披上浸湿衣物、被褥等向安全出口方向冲去。穿过浓烟逃生，要尽量使身体贴近地面，并用湿毛巾捂住口鼻。身上着火，不要奔跑，可就地打滚……更多火场逃生术，快戳。四川遂宁消防的秒拍视频 ,0,1,0,1551537420000
2451453377,夏目由紀,抱歉，作者已设置仅展示半年内微博，此微博已不可见。 ,1,0,0,1551537360000
,金华市金东消防,#警察故事#【奇怪的“尸体”】近日，嘉定黄渡派出所接一个房东报警，称其出租房内一个租客把房门反锁躺在床上一动不动，怎么敲门、喊叫也没回应，隔着窗户用竹竿捅了几下也没反应，怀疑租客遭遇意外。民警叫来120和法医到场，突然，令人意想不到的事发生了……,0,1,0,1551537240000
2464686004,锡都消防,#蓝朋友的警告#【预防厨房火灾记住这9点】人以食为天，每天都要和厨房打交道，无论商用厨房还是家庭厨房，都是一个火、电同时使用的地方，因此厨房是一个火灾高发地点。如何预防厨房火灾，请注意以下几点。 ,0,0,0,1551537180000
,梅州新势力,:#梅州爆料##梅州身边事# 据网友爆料，博敏电子厂于3月2日时发生了较为严重的火灾，而事故发生时，似乎仍有不少人在厂里，救援队伍支援及时，驾驶着七八辆消防车赶到现场进行救援，事后，博敏电子厂发布了事故公告函，详细说明的火灾的起因和损失，所幸事故中无人受伤（梅州信息港） ,0,1,0,1551537120000
2517432850,丘北消防大队,抱歉，作者已设置仅展示半年内微博，此微博已不可见。 ,0,0,0,1551537060000
5449315624,陕西武功消防,#消防提示#【请不要拿容易引发火灾的物品当玩具】对于孩子来说，许多同学对火感到新奇，常常背着老师和家长做玩火的游戏。然而，几乎每一种玩法都具有引起火灾的危险性。#蓝朋友的警告# 请不要拿容易引发火灾的物品当玩具。陕西消防的秒拍视频 ,1,0,0,1551537060000
2852708971,海淀区八里庄健康教育,":以PM2.5为首要污染物的重污染天气健康教育核心信息一、以PM2.5为首要污染物的重污染天气危害健康。  　　释义：污染天气是指在无风、逆温和高湿等不利气象条件下，污染物在空气中堆积导致的空气污染现象。重污染天气一般是指空气质量指数大于200，即环境空气质量达到重度及以上污染程度的空气污染现象。以PM2.5为首要污染物的重污染天气俗称“雾霾”。可能发生重污染天气时，地方政府将发布预警信息。  　　大气中的PM2.5为直径小于或等于2.5微米的所有颗粒物的总称，其直径约为头发丝的二十分之一。PM2.5在大气中可以停留较长时间，不容易去除,且能吸附多种有害物质，容易被吸入呼吸道深部，某些组分还可进入血液，危害人体健康。  　　当前，我国不同地区PM2.5的来源与构成有所不同，PM2.5的主要来源包括工业排放、燃煤排放、机动车尾气、垃圾焚烧、农村秸秆燃烧、建筑施工和道路扬尘，此外，露天烧烤、食物烹饪以及森林火灾、火山喷发等也会造成空气中PM2.5的积聚。室内PM2.5除来源于室外空气污染外，室内吸烟、食物烹饪也可使室内PM2.5浓度升高",0,0,0,1551537000000
1047489752,EroWalker,抱歉，作者已设置仅展示半年内微博，此微博已不可见。 ,1,0,0,1551537000000
,KawayiiBOOM,抱歉，作者已设置仅展示半年内微博，此微博已不可见。 ,0,0,0,1551537000000
5444019496,陇川县消防大队,#蓝朋友的警告#【预防厨房火灾记住这9点】人以食为天，每天都要和厨房打交道，无论商用厨房还是家庭厨房，都是一个火、电同时使用的地方，因此厨房是一个火灾高发地点。如何预防厨房火灾，请注意以下几点。 ,0,0,0,1551537000000
6119664294,卧看长空,:《卧看长空：虎门特大火灾》TA已赚31.56元，快来看视频拍视频轻松赚钱！http://t.cn/EIbmQf2 ,0,0,0,1551536880000
,南京消防,:#消防课堂[超话]# 【火场这样逃生才正确】火灾袭来时，要迅速逃生，不要贪恋财物。受到火势威胁时，要当机立断披上浸湿衣物、被褥等向安全出口方向冲去。穿过浓烟逃生，要尽量使身体贴近地面，并用湿毛巾捂住口鼻。身上着火，不要奔跑，可就地打滚……更多火场逃生术，快戳。 http://t.cn/RuNgE9u ,2,6,0,1551536880000
5145572673,人民的担当,抱歉，作者已设置仅展示半年内微博，此微博已不可见。 ,0,0,0,1551536820000
5145572673,人民的担当,#警察故事#【奇怪的“尸体”】近日，嘉定黄渡派出所接一个房东报警，称其出租房内一个租客把房门反锁躺在床上一动不动，怎么敲门、喊叫也没回应，隔着窗户用竹竿捅了几下也没反应，怀疑租客遭遇意外。民警叫来120和法医到场，突然，令人意想不到的事发生了……,0,0,0,1551536820000
2729749110,临沂消防支队,【工人用“小太阳”加热液化气罐 引发火灾被拘留10日】2月14日，河北沧州献县一工人使用“小太阳”取暖器对液化气罐加热，引燃可燃物烘烤气罐致爆炸，几乎摧毁整个车间。消防员奋力扑灭火灾，无人员伤亡。安全管理负责人张某被行政拘留10日，该公司被罚款5万元。燕赵都市报的微博视频 ,0,0,0,1551536760000
6724239028,迈克文米兰,:他们相隔了两年。过去的文希意外撞破了雨桐的心事，帮他父亲逃过火灾，让他免于抑郁而死。她以为救了人却害死了另个人，手里拿着晨报呆立在十字路口。未来的雨桐得知她早已出车祸而死，赶到两年前的十字路口推开她，血泊中意识涣散，原来这就是结局。时光机不会改变事 ,0,0,0,1551536760000
,陕西西乡县消防,#消防提示#【请不要拿容易引发火灾的物品当玩具】对于孩子来说，许多同学对火感到新奇，常常背着老师和家长做玩火的游戏。然而，几乎每一种玩法都具有引起火灾的危险性。#蓝朋友的警告# 请不要拿容易引发火灾的物品当玩具。陕西消防的秒拍视频 ,0,0,0,1551536640000
,下午茶2599,:#140年后地球有多热#根据NASA和NOAA独立分析的数据，2018年全球表面温度是自1880年以来，第四温暖的年份。 2018年的全球温度比1951年至1980年间的平均温度高出0.83摄氏度，在全球范围内，2018年的温度排在2016年，2017年，2015年之后，也可以说，过去的五年，是有记录以来最温暖的五年。自1880年以来，全球表面温度平均上升了1摄氏度，很大程度上是由人类活动引起的二氧化碳和其他温室气体排放增加所致。 全球变暖，对地球来说意味着什么？这意味着火灾季节时，火势会更旺且持续的时间会越久，另外全球变暖还导致了海平面上升。 2018年，仅在美国，野火烧毁的面积就超过了288.09平方公里。1993年至2016年间，格陵兰和南极冰盖大约融化了4000亿加仑的水，相当于605830个奥林匹克游泳池的水量。 ,3,5,2,1551536520000
,邯郸新鲜事,:#邯郸爆料# 【网友爆料 邯郸一小区居民圈地建“养鸡场”】网友爆料：自己把路围城小院，养殖家禽，严重影响了生活，一到发生火灾，消防车根本进不来，马上夏天了，也存在传染疾病隐患。邯山区陵园路75号院，这事怎么办？ #邯郸新鲜事# 邯郸身边事的微博视频 ,6,1,4,1551536400000
5592992495,李群再28025,【12岁女孩火灾中将5岁弟弟护在身下 三度烧伤不幸去世,0,0,0,1551536400000
5446681129,牟定县消防大队,抱歉，作者已设置仅展示半年内微博，此微博已不可见。 ,0,0,0,1551536400000
,风不玄-慕影,#警察故事#【奇怪的“尸体”】近日，嘉定黄渡派出所接一个房东报警，称其出租房内一个租客把房门反锁躺在床上一动不动，怎么敲门、喊叫也没回应，隔着窗户用竹竿捅了几下也没反应，怀疑租客遭遇意外。民警叫来120和法医到场，突然，令人意想不到的事发生了……,0,0,0,1551536400000
5438252453,北京密云消防,抱歉，作者已设置仅展示半年内微博，此微博已不可见。 ,4,0,0,1551536400000
6828370438,七月溜火的榴,:,0,0,0,1551536340000
1956441692,Thomas郅,晚安😊美女靓频道的秒拍视频（使用#秒拍#录制） ,0,0,0,1551536280000
5601435990,honey绝情7998,抱歉，作者已设置仅展示半年内微博，此微博已不可见。 ,1,0,0,1551536280000
7002732080,阿消凉山粉丝后援会,:#蓝朋友的警告# 【房间失火 自救时间只有一分多钟 如何逃离火海,1,0,0,1551536280000
6857215158,风起人散Di_didadi,:【用喷灯烘烤油底？】冬季用喷灯烘烤油,0,0,0,1551536220000
7002732080,阿消凉山粉丝后援会,哥们，你这是拿生命换网红呀！你牛！,0,0,0,1551536160000
,天津河西消防,【小场所火灾伤不起】小饭店、小作坊等小场所日益增多，大多较简陋、拥挤、可燃物多，起火后人员逃生经验不足、特殊结构和多种因素也会造成逃生困难、造成严重伤亡。消防部门提醒：小本生意不容易，请注意小场所消防安全。  宣城市消防支队的秒拍视频 ,0,0,0,1551536100000
,天津河西消防,#警察故事#【奇怪的“尸体”】近日，嘉定黄渡派出所接一个房东报警，称其出租房内一个租客把房门反锁躺在床上一动不动，怎么敲门、喊叫也没回应，隔着窗户用竹竿捅了几下也没反应，怀疑租客遭遇意外。民警叫来120和法医到场，突然，令人意想不到的事发生了……,0,0,0,1551536040000
6067866339,猫球球201611,#警察故事#【奇怪的“尸体”】近日，嘉定黄渡派出所接一个房东报警，称其出租房内一个租客把房门反锁躺在床上一动不动，怎么敲门、喊叫也没回应，隔着窗户用竹竿捅了几下也没反应，怀疑租客遭遇意外。民警叫来120和法医到场，突然，令人意想不到的事发生了……,0,0,0,1551535980000
6674085667,冯娥霭,:他望着一脸认真的她 ,0,0,0,1551535980000
1986679210,江西消防,:#每天学点消防知识[超话]# 【火场上，如何安全逃生？】人们遭遇火灾时很容易惊慌失措，可能导致贻误最佳逃生时机。其实火场逃生是比较复杂的，没有万能的方法，必须根据现场实际迅速做出判断。以下是基本的逃生技能，请熟读成诵，关键时刻择最佳方法而行之。 ,8,19,3,1551535920000
6857210520,韭卫锰北妙竹,:【用喷灯烘烤油底？】冬季用喷灯烘烤油底，不但会使机,0,0,0,1551535920000
5860562248,吸管解说,【12岁女孩火灾中用身体护住5岁弟弟：弟弟获救，姐姐走了,0,0,0,1551535920000
3334142714,陕西消防,:#消防提示#【请不要拿容易引发火灾的物品当玩具】对于孩子来说，许多同学对火感到新奇，常常背着老师和家长做玩火的游戏。然而，几乎每一种玩法都具有引起火灾的危险性。#蓝朋友的警告# 请不要拿容易引发火灾的物品当玩具。陕西消防的秒拍视频 ,19,62,6,1551535920000
5454098250,普洱澜沧消防卫士,#消防知识[超话]# 【大火封门怎么破？】火灾发生后，如大火封门无法从疏散通道逃生，此时应紧闭迎火面门窗，用浸湿的毛巾、衣物等堵塞门缝，尽可能阻止烟气进入室内。如无法转移到其他楼层，最好在阳台或窗台固守待援。白天可晃动鲜艳衣物或大声呼救、敲击发出求救信号，晚上可借助手电、手机等发光物。http://t.cn/RaOxO9V,0,0,0,1551535860000
5457260794,塔斯丁狗狗狗狗蛋,#警察故事#【奇怪的“尸体”】近日，嘉定黄渡派出所接一个房东报警，称其出租房内一个租客把房门反锁躺在床上一动不动，怎么敲门、喊叫也没回应，隔着窗户用竹竿捅了几下也没反应，怀疑租客遭遇意外。民警叫来120和法医到场，突然，令人意想不到的事发生了……,0,0,1,1551535740000
,StarCrescent,抱歉，作者已设置仅展示半年内微博，此微博已不可见。 ,0,0,1,1551535740000
,马边119,抱歉，作者已设置仅展示半年内微博，此微博已不可见。 ,0,0,0,1551535740000
5457260794,塔斯丁狗狗狗狗蛋,#警察故事#【奇怪的“尸体”】近日，嘉定黄渡派出所接一个房东报警，称其出租房内一个租客把房门反锁躺在床上一动不动，怎么敲门、喊叫也没回应，隔着窗户用竹竿捅了几下也没反应，怀疑租客遭遇意外。民警叫来120和法医到场，突然，令人意想不到的事发生了……,0,0,0,1551535680000
6368816940,沙发上那不行,:高保额丨房屋及装潢丨火灾爆炸http://t.cn/EIbOK4f ,0,0,0,1551535620000
3249465504,店长克鲁泽,抱歉，作者已设置仅展示半年内微博，此微博已不可见。 ,0,0,0,1551535560000
6851022919,阿消密云粉丝后援会,抱歉，作者已设置仅展示半年内微博，此微博已不可见。 ,0,0,0,1551535440000
6851022919,阿消密云粉丝后援会,#警察故事#【奇怪的“尸体”】近日，嘉定黄渡派出所接一个房东报警，称其出租房内一个租客把房门反锁躺在床上一动不动，怎么敲门、喊叫也没回应，隔着窗户用竹竿捅了几下也没反应，怀疑租客遭遇意外。民警叫来120和法医到场，突然，令人意想不到的事发生了……,0,0,0,1551535440000
,机智的小杭,抱歉，作者已设置仅展示半年内微博，此微博已不可见。 ,0,0,0,1551535380000
,释不归,:2月22日，湖南常德一居民家中突发火灾，危急时刻，12岁的姐姐陈子墨将5岁的弟弟陈墨子护在怀中，用自己身体为弟弟筑上一道防火墙。2月27日下午，因烧伤过重，姐姐不幸去世......善良勇敢的姑娘，一路走好！,326,26,48,1551535320000
3616634855,吴晓璐霏,【12岁女孩火灾中用身体护住5岁弟弟：弟弟获救，姐姐走了】2月22日凌晨3点，湖南桃源县一居民家中突发火灾，12岁的姐姐陈子墨将5岁的弟弟陈墨子护在了怀里，最终姐姐的烧伤面积55%，弟弟的烧伤面积是28%，姐姐用身体将大部分火焰挡住。因烧伤过于严重，姐姐于27日停止了呼吸。@时间新闻视频http://t.cn/EfgM4P9,0,0,0,1551535260000
,_unknow_Bad_ending,抱歉，作者已设置仅展示半年内微博，此微博已不可见。 ,0,0,0,1551535140000
5350800896,瘦到九十斤就OK,【12岁女孩火灾中用身体护住5岁弟弟：弟弟获救，姐姐走了】2月22日凌晨3点，湖南桃源县一居民家中突发火灾，12岁的姐姐陈子墨将5岁的弟弟陈墨子护在了怀里，最终姐姐的烧伤面积55%，弟弟的烧伤面积是28%，姐姐用身体将大部分火焰挡住。因烧伤过于严重，姐姐于27日停止了呼吸。@时间新闻视频http://t.cn/EfgM4P9,0,0,0,1551534960000
,国网甘肃电力,:#甘电小科普#【电动车充电防火六招】近几年，因电动车引发的火灾事故，越来越引起大家关注， 大家平时也要了解一些电动车防火常识，千万别不当回事！ 湖州开发区消防大队的秒拍视频 ,0,0,0,1551534960000
6629055060,天水秦州消防,抱歉，作者已设置仅展示半年内微博，此微博已不可见。 ,0,0,0,1551534900000
1699284032,悉以诸音而说法,:预报今天多云，直到下午都是好天气，傍晚阴天☁️中午出去遛弯儿，公司附近的7-11店旁边的公寓貌似有火情，消防车🚒三四台停在那里，一位消防员拿着对讲机好像在向上级汇报情况。看公寓楼外观，火灾应该不严重。 日本·广岛市 ,0,0,0,1551534840000
5865528973,快乐菩提xlfm,:#快乐菩提[超话]#问：每年的清明时节会有很多像森林火灾，或者交通事故，请问这个跟灵性是不是有关系？答：你说呢？（白天灵性活动也那么厉害吗？）那当然了，清明是他们的日子，放假了呀！放假一个月，你说他会不会开心？白天晚上都是他的时间（对，白天他也可以出来）那当然了。 ,0,0,0,1551534720000
1899580087,尚湖风光,:租客在地下室过道公共区域电瓶车充电引起火灾造成物业经济损失，房东有责任吗，咋还把房东给告了，不明白了，有懂的人说说吗？ ,1,0,0,1551534660000
,青岛车管,:#微笑无处不在 服务处处无痕# 【如何预防汽车自燃】1、做好车辆日常检查。平时多对车辆进行检查和保养。经常检查车内电器导线、插接头、开关件、线夹等处是否有“破皮”。2、车内线路不能乱接。很多新购汽车的用户，可能会给车辆添加防盗器、加装电器设备等。但改装不当，就很容易造成局部线路负荷过大，从而引发火灾 ,1,0,0,1551534420000
3979570315,菠萝小小密,#法治微课堂# 【电焊火花引发火灾烧琴坊 作坊主获赔二十余万】 ,1,0,0,1551534420000
3160486680,Illyasviel_von_Einzbern厨,抱歉，作者已设置仅展示半年内微博，此微博已不可见。 ,0,0,0,1551534420000
,喀什消防,#警察故事#【奇怪的“尸体”】近日，嘉定黄渡派出所接一个房东报警，称其出租房内一个租客把房门反锁躺在床上一动不动，怎么敲门、喊叫也没回应，隔着窗户用竹竿捅了几下也没反应，怀疑租客遭遇意外。民警叫来120和法医到场，突然，令人意想不到的事发生了……,0,0,0,1551534420000
5746166656,天空蓝蓝的888,【12岁女孩火灾中用身体护住5岁弟弟：弟弟获救，姐姐走了】2月22日凌晨3点，湖南桃源县一居民家中突发火灾，12岁的姐姐陈子墨将5岁的弟弟陈墨子护在了怀里，最终姐姐的烧伤面积55%，弟弟的烧伤面积是28%，姐姐用身体将大部分火焰挡住。因烧伤过于严重，姐姐于27日停止了呼吸。@时间新闻视频http://t.cn/EfgM4P9,0,0,0,1551534300000
5376252974,白银路司法所V,#警察故事#【奇怪的“尸体”】近日，嘉定黄渡派出所接一个房东报警，称其出租房内一个租客把房门反锁躺在床上一动不动，怎么敲门、喊叫也没回应，隔着窗户用竹竿捅了几下也没反应，怀疑租客遭遇意外。民警叫来120和法医到场，突然，令人意想不到的事发生了……,0,0,0,1551534300000
5421617365,彭水县消防大队,:【彭水消防】提示您：外出旅游，您和家人在入住酒店时，应先读懂房门背后的疏散逃生线路图；到公共场所购物时，要留心周围的消防设施，注意查看安全出口和消防通道位置，以便在出现火灾等突发事件时能迅速逃离，逃离时切勿搭乘电梯。 ,0,0,0,1551534240000
,境界线上的赫莱森,抱歉，作者已设置仅展示半年内微博，此微博已不可见。 ,0,0,0,1551534180000
,钦州消防,#每天学点消防知识[超话]#  【影剧院消防安全常识】影剧院人员密集，一旦着火 燃烧猛烈 蔓延迅速，易造成人员伤亡或是踩踏事故。文明观影的同时，遇火灾或者意外情况时，切莫惊慌！一定要记住这些逃生技能~陕西消防的秒拍视频 #蓝朋友的警告# ,0,0,0,1551534180000
5546589087,牛仔灯泡,【12岁女孩火灾中用身体护住5岁弟弟：弟弟获救，姐姐走了】2月22日凌晨3点，湖南桃源县一居民家中突发火灾，12岁的姐姐陈子墨将5岁的弟弟陈墨子护在了怀里，最终姐姐的烧伤面积55%，弟弟的烧伤面积是28%，姐姐用身体将大部分火焰挡住。因烧伤过于严重，姐姐于27日停止了呼吸。@时间新闻视频http://t.cn/EfgM4P9,0,0,1,1551534120000
6160623738,雪莲花蓝月亮,:请大家尽快戒杀吃素多放生吧，阿弥陀佛,0,0,0,1551534120000
5024011722,独居深村,【12岁女孩火灾中用身体护住5岁弟弟：弟弟获救，姐姐走了】2月22日凌晨3点，湖南桃源县一居民家中突发火灾，12岁的姐姐陈子墨将5岁的弟弟陈墨子护在了怀里，最终姐姐的烧伤面积55%，弟弟的烧伤面积是28%，姐姐用身体将大部分火焰挡住。因烧伤过于严重，姐姐于27日停止了呼吸。@时间新闻视频http://t.cn/EfgM4P9,0,0,0,1551534000000
,我的名字是稻妻地球已经被盯上了,抱歉，作者已设置仅展示半年内微博，此微博已不可见。 ,0,0,0,1551533940000
6721509348,涂非符号,#警察故事#【奇怪的“尸体”】近日，嘉定黄渡派出所接一个房东报警，称其出租房内一个租客把房门反锁躺在床上一动不动，怎么敲门、喊叫也没回应，隔着窗户用竹竿捅了几下也没反应，怀疑租客遭遇意外。民警叫来120和法医到场，突然，令人意想不到的事发生了……,0,0,0,1551533880000
2088673305,平安洛阳-龙门派出所,:#平安守护# 【蜀黍提醒：,2,1,0,1551533880000
2096303875,营口消防在身边,#警察故事#【奇怪的“尸体”】近日，嘉定黄渡派出所接一个房东报警，称其出租房内一个租客把房门反锁躺在床上一动不动，怎么敲门、喊叫也没回应，隔着窗户用竹竿捅了几下也没反应，怀疑租客遭遇意外。民警叫来120和法医到场，突然，令人意想不到的事发生了……,0,0,0,1551533880000
,昌宁-消防,#警察故事#【奇怪的“尸体”】近日，嘉定黄渡派出所接一个房东报警，称其出租房内一个租客把房门反锁躺在床上一动不动，怎么敲门、喊叫也没回应，隔着窗户用竹竿捅了几下也没反应，怀疑租客遭遇意外。民警叫来120和法医到场，突然，令人意想不到的事发生了……,0,0,0,1551533820000
,昌宁-消防,#蓝朋友的警告#【预防厨房火灾记住这9点】人以食为天，每天都要和厨房打交道，无论商用厨房还是家庭厨房，都是一个火、电同时使用的地方，因此厨房是一个火灾高发地点。如何预防厨房火灾，请注意以下几点。 ,0,0,0,1551533820000
6084393850,勤奋的海天一色1995,【12岁女孩火灾中用身体护住5岁弟弟：弟弟获救，姐姐走了】2月22日凌晨3点，湖南桃源县一居民家中突发火灾，12岁的姐姐陈子墨将5岁的弟弟陈墨子护在了怀里，最终姐姐的烧伤面积55%，弟弟的烧伤面积是28%，姐姐用身体将大部分火焰挡住。因烧伤过于严重，姐姐于27日停止了呼吸。@时间新闻视频http://t.cn/EfgM4P9,0,0,0,1551533760000
2494899412,莲都消防大队,抱歉，作者已设置仅展示半年内微博，此微博已不可见。 ,0,0,0,1551533760000
,BTsnake592,抱歉，作者已设置仅展示半年内微博，此微博已不可见。 ,1,0,1,1551533760000
,广视频,:【屋主外出旅游家中起火，现场一片狼籍】3月1日17时30分，海珠区中山大学浦园区内一民房发生火灾，有明火从窗户冒出。接到报警后，附近消防救援站迅速出动2台消防车15名指战员赶赴现场扑救。据保安介绍，当时一接到群众报警称4楼位置发生火灾，校方就立即组织保安扑救。经校方联系屋主，发现起火的屋主一家已外出旅游，没人在家。目前，消防部门还在进一步调查起火原因。（记者 张丹羊 王安蕾）http://t.cn/EIb5dFi,1,4,0,1551533700000
2512963412,勐腊消防119,#蓝朋友的警告#【预防厨房火灾记住这9点】人以食为天，每天都要和厨房打交道，无论商用厨房还是家庭厨房，都是一个火、电同时使用的地方，因此厨房是一个火灾高发地点。如何预防厨房火灾，请注意以下几点。 ,0,0,0,1551533640000
2258073433,一支小跳跳,【12岁女孩火灾中用身体护住5岁弟弟：弟弟获救，姐姐走了】2月22日凌晨3点，湖南桃源县一居民家中突发火灾，12岁的姐姐陈子墨将5岁的弟弟陈墨子护在了怀里，最终姐姐的烧伤面积55%，弟弟的烧伤面积是28%，姐姐用身体将大部分火焰挡住。因烧伤过于严重，姐姐于27日停止了呼吸。@时间新闻视频http://t.cn/EfgM4P9,0,0,0,1551533580000
2473162694,云南楚雄消防支队,#蓝朋友的警告#【小场所火灾伤不起,0,0,0,1551533520000
,陕西西安莲湖消防,#警察故事#【奇怪的“尸体”】近日，嘉定黄渡派出所接一个房东报警，称其出租房内一个租客把房门反锁躺在床上一动不动，怎么敲门、喊叫也没回应，隔着窗户用竹竿捅了几下也没反应，怀疑租客遭遇意外。民警叫来120和法医到场，突然，令人意想不到的事发生了……,0,0,0,1551533460000
6171205755,YS小小淘气包,#消防知识在心中[超话]##蓝朋友的警告# 【小场所火灾伤不起】小饭店、小作坊等小场所日益增多，大多较简陋、拥挤、可燃物多，起火后人员逃生经验不足、特殊结构和多种因素也会造成逃生困难、造成严重伤亡。消防部门提醒：小本生意不容易，请注意小场所消防安全。   宣城市消防支队的秒拍视频 ,0,0,0,1551533460000
6688286176,正能量的怎等瑶201809,:他们相隔了两年。过去的文希意外撞破了雨桐的心事， ,0,0,0,1551533400000
5393615654,陕西延川消防,#警察故事#【奇怪的“尸体”】近日，嘉定黄渡派出所接一个房东报警，称其出租房内一个租客把房门反锁躺在床上一动不动，怎么敲门、喊叫也没回应，隔着窗户用竹竿捅了几下也没反应，怀疑租客遭遇意外。民警叫来120和法医到场，突然，令人意想不到的事发生了……,0,0,0,1551533400000
2486023042,新疆消防,:#每天学点消防知识[超话]#  【影剧院消防安全常识】影剧院人员密集，一旦着火 燃烧猛烈 蔓延迅速，易造成人员伤亡或是踩踏事故。文明观影的同时，遇火灾或者意外情况时，切莫惊慌！一定要记住这些逃生技能~陕西消防的秒拍视频 #蓝朋友的警告#  ,1,6,0,1551533400000
2431078520,治安那些事儿,:#140年后地球有多热#那么热肯定是地球受不了人更受不了，但小太阳发热后的威力你知道吗？,8,7,7,1551533340000
1878484251,格格是来过倒,【12岁女孩火灾中用身体护住5岁弟弟：弟弟获救，姐姐走了】2月22日凌晨3点，湖南桃源县一居民家中突发火灾，12岁的姐姐陈子墨将5岁的弟弟陈墨子护在了怀里，最终姐姐的烧伤面积55%，弟弟的烧伤面积是28%，姐姐用身体将大部分火焰挡住。因烧伤过于严重，姐姐于27日停止了呼吸。@时间新闻视频http://t.cn/EfgM4P9,0,0,0,1551533280000
5452517140,禄劝消防,#蓝朋友的警告#【预防厨房火灾记住这9点】人以食为天，每天都要和厨房打交道，无论商用厨房还是家庭厨房，都是一个火、电同时使用的地方，因此厨房是一个火灾高发地点。如何预防厨房火灾，请注意以下几点。 ,0,0,0,1551533220000
2358561864,赣州消防,#消防知识在心中[超话]##蓝朋友的警告# 【小场所火灾伤不起】小饭店、小作坊等小场所日益增多，大多较简陋、拥挤、可燃物多，起火后人员逃生经验不足、特殊结构和多种因素也会造成逃生困难、造成严重伤亡。消防部门提醒：小本生意不容易，请注意小场所消防安全。   宣城市消防支队的秒拍视频 ,1,0,0,1551533220000
2659630083,湖北电视台官方微博,:【湖北咸宁：咸宁市200余名监察委看守铺警齐聚学消防技能】为进一步提高政府部门、社会单位消防安全意识，深入推进冬春火灾防控工作，3月2日下午，咸宁市消防支队应邀在民兵训练基地为全市200余名监察委看守辅警开展消防安全培训。授课过程中，支队宣传员结合PPT培训课件，用通俗易懂的语言讲解了消防安全的基本知识和一些日常生活中应注意的消防安全细节。授课过程中，支队宣传员结合PPT培训课件，用通俗易懂的语言讲解了消防安全的基本知识和一些日常生活中应注意的消防安全细节。在实地培训中，支队宣传员组织监察委看守辅警对灭火器扑灭油盆火，徒手关闭液化气罐、水带铺设、水枪水带连接出水操法等进行了现场实地体验。通过此次培训活动，使培训人员对消防知识有了更进一步的了解，切实提高工作人员的消防安全意识和疏散逃生能力，为社会单位的消防安全提供了强有力的消防安全保障和良好的消防安全环境。（通讯员：官易洲）@央视新闻 @中国消防 @中华人民共和国应急管理部 @人民日报,0,0,0,1551533160000
2738434220,长兴消防,抱歉，作者已设置仅展示半年内微博，此微博已不可见。 ,0,0,0,1551533100000
2738434220,长兴消防,#警察故事#【奇怪的“尸体”】近日，嘉定黄渡派出所接一个房东报警，称其出租房内一个租客把房门反锁躺在床上一动不动，怎么敲门、喊叫也没回应，隔着窗户用竹竿捅了几下也没反应，怀疑租客遭遇意外。民警叫来120和法医到场，突然，令人意想不到的事发生了……,0,0,0,1551533100000
2739006101,Y同学的C蛋生活,抱歉，作者已设置仅展示半年内微博，此微博已不可见。 ,0,0,0,1551533100000
5632122872,卖花的老人,【12岁女孩火灾中用身体护住5岁弟弟：弟弟获救，姐姐走了】2月22日凌晨3点，湖南桃源县一居民家中突发火灾，12岁的姐姐陈子墨将5岁的弟弟陈墨子护在了怀里，最终姐姐的烧伤面积55%，弟弟的烧伤面积是28%，姐姐用身体将大部分火焰挡住。因烧伤过于严重，姐姐于27日停止了呼吸。@时间新闻视频http://t.cn/EfgM4P9,1,0,0,1551533100000
2162832780,Susie思歆,【12岁女孩火灾中用身体护住5岁弟弟：弟弟获救，姐姐走了】2月22日凌晨3点，湖南桃源县一居民家中突发火灾，12岁的姐姐陈子墨将5岁的弟弟陈墨子护在了怀里，最终姐姐的烧伤面积55%，弟弟的烧伤面积是28%，姐姐用身体将大部分火焰挡住。因烧伤过于严重，姐姐于27日停止了呼吸。@时间新闻视频http://t.cn/EfgM4P9,0,0,0,1551533040000
6183207098,圖新富國,:【安全课堂】@圖新富國@柳州消防【火灾逃生必备技能】火灾发生，危险性极大，火灾逃生是我们的必备技能。如何修炼逃生技能？总之，遇事沉着、冷静分析、争分夺秒，这就是火场逃生的不二法门！ 陕西消防的秒拍视频 ,2,0,0,1551533040000
5490999567,格尔木消防,#警察故事#【奇怪的“尸体”】近日，嘉定黄渡派出所接一个房东报警，称其出租房内一个租客把房门反锁躺在床上一动不动，怎么敲门、喊叫也没回应，隔着窗户用竹竿捅了几下也没反应，怀疑租客遭遇意外。民警叫来120和法医到场，突然，令人意想不到的事发生了……,2,2,0,1551532920000
6858094200,召父肥檬痔酶扌,:【用喷灯烘烤油底？】冬季用喷灯烘烤油底，不但会使机油中的添加剂发生化学变化，失去原有的性能，而且还会使机油胶结、油底变形，容易引起火灾。最好的做法是根据当地冬季的最低,0,0,0,1551532920000
2714392672,娄底消防,:#消防身边事#【常见的烟雾报警器，你了解吗】烟雾报警器是一种最常见的消防预警装置，能够在发生火灾后的初期阶段，准确感应到起火所产生的烟雾，迅速向人们预警，及时阻止火势蔓延。烟雾报警器的正确安装和维护，你了解吗？戳视频涨知识 ↓↓ 四川遂宁消防的微博视频 ,0,1,0,1551532860000
,扬州消防,#寒假消防作业# 扬州市中小学幼儿园寒假消防作业展播（一） ,2,0,0,1551532860000
2714392672,娄底消防,:#消防知识[超话]# 【大火封门怎么破？】火灾发生后，如大火封门无法从疏散通道逃生，此时应紧闭迎火面门窗，用浸湿的毛巾、衣物等堵塞门缝，尽可能阻止烟气进入室内。如无法转移到其他楼层，最好在阳台或窗台固守待援。白天可晃动鲜艳衣物或大声呼救、敲击发出求救信号，晚上可借助手电、手机等发光物。http://t.cn/RaOxO9V,0,0,0,1551532860000
3334142714,陕西消防,:#消防提示# 【烟雾报警器知多少】烟雾报警器是一种最常见的消防预警装置，能够在火灾发生的初期阶段准确感应到起火所产生的烟雾，迅速向人们预警，及时阻止火势蔓延。现已在多地进行推广安装，你了解它吗？  ,13,65,4,1551532860000
2714392672,娄底消防,:#蓝朋友的警告#【小场所火灾伤不起,0,2,0,1551532800000
6749757862,尤延章xbgic,:【用喷灯烘烤油底？】冬季用喷灯烘烤油底，不但会使机油中的添加剂发生化学变化，失去原有的性能，而且还会使机油胶结、油底变形，容易引起火灾。最好的做法是根据当地冬季的最低气温选用相适应的机油。在有条件的,0,0,0,1551532800000
,海口日报,:【海南连续13年没有发生重特大火灾事故】3月2日，海南消防总队召开党委一届四次全会。南海网记者从会上获悉，2018年同比2017年，火灾死亡人数、伤人数、直接财产损失分别下降38.5% 、91.7% 和14.5% ，无较大以上火灾事故，连续13年没有发生重特大火灾事故。（南海网 编辑郑春祥）http://t.cn/EIbwi5F ,2,0,0,1551532800000
5461228351,眉山东坡消防,#消防提示# 【消防小提示——禁止私拉乱接电线】不懂电工专业知识的人，在乱接电线中因错误接线容易造成事故，或连接不牢固形成接触电阻过大而引发火灾事故；导线的设计容量是有限的，乱接电线造成接入过多的负荷，容易因过负荷而造成火灾。陕西消防的秒拍视频 ,0,0,0,1551532740000
3529345917,熊猫人和毛毛熊,#平安守护# 【住高层最好准备这些东西】高层建筑居民家里应配备哪些基本的消防器材，初起火灾如何扑救，如何成功逃生自救，普通居民家庭可选择四类消防器材:自动报警器、简易防逃生面具和缓降器、灭火器，未雨绸缪，有备无患。 @平安洛阳 中国消防的秒拍视频 ,0,0,0,1551532740000
3299203424,延安消防,抱歉，作者已设置仅展示半年内微博，此微博已不可见。 ,0,0,0,1551532680000
3299203424,延安消防,#警察故事#【奇怪的“尸体”】近日，嘉定黄渡派出所接一个房东报警，称其出租房内一个租客把房门反锁躺在床上一动不动，怎么敲门、喊叫也没回应，隔着窗户用竹竿捅了几下也没反应，怀疑租客遭遇意外。民警叫来120和法医到场，突然，令人意想不到的事发生了……,1,1,0,1551532680000
1776060575,Dooooooooris_,:刚到曼谷 路过火灾现场,0,0,2,1551532680000
3529345917,熊猫人和毛毛熊,#平安守护# 【住高层最好准备这些东西】高层建筑居民家里应配备哪些基本的消防器材，初起火灾如何扑救，如何成功逃生自救，普通居民家庭可选择四类消防器材:自动报警器、简易防逃生面具和缓降器、灭火器，未雨绸缪，有备无患。 @平安洛阳 中国消防的秒拍视频 ,0,0,0,1551532560000
1771196503,顺峰丸子,:           一罗威的操作口诀；1. K线是价格的纪录，K线之下有平均线，平均线是看方向。20日均价和60日均价，只要趋势向上，就可以作多。配合KD指标当转折，这就是「两条均线和一个指标」的操作法。2. 「过前高会压回，破前低会反弹」。多头趋势下，过前高的压回以及破前低，都是找买点。3. 「钝化回档、再创新高」，在钝化回档不破前低，转强就买，这种股票至少会获利一、二成。4. 20日均价，站上，作多。跌破，卖出。5. 当日（周、月亦可）成交量为前五交易日平均量的1.5倍者，即可视为爆量；爆量搭配KD出现向上突破型态，就是最好的买点。6. 逮到月KD往上的大多头趋势做多，月KD往下的大空头趋势放空。二. 罗威的操作哲学；1.持股永远不超过五档，避免自己无暇顾及，错估买卖时机。没有先痛下苦功研究，以及有确立资金控管底线，请不要投资股票，任何时候，资金都不要买到100％，顶多八成仓位。2.除非大盘周KD、月KD同时翻扬向上，才可大胆一点融资买进，平时只做现股交易；没有上述的情形，持股一律低于50％。3. 任何商品都可由技术来分析，大盘其实也是一档个股，顺着大盘的KD定方向，找月KD和大盘同步的股票操作最有利。4. 平时会有30至40档观察股，上市挂牌超过2、3年的公司才列入考虑，新股再好，周Ｋ也只能画出3、5根，无法当作研判依据。5. 若要做相对长期「锁股」（单指锁定一支股票的波段，来回作多、放空），就会参考配息、配股纪录。只要看到连年有稳定、殖利率相对高的配息，就会放心持续操作。6. 不要寄望买在最低点、卖在最高点，那是散户做不到的事，技术指标也常因为骗线而失准。以个人指标研判，预测高点大约误差为500点，再追上档利润已经有限，不如提早下车，还可躲过重伤害。7. 火灾股必有后市，只要公司不烧光，股价回档后，就要准备找买点。从南亚、联茂等发现，火灾股会出现「越烧越旺」的现象。8. 要懂得停利与停损。股票买进后，在最短的时间内发现不对，要卖掉停损。同样地赚到手的股票，一定要停利，至少要在股票跌回到成本附近前，卖掉。,0,0,0,1551532500000
,临沂关注,#临沂身边事# 【痛心！莒南一烧烤店发生火灾，致１人死亡12人轻微伤 记者采访受不明身份人员阻挠】#莒南烧烤店火灾# 3月1日19时35分左右，莒南县温泉路中段天天烧烤店发生火灾，据莒南县政府官网通报，截至目前，这起火灾致12人轻微伤，1人重伤不治身亡。3月1日，莒南县政府官网曾发消息称，2019年3月1日19时35分左右，莒南县温泉路中段天天烧烤烧烤店发生火灾，造成1人重伤，12人轻微受伤。目前，明火已经扑灭，受伤人员已全部送至县人民医院救治，店主已被公安机关控制，具体原因正在调查。县领导第一时间奔赴现场指挥处置。3月2日莒南县政府官网发布《莒南县天天烧烤店火灾情况续报》称，3月1日19时35分左右，莒南县温泉路中段天天烧烤店发生火灾。事故发生后，莒南县立即成立了事故调查、医疗救助、善后处理等工作组，第一时间救治伤员，并迅速调查处置事故。同时，在全县开展餐饮服务业安全隐患排查，坚决避免同类事故再次发生。截至上午11时，1名重伤人员因医治无效死亡，其余伤员伤情稳定，事故原因还在调查中。 @临沂同城  http://t.cn/EIULtSu,1,0,0,1551532500000
5079927167,秦小文20858,:秦小文.外国语学院.418108040126@河北地质大学团委 #河北地质大学新生“诚意”实践培育计划#不在指定的地点燃放烟花爆竹就有可能产生火灾等安全隐患 ,0,0,0,1551532500000
2682438172,蒋含伊,抱歉，作者已设置仅展示半年内微博，此微博已不可见。 ,0,0,0,1551532440000
3177053725,宁波市消防救援支队江北区大队,【勇敢的天使去了天堂！#12岁女孩火场保护弟弟重伤去世#,0,0,0,1551532380000
2682438172,蒋含伊,抱歉，作者已设置仅展示半年内微博，此微博已不可见。 ,0,0,0,1551532380000
,国网甘肃电力,:#甘电小科普# 冬季火灾高发，特别是因用电不慎而引发的灾祸事故屡屡发生。生活中一定要注意防范，平安过冬。台州市消防支队三门大队的秒拍视频 ,0,0,0,1551532380000
6740402086,琉璃之瞳丶VARSDEN,:【用喷灯烘烤油底？】冬季用喷灯烘烤油底，不但会使机油中的添加剂发生化学变化，失去原有的性能，而且还会使机油胶结、油底变形，容易引起火灾[喝多了]。最好的做法是根据当地冬季的最低气温选用相适应的机油。在有条件的地方，最好把车辆停放在有保温设施的车库内。 ,0,0,0,1551532320000
,_Evoltooo,抱歉，作者已设置仅展示半年内微博，此微博已不可见。 ,0,0,0,1551532200000
6524697383,四川观察在现场,:【凉山州突发森林火灾 3月1凌晨40分大火全线扑灭】2月28日10时40分，接到火情通报后，凉山州森林消防支队88人快速赶赴火场。其中，总队成都大队，作为特种救援大队，闻令而动，全体消防员利用24台水泵，采用串并联相结合的方式分三路围攻火头，截止3月1日凌晨40分，大火被完全扑灭。@四川观察 http://t.cn/EIUvl6c,0,0,0,1551532200000
1986679210,江西消防,:#每天学点消防知识[超话]#  【影剧院消防安全常识】影剧院人员密集，一旦着火 燃烧猛烈 蔓延迅速，易造成人员伤亡或是踩踏事故。文明观影的同时，遇火灾或者意外情况时，切莫惊慌！一定要记住这些逃生技能~陕西消防的秒拍视频 #蓝朋友的警告# ,7,11,1,1551532140000
6388512802,带天然卷银发的死鱼眼即是正义,#消防知识在心中[超话]##蓝朋友的警告# 【小场所火灾伤不起】小饭店、小作坊等小场所日益增多，大多较简陋、拥挤、可燃物多，起火后人员逃生经验不足、特殊结构和多种因素也会造成逃生困难、造成严重伤亡。消防部门提醒：小本生意不容易，请注意小场所消防安全。   宣城市消防支队的秒拍视频 ,0,0,0,1551532080000
3358309282,董老师的老baby,:真是一个特别的日子早上给宝宝换衣服的时候地震了我家十五楼都感到窗户在晃下午去了宝宝姥姥家晚上发生了一场小火灾连滚带爬地跑回了家现在宝宝睡觉了 睡的很安稳 ,0,0,1,1551532080000
5615333246,安顺网警巡查执法,#平安安顺#【点点星火 可以“燎原”】2019年3月2日，关岭自治县公安局普利派出所接到报警称：普利乡一山坡发生火灾，接到报警后派出所人员迅速到达现场组织各部门一起灭火。通过大家的共同努力，终于将这场大火扑灭。小编想提醒一下大家近期，正值风急物燥的天气，由于身边不起眼的小动作也会“燎原”，请注意用火安全。@安顺公安 @安顺热门 @关岭交警 @安顺发布 @安顺同城 @安顺网警巡查执法 @关岭发布V http://t.cn/EI4iESq,1,0,0,1551532080000
6740185491,半晴空n,:【用喷灯烘烤油底？】冬季用喷灯烘烤油底，不但会使机油中的添加剂发生化学变化，失去原有的性能，而且还会使机油胶结、油底变形，容易引起火灾。,0,0,0,1551532080000
,黔南消防,抱歉，作者已设置仅展示半年内微博，此微博已不可见。 ,0,0,0,1551532020000
,吴忠消防,:#每天学点消防知识[超话]#【医院消防安全须知】冬春季节，疾病多发的季节，各大医院往往人满为患，一旦发生火灾，很容易造成重大事故，今天为大家介绍医院的防火和逃生常识。 #蓝朋友的警告#  ,0,1,0,1551532020000
2494829714,再见雨过天青色,:日本大阪出土的7~8世纪鸱尾，据传鸱尾能喷浪降雨，在屋顶上安两个相对的鸱尾，能避火灾，从中国传入日本。 ,2,2,1,1551531960000
5125030068,静静的走110,:2万一个火灾，公司抽身事外，好大一个上海卫宁啊。你真能撇清么？看来只能找律师了，下周我只能找了。 ,0,0,0,1551531960000
6540538871,beauty闫,【超大福利】大家扶了柳消上了那么多次热评，现在检验你们消防知识的时候到了。关注@柳州消防 与@武汉消防  同时@三名好友 转发本条微博转发时加上所学的消防安全小常识就能参与抽奖。奖品是螺蛳粉（十箱每箱十盒）~！ 3月8号开奖@微博抽奖平台 ,0,0,2,1551531840000
5970284975,吴山华天师,抱歉，作者已设置仅展示半年内微博，此微博已不可见。 ,1,0,1,1551531720000
6754045180,课后的小屋凝,:小时候晚上经常看见路边有烧纸的，我 [吃狗粮] 那时候不懂，以为是烧垃圾。每次都等人烧完走了以后跑上去把火苗踩灭，怕引起火灾。现在想想能平安长这么大真不容易。???? ,0,0,0,1551531720000
,吴忠消防,:#蓝朋友的警告#【,0,0,0,1551531720000
6698939736,安琪怎吗婉,:他们相隔了两年。过去的文希意外撞破了雨桐的心事，帮他父亲逃过火灾，让他免于抑郁而死。她以为救了人却害死了另个人，手里拿着晨报呆立在十字路口。未来的雨桐得知她早已出车祸而死，赶到两年前的十字路口推开她，血泊中意识涣散，原来这就是结局。 [伴我同行] 时光机不会改变事实，他们在各自的世界都不存在。,0,0,0,1551531660000
2653832283,福州消防,抱歉，作者已设置仅展示半年内微博，此微博已不可见。 ,1,0,0,1551531600000
2653832283,福州消防,#警察故事#【奇怪的“尸体”】近日，嘉定黄渡派出所接一个房东报警，称其出租房内一个租客把房门反锁躺在床上一动不动，怎么敲门、喊叫也没回应，隔着窗户用竹竿捅了几下也没反应，怀疑租客遭遇意外。民警叫来120和法医到场，突然，令人意想不到的事发生了……,0,0,0,1551531600000
3267380294,未来末木,【12岁女孩火灾中用身体护住5岁弟弟：弟弟获救，姐姐走了】2月22日凌晨3点，湖南桃源县一居民家中突发火灾，12岁的姐姐陈子墨将5岁的弟弟陈墨子护在了怀里，最终姐姐的烧伤面积55%，弟弟的烧伤面积是28%，姐姐用身体将大部分火焰挡住。因烧伤过于严重，姐姐于27日停止了呼吸。@时间新闻视频http://t.cn/EfgM4P9,0,0,0,1551531480000
6104617068,绵阳经开119,#警察故事#【奇怪的“尸体”】近日，嘉定黄渡派出所接一个房东报警，称其出租房内一个租客把房门反锁躺在床上一动不动，怎么敲门、喊叫也没回应，隔着窗户用竹竿捅了几下也没反应，怀疑租客遭遇意外。民警叫来120和法医到场，突然，令人意想不到的事发生了……,0,0,0,1551531480000
6669947808,坐怀不乱的沙滩裤6076,:小时候晚上经常看见路边有烧纸的，我那时候不懂，以为 ,0,0,0,1551531480000
3992331180,荒郊野店,抱歉，作者已设置仅展示半年内微博，此微博已不可见。 ,0,0,1,1551531420000
1952717701,今天成为高岭之花了吗,南方自取暖的同学注意了，这是一台杀人机器（英式没品笑话百科的秒拍视频） ,0,0,0,1551531360000
5454421720,楚雄市消防救援大队,#警察故事#【奇怪的“尸体”】近日，嘉定黄渡派出所接一个房东报警，称其出租房内一个租客把房门反锁躺在床上一动不动，怎么敲门、喊叫也没回应，隔着窗户用竹竿捅了几下也没反应，怀疑租客遭遇意外。民警叫来120和法医到场，突然，令人意想不到的事发生了……,0,0,0,1551531360000
1671511957,薄荷喵薄荷,抱歉，作者已设置仅展示半年内微博，此微博已不可见。 ,0,0,0,1551531360000
5253231288,土方仗助,抱歉，作者已设置仅展示半年内微博，此微博已不可见。 ,0,0,0,1551531360000
5972603890,BJLOVE33,抱歉，作者已设置仅展示半年内微博，此微博已不可见。 ,0,0,0,1551531360000
2275493833,大点儿甩,抱歉，作者已设置仅展示半年内微博，此微博已不可见。 ,0,0,0,1551531300000
6519818474,idol橋本奈奈未,抱歉，作者已设置仅展示半年内微博，此微博已不可见。 ,1,0,0,1551531300000
5889205529,云南旅游攻略愉越旅行,:#云南必游景点[超话]# 科贡坊景点介绍科贡坊坐落于四方街西侧桥头，是一座风格独特的三层门楼，很多游客逛古城时都会在此合影留念。丽江在历史上一直是由当地土司统治的地区，雍正年间朝廷实施了改土归流的政策以后，和中央的关系越来越近，于是民间学子读书参加科举的热情也就越来越高。科贡坊所在地的杨家一家出了三个举人，在偏远的边疆少数民族地区，这可是件非常轰动的大喜事儿。于是官府和民众们一起捐资建造了一座两层的科贡坊。后来科贡坊曾经因为火灾而烧毁，直到清末的时候，科贡坊所在的小巷子里又出了一个进士，也是丽江的最后一个进士。他考上进士之后，乡亲们在原来被烧毁的科贡坊遗址上重新修建了三层的科贡坊，也就是现在位于眼前的这座了。,0,0,0,1551531300000
,冲绳黑糖摩卡满奶油,抱歉，作者已设置仅展示半年内微博，此微博已不可见。 ,0,0,0,1551531240000
3217343880,武汉消防,:【#火线警示录#】“4.2”东西湖区武汉国泰电器制造有限公司火灾（四）： 今天为您讲解的是“4.2”东西湖区武汉国泰电器制造有限公司火灾事故，该起火灾事故发生于2018年4月2日下午2时许，火灾造成36户受灾，过火面积约3600余平方米，无人员伤亡。经消防部门综合调查，认定起火原因为武汉国泰电器制造有限公司第五栋仓库中部8号库房内二楼西侧，两名无证人员使用电焊机违规冒险作业焊接暗楼时，操作不慎引燃仓库内的纸箱引发火灾。消防部门提醒：加强消防安全监督，定期开展防火检查巡查。 http://t.cn/EI4uYHI,19,5,1,1551531240000
5230716708,微笑_飞扬,:鉴于这周我做的都是小菜，没有吃到肉的胖厨周末打算搞个硬菜改善伙食，结果锅上炒着焦糖给忘了，差点炸了厨房，这扑面而来的烟雾和焦糊味，太可怕了，于是排烟完毕在我的监工下，重新起了一锅。胖说：你又不会，在这站着干啥，出去玩。我说：我这是安全监督着呢。怕你又忘了，万一引发F类火灾，初期我还可以随时准备灭火。想想厨房还有燃气管道，咿………越想越可怕………一定不可大意呀！PS：胖厨的手艺确实不错,0,0,2,1551531240000
,agentneo90,抱歉，作者已设置仅展示半年内微博，此微博已不可见。 ,0,0,0,1551531180000
3067143557,心境泽明,抱歉，作者已设置仅展示半年内微博，此微博已不可见。 ,0,0,0,1551531060000
3913223074,望乡之诗,抱歉，作者已设置仅展示半年内微博，此微博已不可见。 ,0,0,0,1551531060000
5932167491,fuuuuuuw,抱歉，作者已设置仅展示半年内微博，此微博已不可见。 ,0,0,0,1551531060000
2532902521,我是姐姐郭,:火灾现场 我是姐姐郭的微博视频 ,0,1,2,1551531000000
,临沂吧,:#临沂身边事# 【痛心！莒南一烧烤店发生火灾，致１人死亡12人轻微伤 记者采访受不明身份人员阻挠】#莒南烧烤店火灾# 3月1日19时35分左右，莒南县温泉路中段天天烧烤店发生火灾，据莒南县政府官网通报，截至目前，这起火灾致12人轻微伤，1人重伤不治身亡。3月1日，莒南县政府官网曾发消息称，2019年3月1日19时35分左右，莒南县温泉路中段天天烧烤烧烤店发生火灾，造成1人重伤，12人轻微受伤。目前，明火已经扑灭，受伤人员已全部送至县人民医院救治，店主已被公安机关控制，具体原因正在调查。县领导第一时间奔赴现场指挥处置。3月2日莒南县政府官网发布《莒南县天天烧烤店火灾情况续报》称，3月1日19时35分左右，莒南县温泉路中段天天烧烤店发生火灾。事故发生后，莒南县立即成立了事故调查、医疗救助、善后处理等工作组，第一时间救治伤员，并迅速调查处置事故。同时，在全县开展餐饮服务业安全隐患排查，坚决避免同类事故再次发生。截至上午11时，1名重伤人员因医治无效死亡，其余伤员伤情稳定，事故原因还在调查中。 @临沂同城  http://t.cn/EIULtSu,4,3,1,1551530940000
2948771574,宿州消防,:#蓝朋友的警告#【小场所火灾伤不起,1,0,0,1551530880000
6652129318,阿消云南粉丝后援会,抱歉，作者已设置仅展示半年内微博，此微博已不可见。 ,0,0,0,1551530880000
6652129318,阿消云南粉丝后援会,#警察故事#【奇怪的“尸体”】近日，嘉定黄渡派出所接一个房东报警，称其出租房内一个租客把房门反锁躺在床上一动不动，怎么敲门、喊叫也没回应，隔着窗户用竹竿捅了几下也没反应，怀疑租客遭遇意外。民警叫来120和法医到场，突然，令人意想不到的事发生了……,0,0,0,1551530820000
6652129318,阿消云南粉丝后援会,#蓝朋友的警告#【预防厨房火灾记住这9点】人以食为天，每天都要和厨房打交道，无论商用厨房还是家庭厨房，都是一个火、电同时使用的地方，因此厨房是一个火灾高发地点。如何预防厨房火灾，请注意以下几点。 ,0,0,0,1551530820000
5699816020,运来道长,:容易遇到意外灾害的手相，生命线有明显的断开，是大凶之相，与长辈的缘分较浅，健康运势欠佳，体质弱，抗风险能力差，在中年时期易遭遇险恶及病灾，更容易遇到意外祸事，如火灾、车祸、摔伤等，一定要小心谨慎，保养好自己的身体，如有不舒服的地方一定要去检查，平时出行也要格外注意，断开的部位所对应的流年是在35岁左右，在这前后几年一定要注意一些异常变化。手相还属于川字掌，女人川字掌大多是精明能干，独立性强，胆子大，有很强的事业心，在事业上能够有很不错的发展，但是这样的性格很难获得出色的婚姻，要注意维系好感情，夫妻之间要多沟通交流，减少不利的影响。,5,0,10,1551530700000
1615799065,王许美蕙_306,:我只是今天生日而已，要不要这么旺哦！刚下车就火灾！天气热了，大家一定注意消防安全啊！我在这里: 成都市-锦江区 ,0,0,0,1551530580000
5643903797,一个学物理的废物,抱歉，作者已设置仅展示半年内微博，此微博已不可见。 ,0,0,0,1551530460000
5064777068,湘潭消防,#蓝朋友的警告#如今越来越多选择租房居住，出租屋的数量也随之增多。但是很多出租屋存在消防设施设备老旧、电线私拉乱接等问题，隐患突出。这样的房子千万别租！出租房是容易出现火灾隐患的地方，消防安全问题也日益突出。如何确保居住环境的消防安全？由阿消带你去看看。@衡阳消防 ,0,0,0,1551530400000
2300689752,杏花岭公安分局坝陵桥派出所,:#风雨无阻创造美好生活##我在岗位上#【坝陵桥派出所对辖区九小场所进行日常消防安全检查】为了扎实做好春季防火工作，坚决杜绝各类重特大火灾事故的发生，2019年3月2日下午，坝陵桥派出所民警带领辅警深入辖区九小场所进行消防安全检查。@平安杏花岭 @平安太原 @山西公安 @太原消防 @山西消防 @太原日报 @太原消防杏花岭大队,0,0,0,1551530400000
3793754911,deaaaaaaan,抱歉，作者已设置仅展示半年内微博，此微博已不可见。 ,0,0,0,1551530340000
,小王子FCP,抱歉，作者已设置仅展示半年内微博，此微博已不可见。 ,1,0,0,1551530220000
1954514547,年底了不知道修改昵称次数满了没,抱歉，作者已设置仅展示半年内微博，此微博已不可见。 ,0,0,0,1551530220000
5214025685,该用户是陆绎妻,#警察故事#【奇怪的“尸体”】近日，嘉定黄渡派出所接一个房东报警，称其出租房内一个租客把房门反锁躺在床上一动不动，怎么敲门、喊叫也没回应，隔着窗户用竹竿捅了几下也没反应，怀疑租客遭遇意外。民警叫来120和法医到场，突然，令人意想不到的事发生了……,0,0,0,1551530220000
,Hotneca,抱歉，作者已设置仅展示半年内微博，此微博已不可见。 ,24,15,33,1551530100000
,泉州新闻通,:#泉州爆料#【万幸！南安一电池店突然爆炸起火，志愿者成功救出四名孩子…】 网友@美得因·小镇 爆料:  南安某车用电池销售店内电池突然爆炸，引发火灾。所幸红十字志愿者及时帮忙将火扑灭。并在店铺阁楼上的四个孩子成功救下来。小编提醒:安全问题，不容忽视啊！  （via@南安热门 ） http://t.cn/EIUdJgV,3,1,1,1551530100000
,80030岁创烦凡没救MJR007羊肉脏,:埃及火车站火灾事故后续：6名涉案嫌疑人遭拘捕 埃及交通部长阿拉法特也在随后引咎辞职 ,0,0,0,1551530100000
5863956158,济宁高速交警,抱歉，作者已设置仅展示半年内微博，此微博已不可见。 ,0,0,0,1551529980000
3479600071,沫雪雁,:#宜良消防[超话]#【预防厨房火灾记住这9点】人以食为天，每天都要和厨房打交道，无论商用厨房还是家庭厨房，都是一个火、电同时使用的地方，因此厨房是一个火灾高发地点。如何预防厨房火灾，请注意以下几点。 ,0,0,0,1551529860000
5483447149,Iris-rainy,#警察故事#【奇怪的“尸体”】近日，嘉定黄渡派出所接一个房东报警，称其出租房内一个租客把房门反锁躺在床上一动不动，怎么敲门、喊叫也没回应，隔着窗户用竹竿捅了几下也没反应，怀疑租客遭遇意外。民警叫来120和法医到场，突然，令人意想不到的事发生了……,0,0,0,1551529860000
3479600071,沫雪雁,:#宜良消防[超话]#【预防厨房火灾记住这9点】人以食为天，每天都要和厨房打交道，无论商用厨房还是家庭厨房，都是一个火、电同时使用的地方，因此厨房是一个火灾高发地点。如何预防厨房火灾，请注意以下几点。 ,0,0,0,1551529860000
5863956158,济宁高速交警,#警察故事#【奇怪的“尸体”】近日，嘉定黄渡派出所接一个房东报警，称其出租房内一个租客把房门反锁躺在床上一动不动，怎么敲门、喊叫也没回应，隔着窗户用竹竿捅了几下也没反应，怀疑租客遭遇意外。民警叫来120和法医到场，突然，令人意想不到的事发生了……,0,1,0,1551529800000
,凳子_哎呦卧槽我右手要发作了,抱歉，作者已设置仅展示半年内微博，此微博已不可见。 ,0,0,0,1551529800000
6659464379,fqljo789,:【火灾不打开引擎盖】有很多没灭过火的车主认为打开引擎盖，会让更多的空气进入舱内，让,0,0,0,1551529800000
2662373783,常州新北分局圩塘派出所,#警察故事#【奇怪的“尸体”】近日，嘉定黄渡派出所接一个房东报警，称其出租房内一个租客把房门反锁躺在床上一动不动，怎么敲门、喊叫也没回应，隔着窗户用竹竿捅了几下也没反应，怀疑租客遭遇意外。民警叫来120和法医到场，突然，令人意想不到的事发生了……,1,0,0,1551529800000
,国网甘肃电力,:#甘电小科普#【这些酒店消防安全知识，你知道多少？】出差、外出旅行，酒店是最佳住宿、休息的场所，然而酒店一旦发生火灾如何逃生您知道多少？消防为你来支招，教你如何正确逃生！湖州德清消防的秒拍视频 ,0,0,0,1551529800000
3479600071,沫雪雁,:#宜良消防[超话]#【预防厨房火灾记住这9点】人以食为天，每天都要和厨房打交道，无论商用厨房还是家庭厨房，都是一个火、电同时使用的地方，因此厨房是一个火灾高发地点。如何预防厨房火灾，请注意以下几点。 ,0,0,0,1551529800000
,快人快语的说客,抱歉，作者已设置仅展示半年内微博，此微博已不可见。 ,0,0,0,1551529740000
2113463832,广东消防,":【停车场火灾 32台车烧毁】2月13日2时25分,深圳罗湖清水河街道碧清园小区停车场发生火灾,过火面积约520平方米,32台车被烧毁，36名居民因吸入烟气被送医治疗,无生命危险。深圳消防出动30辆消防车、107名消防员到场处置，并于凌晨4时45分将明火完全扑灭，疏散群众122人，火灾原因正在调查中。 http://t.cn/Ecelljg",18,19,6,1550054460000
,医学界网站,:终身受用！三甲医院医学博士写的看病神文 我们经常在感觉不适的时候纠结要不要去看医生？选择急诊还是门诊？什么时间去医院人少点？看病前要准备什么？如何让医生更好地帮到自己？上海市徐汇区某三级甲等医院医学博士写了篇神文教我们“学会看病”！非常值得收藏和分享！一、该看不该看人的身体是有自我修复能力的。而且这种能力很强，显然比电脑和汽车厉害。有些疾病并不需要治疗，有些疾病是有“自限性”的——也就是时间到了自己就好了。不过，能够发生在人身上的疾病，也是伴随人类进化了同样长的时间，也不是等闲之辈。如果自己身体不适，是扛着，还是去医院就诊。这是个问题。1.如果器官的功能受损，需要立即就诊眼睛的功能是用来看东西的，突然看不见了，应该马上看医生。同理，突然听不见了，四肢运动突然出现障碍……2.不能忍受的疼痛疼痛是身体发出的火警，不要去挑战疼痛。如果遇到不能忍受的疼痛，应该尽快就诊。比如腹痛、胸痛、眼痛。需要提示的是，即使你到了医院，通常医生也不会立即给你止痛。疼痛是火警，是了解身体状况的重要信号，没有人会在消灭火灾之前，先把附近的电话线都砍了。3.反复发作的不适老毛病了，忍忍就过去了——大部分的癌症就是这样度过了无人骚扰的童年期。对于反复出现的不适，应该认真注意诱发的原因、缓解的方式。对了，最重要的是——自己的年龄，50岁的，最好去看看，免除后患。4.已经处于某个疾病进程中，但是感觉突然发生了变化大夫可能已经告诉你这个病没什么，过几天自己就能好，开始的时候，感觉也是一天比一天好，可是今天突然恶化了，那么最好再去复查一下。5.别人看出来的疾病通常不用着急，人类的身体有发达的自我检测系统，如果自己没有什么不舒服的感觉，多半没有太大的问题。（注意：医生经过身体检查发现的除外，比如身体上的包块之类的）6.定期体检是必要的。自己的身体只有自己保护，兄弟靠不住、组织靠不住。二、急诊or门诊？一般医院都有急诊和门诊。急诊是给紧急需要救治的病人准备的。门诊则是给不那么紧急的病人准备的。急诊的设置是为了使病人在短时间内脱离危险，因此配备的药品都是应急的、速效的，配备的检查手段也是基本的，能够快速做出判断的。所以，如果你得的是不那么紧急的病，甚至是慢性病，其实在急诊，并不会有很好的诊断效果。不要仅仅因为白天上班，不好请假，而在晚上去看急诊。你得不到最好的药物，不能完成最好的化验检查和辅助检查。身体是自己的，不要为了不请假而放弃给自己最佳的诊断和治疗，又侵占了分配给急症患者的医疗资源…需要去急诊看的病：1.刚刚发生的疾病。一个病已经得了三天了，还跑到急诊去看，我会态度很好的在心里痛骂。2.这个疾病可能在8小时内使器官的功能造成不可逆的损害。突然发作的腹痛、胸痛、眼痛、头痛，还是应该到急诊看看先。三、看门诊的时间我国是地大物博人口众多，很小的可能性，乘以13亿，都是无比巨大的数字。任何你觉得合适的时间，一定是门诊人多的时间。1.一定要避开三个时间：星期一上午，星期一上午，星期一上午只能用人海茫茫来形容。为了您和家人的健康，请不要在星期一上午看病2.通常来说上午看病的人多，下午少，周一多，周五少。到了周五的下午，基本看病的人就很少了。看来辛勤的工作有益于身体健康。3.恶劣的天气刮风下雨是看病的最佳时机，雨越大，人越少。其实，天气对许多人的出行，并没有太大影响，如果工作很忙，需要在短时间内看个病，然后赶紧回去上班，最好是在下雨的天气去看病。四、看病前的准备相信您已经选择好了看病的日期，下面介绍一下看病前的准备。1.回顾历史：请在看病之前，回顾一下您的病史，从什么时候开始发病？发病的时候自己有什么感觉？如果有时间，请用本子和笔写下来。回想一下是否对药物过敏。药物过敏史对于医生非常重要。如果您在以前用某种药物出现过严重的不良反应，请记录下来，请医生在您最常用的病历封面上写下过敏的药物名称。回忆一下曾经接受过的治疗，以及正在使用的药物，和它们的商品名称。如果您还能找到药物的说明书或者空的药瓶或者剩余的药物，请带上它们。带齐以前的病历记录，曾经做过的检查结果。每次看过病后，也请收好所有的检查结果和病历，有些检查结果是由热敏打印，时间久了容易褪色，请复印一份保存。2.准备行政用品：  带上信用卡和足够的现金，有些医院不支持刷卡。另外需要提防小偷。  带好身份证、社保卡、医疗蓝本、退休证、离休证、医院的就诊卡等等一切跟医保可能有关系的东西。     3.安排好病假当天的事务：  请好病假，安排好当日的工作。  最好能够找个比您更健康的伙伴陪同您去看病。  预计前往的时间，不要在上午11点以后，或者下午4点以后才去医院挂号。因为，恐怕没有号了，或者虽然看了医生，但是到需要做检查的时候，已经过了下班时间，其他的科室已经没人了。  查询一下当日的天气。天气越恶劣，看病的人越少。     4.选择合适的医院：  如果您已经具有相当的医学知识，您可以根据自己的病情来选择医院。  一般社区医院和二级医院都非常的清净，去看病取药会很舒适。建议您首先去社区医院或者临近的二级医院就诊，至少可以获得相应的医学建议和转诊建议。  当您选择了三级甲等医院看病，也就意味着选择挂号难、看病难。      5.挂号  没什么好说的，太难了，甚至对于医生自己看病也很困难。如果是外地病人到另一个城市看病，而且要看某个特定的专家，试试提前在网上预约之类的方法，免得到了以后挂不上号。      6.调整心情  得病不是一件愉快的事情。但是人总是会生病的，迟早也是要病死的。所以疾病降临到自己身上，也没什么好抱怨的。  去医院看病，并不能一定能够治好。实际上，给您看病的医生，最后一定看不好他自己的病，100%是病死的。  与您的医生合作，共同对抗您的疾病。      7.检查确认上面的各种准备事项，带齐所有的东西，出发。  如果能战胜疾病，就借助医生的力量一起战胜它，如果不能战胜疾病，那么从医生那里学会如何与自己的疾病共存。（杏仁医生）,139,146,10,1550050560000
5928646109,聚焦朔州,:【油桶起火引燃民房 朔州消防及时“退烧”】#朔州爆料# 2月12日下午16时19分，位于朔州市朔城区福鄯庄乡白圐圙村一居民家中突发大火。火情救命命令，接到报警后，朔州市119指挥中心紧急调派城区消防一中队赶赴现场进行扑救。  到达火灾现场后，消防人员经现场侦查和询问报警人得知，起火点为民房院内的9个满罐柴油桶，此时已经全部起火。由于火势猛烈，已经引燃院内的正房、南房及玉米堆垛。针对火场情况，现场指挥员按照“先堵截、后合围”战术，命令参战队员架设两个水枪阵地，一支水枪对着火油桶进行火情压制，另一支水枪快速堵截着火民房和玉米堆垛火情，阻止更大蔓延。经过近30分钟的紧张扑救，大火被及时扑灭。火灾扑灭后，经现场公安民警询问了解，该居民家院内存放的大量柴油，全部为方便自家农用车加油所用。所幸因火灾扑救及时，未造成人员伤亡和更大财产损失。在此，朔州消防救援支队提醒广大人民群众，严禁在居住场所擅自存放汽（柴）油、烟花爆竹等易燃易爆危险品，避免在房屋、院落内存放柴火、粮食堆垛，以免发生火灾造成火势蔓延扩大。拨打119火警电话报警时，一定不要惊慌。应讲清楚着火单位（建筑）详细地址、起火物质、火势等情况，切勿因留恋贵重物品而冒险返回火场。要时刻保持电话畅通，方便消防救援人员能及时联系。如果起火地点位置偏僻或比较难找时，要安排人员在路口接引消防车，以便能够迅速 、准确到达火场进行扑救。另《中华人民共和国消防法》第四十七条规定，阻拦报火警或者谎报火情的行为，将依法受到公安机关警告、罚款或者拘留等处罚。,0,1,0,1550050560000
2019974161,南召公安,:【平安守护】城关派出所检查网吧业。近日，城关派出所民警深入辖区开展网吧安全检查工作。检查过程中，民警逐一对上网人员的身份证件进行核实，检查是否有未成年人上网情况，同时确保一人一证，实名登记，并对网吧消防设施进行了认真的检查，切实消除火灾隐患，防止火灾事故的发生。同时，民警要求网吧管理者严格落实上网实名制登记制度，杜绝未成年人上网现象的发生，提高网吧从业人员的职业责任，发现任何可疑情况及时向派出所反映。通过此次安全检查，进一步规范春节期间东高辖区内网吧行业的安全监督管理，及时消除各类不安全因素，有效净化了上网环境。,1,0,0,1550048520000
,关于大理,:#大理爆料# 【大理消防员灭火后累倒在地的照片感动英媒：“这才是英雄！”】2月9日下午，云南省大理州突发森林火灾，当地专业扑救人员第一时间赶往现场紧急扑救。随后国内媒体报道了更多的细节，包括疲惫不堪的消防员们终于得以躺在草地上休息，很多人刚一坐下就睡着了。正是他们累倒在地的照片，把英国媒体和网友也感动到了。英国网友表示：“这才是英雄！” http://t.cn/EcupwTc,51,4,4,1550048460000
5649228718,乌海那些事,:#乌海公安春节不打烊# #乌海2019春运# 【除夕夜民警灭火得赞誉】今年除夕夜，巴音陶亥派出所接到报警称羊路井村集体草园着火。接警后民警迅速前往火灾现场。现场民警发现着火点位于电线杆下，处过火面积达一千余平方米，而且火借风势、风助火威，逐渐向居民区蔓延，情况万分危急。民警立即开展扑救，并历时两个半小时成功将大火熄灭。村民们纷纷竖起大拇指，称赞民警是真心英雄，并为民警送上“神州大地万家乐，金盾卫士护安宁”的赞誉！推荐关注：@乌海公安,0,1,1,1550048340000
2442797753,东营市消防支队,:【疑因电器短路引发火烛 消防“抢”出4个液化石油气瓶】2月12日，广州市南沙区横沥冯马三村一涌发生火灾。万顷沙中队迅速赶赴现场组织消防员出水灭火，同时将4个液化石油气瓶全部进行转移。消防员在转移过程中发现3个气瓶都处于燃烧状态，遂在水枪掩护下将阀门关闭后转移至安全区域并对气瓶进行冷却降温。经15分钟扑救，现场火势被彻底扑灭。此次着火原因据屋主称为电器短路引发，事故未造成人员伤亡。 http://t.cn/EcgH1Ru http://t.cn/R2dyKuo,1,0,0,1550047680000
,安庆消防,:#安庆消防灭火救援# 【安庆：电瓶车“飞线”充电  不慎引发火灾】2月11日凌晨6点钟左右，在安庆市大观区大观亭南苑小区内，停放在户外的两辆电瓶车突发火灾，火势猛烈。接到群众报警后，市消防救援支队迅速调派辖区消防救援力量到场扑救处置。       消防救援人员赶到小区后，只见在小区露天空地上两辆电瓶车正在起火燃烧，由于火势猛烈，现场停放的两辆电瓶车已被烧得仅剩铁架，而为其中一辆电瓶车充电的“飞线”也已被大火烧断，挂在空中，十分危险。所幸扑救处置及时，火灾未造成更大财产损失。目前，火灾具体原因正在进一步调查之中。http://t.cn/EcrCNoi,0,0,1,1550047560000
,许昌同城会,:#许昌爆料# 【消防指战员的春节，叫“坚守”】#百城过大年# 2019年春节，许昌市消防支队提前谋划、科学部署、严防死守，狠抓执勤备战、隐患检查排查、消防宣传提示和队伍安全管理，集中开展“除夕夜查”行动，圆满完成春节消防安保任务，全市实现火灾形势和队伍管理双稳定。春节期间，全市共接警出动150起（其中火灾63起），出动车辆300辆次，出动警力1800人次，疏散被困人员877人，抢救财产价值743.3万余元，无人员伤亡。 2月4日上午，许昌市委书记、市长胡五岳带领“四大班子”领导在春节前夕看望慰问消防指战员，要求全市消防救援队伍要强化隐患排查整治和执勤战备，全力做好春节期间消防安全安保工作。2月5日，支队张建良政委带队赴基层慰问一线执勤指战员，督导检查节日安保、执勤备战和管理教育工作，推动工作落实。支队各级严格落实等级战备，强化值班备勤，全部在岗在位。各执勤单位对车辆器材、个人防护装备和通讯设备提前进行全面检查，对人员密集场所、大型活动场所、旅游景区、文物建筑等重点单位加强熟悉训练和实战演练，在重要节庆活动、大型商业促销场所、烟花爆竹集中燃放区域等辖区设立9个流动执勤点、投入102名指战员随时处置各类灾情，确保万无一失。,2,1,1,1550047320000
3479600071,沫雪雁,:#消防知识温馨提示[超话]#【预防厨房火灾记住这9点】人以食为天，每天都要和厨房打交道，无论商用厨房还是家庭厨房，都是一个火、电同时使用的地方，因此厨房是一个火灾高发地点。如何预防厨房火灾，请注意以下几点。 ,0,0,0,1551529560000
3542387771,被仙道彰拉去兜风的摩托后座姑娘,:你的眼睛看见这一场火灾你看不见我虽然我为你点燃那烧着的不过是成熟的年代你的 我的我们相隔如重山 ,0,0,0,1551529440000
5776911086,宜良消防,:#宜良消防[超话]#【预防厨房火灾记住这9点】人以食为天，每天都要和厨房打交道，无论商用厨房还是家庭厨房，都是一个火、电同时使用的地方，因此厨房是一个火灾高发地点。如何预防厨房火灾，请注意以下几点。 ,0,0,0,1551529440000
,香坊宣传,:【小心！这些生活用品易引发火灾】①电热毯：通电时间不宜过长，一般在睡前1小时左右通电加热，入睡即关掉电源，避免通宵使用；②高压锅：正常使用年限为5年，“超期服役”容易引发爆炸；③电暖气：不能覆盖任何物品，避免用来烘烤衣服；④电热水袋：不要在通电状态下进行使用。 ,0,0,0,1551529440000
5776911086,宜良消防,:#宜良消防[超话]#【预防厨房火灾记住这9点】人以食为天，每天都要和厨房打交道，无论商用厨房还是家庭厨房，都是一个火、电同时使用的地方，因此厨房是一个火灾高发地点。如何预防厨房火灾，请注意以下几点。 ,0,0,0,1551529380000
5776911086,宜良消防,:#宜良消防[超话]#【预防厨房火灾记住这9点】人以食为天，每天都要和厨房打交道，无论商用厨房还是家庭厨房，都是一个火、电同时使用的地方，因此厨房是一个火灾高发地点。如何预防厨房火灾，请注意以下几点。 ,0,0,0,1551529380000
3884426680,我需要一被子,#警察故事#【奇怪的“尸体”】近日，嘉定黄渡派出所接一个房东报警，称其出租房内一个租客把房门反锁躺在床上一动不动，怎么敲门、喊叫也没回应，隔着窗户用竹竿捅了几下也没反应，怀疑租客遭遇意外。民警叫来120和法医到场，突然，令人意想不到的事发生了……,0,0,0,1551529380000
1635681703,陈大嘴同学,抱歉，作者已设置仅展示半年内微博，此微博已不可见。 ,0,0,0,1551529380000
5776911086,宜良消防,:#消防知识温馨提示[超话]#【预防厨房火灾记住这9点】人以食为天，每天都要和厨房打交道，无论商用厨房还是家庭厨房，都是一个火、电同时使用的地方，因此厨房是一个火灾高发地点。如何预防厨房火灾，请注意以下几点。 ,0,0,0,1551529320000
6466131485,Rafael_Claurent_Revolver,抱歉，作者已设置仅展示半年内微博，此微博已不可见。 ,0,0,0,1551529320000
5776911086,宜良消防,:#消防知识温馨提示[超话]#【预防厨房火灾记住这9点】人以食为天，每天都要和厨房打交道，无论商用厨房还是家庭厨房，都是一个火、电同时使用的地方，因此厨房是一个火灾高发地点。如何预防厨房火灾，请注意以下几点。 ,0,0,0,1551529320000
,桂林消防119,:#消防知识在心中[超话]##蓝朋友的警告# 【关于电动车的消防安全知识你一定要知道！[话筒]】相对于汽车开哪儿堵哪儿，电动自行车的轻便灵活颇有市场，可近年来生活中，电动自行车火灾事故频发，哪些原因会造成电动车起火？怎样停放与充电才是安全的？戳图！ ,4,8,2,1551529320000
5521694824,苏帕_ding,抱歉，作者已设置仅展示半年内微博，此微博已不可见。 ,0,0,0,1551529320000
5776911086,宜良消防,:#消防知识温馨提示[超话]#【预防厨房火灾记住这9点】人以食为天，每天都要和厨房打交道，无论商用厨房还是家庭厨房，都是一个火、电同时使用的地方，因此厨房是一个火灾高发地点。如何预防厨房火灾，请注意以下几点。 ,0,0,0,1551529320000
5501296039,镶黄旗消防大队,抱歉，作者已设置仅展示半年内微博，此微博已不可见。 ,0,0,0,1551529260000
5501296039,镶黄旗消防大队,#警察故事#【奇怪的“尸体”】近日，嘉定黄渡派出所接一个房东报警，称其出租房内一个租客把房门反锁躺在床上一动不动，怎么敲门、喊叫也没回应，隔着窗户用竹竿捅了几下也没反应，怀疑租客遭遇意外。民警叫来120和法医到场，突然，令人意想不到的事发生了……,0,0,0,1551529260000
,天津西青消防,:【这些防火知识你get到了吗？】四、关爱老人消防安全。关爱老弱病残人员，帮助检查室内火灾隐患，尤其对燃气、电气、火源及其周边进行检查，及时消除隐患，张贴、嘱咐消防安全注意事项。提醒老人及时清理可燃杂物，不往家中捡拾废品，不在疏散通道内堆放杂物、电动自行车等。 ,0,0,0,1551529260000
5776911086,宜良消防,:#消防知识温馨提示[超话]#【预防厨房火灾记住这9点】人以食为天，每天都要和厨房打交道，无论商用厨房还是家庭厨房，都是一个火、电同时使用的地方，因此厨房是一个火灾高发地点。如何预防厨房火灾，请注意以下几点。 ,0,0,0,1551529260000
6698944893,千杯不醉_甘蔗,:他们相隔了两年。过去的文希意外撞破了雨桐的心事，帮他父亲逃过火灾，让他免于抑郁而死。她以为救了人却害死了另个人，手里拿着晨报呆立在十字路口。未来的雨桐得知她早已出车祸而死，赶到两年前的十字路口推开她，血泊中意识涣散，原来这就是结局。时光 ,0,0,0,1551529260000
,中国消防,#警察故事#【奇怪的“尸体”】近日，嘉定黄渡派出所接一个房东报警，称其出租房内一个租客把房门反锁躺在床上一动不动，怎么敲门、喊叫也没回应，隔着窗户用竹竿捅了几下也没反应，怀疑租客遭遇意外。民警叫来120和法医到场，突然，令人意想不到的事发生了……,166,68,32,1551529260000
,天津西青消防,:【这些防火知识你get到了吗？】三、杜绝床上吸烟行为。不卧床吸烟，尤其酒后、睡前、疲倦时不躺在床上或沙发上吸烟。日常生活中，吸烟引起的火灾相当严重。烟头表面温度为200摄氏度至300摄氏度，中心温度为700摄氏度至800摄氏度。一支香烟燃烧时长约4至15分钟，如果剩的烟头为烟长的四分之一，则可燃烧1至4分钟。一般可燃烧物质燃点大多低于烟的表面温度，如纸张为130摄氏度，布匹为200摄氏度。另外，烟灰在弹落时有一部分不规则的颗粒，带有火星也会引起火灾，落在干燥疏松的可燃物上，同样引起火灾。,0,0,0,1551529260000
5114892428,芝麻凛厨,抱歉，作者已设置仅展示半年内微博，此微博已不可见。 ,0,0,0,1551529260000
,天津津南消防,:【办公室火灾逃生方法】5.低层跳离，适用于二层楼。跳前先向地面扔一些棉被、枕头、床垫、大衣等柔软的物品，以便“软着陆”，然后用手扒住窗户，身体下垂，自然下滑，以缩短跳落高度。但千万要记住莫跳高楼，面对高层火灾时最要紧的是求救，且应该立即用水蘸湿床单、被褥，用其塞紧门窗，防止烟雾渗透 ,0,0,0,1551529200000
,甘肃陇南消防,抱歉，作者已设置仅展示半年内微博，此微博已不可见。 ,0,0,0,1551529200000
,天津津南消防,:【办公室火灾逃生方法】4.保持镇静，明辨方向，迅速撤离。突遇火灾，面对浓烟和烈火，首先自己要保持镇静，迅速判断危险地点和安全地点，决定逃生的办法，尽快撤离险地。千万不要盲目地跟从人流和相互拥挤、乱冲乱窜。撤离时要注意，朝明亮处或外面空旷地方跑，要尽量往楼层下面跑 ,0,0,0,1551529140000
,天津津南消防,:【办公室火灾逃生方法】3.扑灭小火，惠及他人。当发生火灾时，如果发现火势并不大，尚未对人造成威胁，并且周围有足够的消防器材，如灭火器、消防栓等，应先将小火控制、扑灭，千万不要惊慌失措地乱叫乱窜，置小火于不顾而酿成大灾。请记住：争分夺秒，扑灭“初期火灾”。 ,0,0,0,1551529140000
,天津津南消防,:【办公室火灾逃生方法】2.通道出口，畅通无阻。楼梯、通道、安全出口等是火灾发生时最重要的逃生之路，应保证畅通无阻，切不可堆放杂物或设闸上锁，以便紧急时能安全迅速地通过。 ,0,0,0,1551529140000
,天津津南消防,:【办公室火灾逃生方法】1.熟悉环境，暗记出口。当你处在陌生的环境时，为了自身安全，务必留心疏散通道、安全出口及楼梯方位等，以便关键时候能尽快逃离现场。请记住：在安全无事时，一定要居安思危，给自己预留一条通路。 ,0,0,0,1551529140000
6990776044,娜缁牡_嗓,【工人用“小太阳”加热液化气罐 引发火灾被拘留10日】2月14日，河北沧州献县一工人使用“小太阳”取暖器对液化气罐加热，引燃可燃物烘烤气罐致爆炸，几乎摧毁整个车间。消防员奋力扑灭火灾，无人员伤亡。安全管理负责人张某被行政拘留10日，该公司被罚款5万元。燕赵都市报的微博视频 ,0,0,0,1551529140000
1939025284,g9624,抱歉，作者已设置仅展示半年内微博，此微博已不可见。 ,0,0,0,1551529080000
3627154752,蘑菇变成蘑菇精,:#美国加州遭遇洪水#之前加州是不是还遭遇了火灾？ ,0,0,0,1551529080000
,银川消防,#蓝朋友的警告#【预防厨房火灾记住这9点】人以食为天，每天都要和厨房打交道，无论商用厨房还是家庭厨房，都是一个火、电同时使用的地方，因此厨房是一个火灾高发地点。如何预防厨房火灾，请注意以下几点。 ,0,0,0,1551529080000
,桂林消防119,:#蓝朋友的警告##消防知识在心中[超话]#【[话筒]安全小知识 | 怎样预防家用电器发生火灾？】现在生活条件越来越好啦,4,3,3,1551529020000
,桂林消防119,:#消防知识在心中[超话]##蓝朋友的警告# 【小场所火灾伤不起】小饭店、小作坊等小场所日益增多，大多较简陋、拥挤、可燃物多，起火后人员逃生经验不足、特殊结构和多种因素也会造成逃生困难、造成严重伤亡。消防部门提醒：小本生意不容易，请注意小场所消防安全。   宣城市消防支队的秒拍视频 ,3,3,3,1551529020000
2693463171,钰茗19,:过度劳累就会心情不好，心情不好就会抽烟，抽烟就会引起火灾。。。买的灭火器终于用上了,0,0,0,1551528960000
,谚也,抱歉，作者已设置仅展示半年内微博，此微博已不可见。 ,0,0,0,1551528840000
6876214697,夕立三改Triple,抱歉，作者已设置仅展示半年内微博，此微博已不可见。 ,0,0,0,1551528840000
1926415252,沉迷秦喵喵的Ako,抱歉，作者已设置仅展示半年内微博，此微博已不可见。 ,1,1,0,1551528840000
6862151012,琉蔻_MaToI,抱歉，作者已设置仅展示半年内微博，此微博已不可见。 ,0,2,0,1551528780000
2231627830,遂宁消防,:#消防知识[超话]# 【大火封门怎么破？】火灾发生后，如大火封门无法从疏散通道逃生，此时应紧闭迎火面门窗，用浸湿的毛巾、衣物等堵塞门缝，尽可能阻止烟气进入室内。如无法转移到其他楼层，最好在阳台或窗台固守待援。白天可晃动鲜艳衣物或大声呼救、敲击发出求救信号，晚上可借助手电、手机等发光物。http://t.cn/RaOxO9V,6,11,6,1551528720000
6980624003,略丶趁我还在,【工人用“小太阳”加热液化气罐 引发火灾被拘留10日】2月14日，河北沧州献县一工人使用“小太阳”取暖器对液化气罐加热，引燃可燃物烘烤气罐致爆炸，几乎摧毁整个车间。消防员奋力扑灭火灾，无人员伤亡。安全管理负责人张某被行政拘留10日，该公司被罚款5万元。燕赵都市报的微博视频 ,0,0,0,1551528660000
,辽宁消防,抱歉，作者已设置仅展示半年内微博，此微博已不可见。 ,0,1,0,1551528600000
2427032447,鄂尔多斯消防支队,【小场所火灾伤不起】小饭店、小作坊等小场所日益增多，大多较简陋、拥挤、可燃物多，起火后人员逃生经验不足、特殊结构和多种因素也会造成逃生困难、造成严重伤亡。消防部门提醒：小本生意不容易，请注意小场所消防安全。  宣城市消防支队的秒拍视频 ,0,0,0,1551528540000
,施甸消防,抱歉，作者已设置仅展示半年内微博，此微博已不可见。 ,0,0,0,1551528540000
2414946951,山西省太原市龙潭派出所,:【小场所火灾伤不起】小饭店、小作坊等小场所日益增多，大多较简陋、拥挤、可燃物多，起火后人员逃生经验不足、特殊结构和多种因素也会造成逃生困难、造成严重伤亡。消防部门提醒：小本生意不容易，请注意小场所消防安全。  宣城市消防支队的秒拍视频 ,0,0,0,1551528540000
2414946951,山西省太原市龙潭派出所,:【勇敢的天使回家了,0,0,0,1551528540000
,开运大师,:面相看典型的守财奴，比较小气，印堂狭窄，双耳贴脑，额头高阔，为人机灵聪明，好强又独立，凡事有自己的个人见解，不是受管型男士，如果配有高挺鼻子的，多数能够自立自强，自己创业，如果鼻相不够好，则财富上的好运只能停留在30岁前。印堂是福气聚集区，印堂发黑，山根有横纹，易发生意外伤及手脚，如火灾、车祸、打架斗殴等。且多发生在28、32岁左右。嘴巴代表诚信，嘴歪的男人不可信，尤其是嘴巴无棱角的男人，满嘴跑火车。#看相算命手相面相#,134,64,14,1551528480000
2414946951,山西省太原市龙潭派出所,:#卫士风采#【空气呼吸器成救命神器 消防员机智救人,0,0,0,1551528480000
,零落白夜_Keith,抱歉，作者已设置仅展示半年内微博，此微博已不可见。 ,0,0,0,1551528480000
5968059641,Fuca_Usiha,抱歉，作者已设置仅展示半年内微博，此微博已不可见。 ,1,0,0,1551528480000
6741971265,朱媛_312154,:【用喷灯烘烤油底？】冬季用喷灯烘烤油底，不但会使机油中的添加剂发生化学变化，失去原有的性能，而且,0,0,0,1551528420000
3173409964,Lucis的收藏室,抱歉，作者已设置仅展示半年内微博，此微博已不可见。 ,0,0,0,1551528360000
2711870501,关岭公安,:#平安安顺#【点点星火 可以“燎原”】2019年3月2日，关岭自治县公安局普利派出所接到报警称：普利乡一山坡发生火灾，接到报警后派出所人员迅速到达现场组织各部门一起灭火。通过大家的共同努力，终于将这场大火扑灭。小编想提醒一下大家近期，正值风急物燥的天气，由于身边不起眼的小动作也会“燎原”，请注意用火安全。@安顺公安 @安顺热门 @关岭交警 @安顺发布 @安顺同城 @安顺网警巡查执法 @关岭发布V http://t.cn/EI4iESq,1,5,0,1551528360000
1437026424,静澈如水,【12岁女孩火灾中用身体护住5岁弟弟：弟弟获救，姐姐走了】2月22日凌晨3点，湖南桃源县一居民家中突发火灾，12岁的姐姐陈子墨将5岁的弟弟陈墨子护在了怀里，最终姐姐的烧伤面积55%，弟弟的烧伤面积是28%，姐姐用身体将大部分火焰挡住。因烧伤过于严重，姐姐于27日停止了呼吸。@时间新闻视频http://t.cn/EfgM4P9,0,0,0,1551528180000
6661924672,一只热爱生活的鱼,【12岁女孩火灾中用身体护住5岁弟弟：弟弟获救，姐姐走了】2月22日凌晨3点，湖南桃源县一居民家中突发火灾，12岁的姐姐陈子墨将5岁的弟弟陈墨子护在了怀里，最终姐姐的烧伤面积55%，弟弟的烧伤面积是28%，姐姐用身体将大部分火焰挡住。因烧伤过于严重，姐姐于27日停止了呼吸。@时间新闻视频http://t.cn/EfgM4P9,0,0,0,1551528180000
,计然-影幻,抱歉，作者已设置仅展示半年内微博，此微博已不可见。 ,0,0,0,1551528120000
3544043305,只玩船的死宅局,抱歉，作者已设置仅展示半年内微博，此微博已不可见。 ,0,0,0,1551528000000
,湖南公安,:【出门前 勿忘消除家中火患】周末准备出门去玩？在此提醒：出门前，记得断气断电，消除火灾隐患。江西消防的秒拍视频 ,4,2,1,1551528000000
2918216173,B1GD0G,抱歉，作者已设置仅展示半年内微博，此微博已不可见。 ,0,0,0,1551527940000
3408081862,花澜·魅影,抱歉，作者已设置仅展示半年内微博，此微博已不可见。 ,0,0,0,1551527880000
2211063012,九三式酸素鱼雷,抱歉，作者已设置仅展示半年内微博，此微博已不可见。 ,0,0,0,1551527820000
5925196908,总司厨www,抱歉，作者已设置仅展示半年内微博，此微博已不可见。 ,1,0,3,1551527820000
2231627830,遂宁消防,:#消防身边事#【常见的烟雾报警器，你了解吗】烟雾报警器是一种最常见的消防预警装置，能够在发生火灾后的初期阶段，准确感应到起火所产生的烟雾，迅速向人们预警，及时阻止火势蔓延。烟雾报警器的正确安装和维护，你了解吗？戳视频涨知识 ↓↓ 四川遂宁消防的微博视频 ,5,7,5,1551527820000
5524424783,难受的狗头鱼,抱歉，作者已设置仅展示半年内微博，此微博已不可见。 ,0,0,0,1551527760000
3200514825,一濑蝶子_因为矮丧失人权,抱歉，作者已设置仅展示半年内微博，此微博已不可见。 ,0,0,0,1551527760000
7017631817,用户7017631817,:#【轻松筹】爱心接力！-火灾无情人有情，救救我辛苦一辈子母亲！ - 轻松筹# #轻松筹# 各位好心朋友，我是湖南省溆浦县双井镇堰塘湾村四组的刘仁平今年48岁，为了生活没有办法长期在外打苦工，跟伤着是母子关系。我妈... http://t.cn/EI4MzwV ,0,0,0,1551527760000
5151819096,北极风lo,#临沂爆料# 【省台报道莒南县天天烧烤店火灾情况】在采访现场记者遭遇不明人员推搡阻挠，报警后才得以脱身。火灾现场及采访受阻视频一并爆光。据官方通报：2019年3月1日19时35分左右，莒南县温泉路中段天天烧烤店发生火灾。截至2日上午11时，1名重伤人员因医治无效死亡，其余伤员伤情稳定，事故原因还在调查中。 http://t.cn/EIy1VSw ,0,0,0,1551527700000
2750393267,蜀山人观天下,抱歉，作者已设置仅展示半年内微博，此微博已不可见。 ,0,0,0,1551527700000
,内蒙古消防,【小场所火灾伤不起】小饭店、小作坊等小场所日益增多，大多较简陋、拥挤、可燃物多，起火后人员逃生经验不足、特殊结构和多种因素也会造成逃生困难、造成严重伤亡。消防部门提醒：小本生意不容易，请注意小场所消防安全。  宣城市消防支队的秒拍视频 ,0,3,0,1551527640000
1765498635,CHEZIOLOGY,抱歉，作者已设置仅展示半年内微博，此微博已不可见。 ,0,0,0,1551527640000
5257418053,苏州水果东施,:#苏州身边事# 【彩香一村菜场16家餐饮店关停 整改后重新开业】彩香一村市场是不少老苏州爱去的地方，但这里的一排小餐饮店，却存在着很大的安火灾隐患。（苏州广播电视总台苏州姑苏发布的微博视频  苏州·苏州火车站 ,0,0,0,1551527580000
6698723626,摩羯座的大问华,:他们相隔了两年。过去的文希意外撞破了雨桐的心事，帮他父亲逃过火灾，让他免于抑郁而死。她以为救了人却害死了另个人，手里拿着晨报呆立在十字路口。未来的雨桐得知她早已出车祸而死，赶到两年前的十字路口推开 ,0,0,0,1551527580000
6920192890,用户6920192890,":今天上午10点均川某猪场宿舍楼发生火灾,现在天气仍然阴冷在家烤火取暖的朋友们一定要注意安全！！！http://t.cn/EI4fDmB ",0,0,0,1551527580000
6732213797,乘么公主婷,:他们相 ,0,0,0,1551527580000
1820231251,BirdmanWood,抱歉，作者已设置仅展示半年内微博，此微博已不可见。 ,0,0,0,1551527460000
1916030317,我爱太阳333,抱歉，作者已设置仅展示半年内微博，此微博已不可见。 ,0,0,0,1551527460000
3233767432,I_OMO,抱歉，作者已设置仅展示半年内微博，此微博已不可见。 ,0,0,0,1551527400000
6737209344,香菜牛肉丸Pro,抱歉，作者已设置仅展示半年内微博，此微博已不可见。 ,0,0,0,1551527340000
2298554451,王斌AL,#莒南[超话]#最新！莒南县天天烧烤店火灾通报2019年3月1日19时35分左右，莒南县温泉路中段天天烧烤店发生火灾。截至2日上午11时，1名重伤人员因医治无效死亡，其余伤员伤情稳定，事故原因还在调查中。2019年3月2日 莒南微资讯的微博视频 ,1,0,1,1551527340000
,辽宁大学大学之声广播电台,:以前看不懂鲁迅，现在再看满眼泪花#大学之声消息# 1、中国人的性情是总喜欢调和折中的，譬如你说，这屋子太暗，须在这里开一个窗，大家一定不允许的。但如果你主张拆掉屋顶他们就来调和，愿意开窗了。——《无声的中国》2、穷人的孩子，蓬头垢面在街上转，阔人的孩子，妖形妖势，娇声娇气的在家里转，长大了，都昏天黑地的在社会转，同他们的父亲一样，或者还不如。——《随感录二十五》3、中国大约太老了，社会上事无大小，都恶劣不堪，像一只黑色的染缸，无论加进甚么新东西去，都变成漆黑。可是除了再想法子来改革之外，也再没有别的路。我看一切理想家，不是怀念『过去』，就『是希望将来』，而对于『现在』这一个题目，都缴了白卷，因为谁也开不出药方。所有最好的药方即所谓『希望将来』的就是。——《两地书》4、我先前总以为人是有罪，所以鎗毙或坐监的。现在才知道其中的许多，是先因为被人认为『可恶』，这才终于犯了罪。——《可恶罪》5、无论从那里来的，只要是食物，壮健者大抵就无需思索，承认是吃的东西。惟有衰病的，却总常想到害胃，伤身，特有许多禁例，许多避忌；还有一大套比较利害而终于不得要领的理由，例如吃固无妨，而不吃尤稳，食之或当有益，然究以不吃为宜云云之类。但这一类人物总要日见其衰弱的，自己先已失了活气了。——《看镜有感》6、中国人的不敢正视各方面，用瞒和骗，造出奇妙的逃路来，而自以为正路。在这路上，就证明着国民性的怯弱，懒惰而又巧滑。一天一天的满足，即一天一天的堕落，但却又觉得日见其光荣。在事实上，亡国一次，即添加几个殉难的忠臣，后来每不想光复旧物，而只去赞美那几个忠臣；遭劫一次，即造成一群不辱的烈女，事过之后，也每每不思惩凶，自卫，却只顾歌咏那一群烈女。——《论睁了眼看》7、中国人的虽然想了各种苟活的理想乡，可惜终于没有实现。但我却替他们发现了，你们大概知道的罢，就是北京的第一监狱。这监狱在宣武门外的空地里，不怕邻家的火灾；每日两餐，不虑冻馁；起居有定，不会伤生；构造坚固，不会倒塌；禁卒管，不会再犯；强盗是决不会来抢的。住在里面，何等安全，真是『千金之子坐不垂堂』了。但缺少的就有一件事：自由。——《北京通讯》8、中国各处是壁，然而无形，像『鬼打墙』一般，使你随时能『碰』，能打这墙的，能碰而不感到痛苦的，是胜利者。——《碰壁之后》9、中国中流的家庭，教孩子大抵只有两种法。其一是任其跋扈，一点也不管，骂人固可，打人亦无不可，在门内或门前是暴主，是霸王，但到外面便如失了网的蜘蛛一般，立刻毫无能力。其二，是终日给以冷遇或呵斥，甚于打扑，使他畏葸退缩，彷佛一个奴才，一个傀儡，然而父母却美其名曰『听话』，自以为是教育的成功，待到他们外面来，则如暂出樊笼的小禽，他决不会飞鸣，也不会跳跃。——《海上的儿童》10、说话到真人厌恶，比毫无动静来，还是一种幸福。——《「坟」题记》11、战士死了的时候，苍蝇所首先发见的是他的缺点和伤痕，嘬，营营地叫，以为得意，以为比死了的战士更英雄。但是战士已经死了，不再来挥去牠们。于是乎苍蝇们即更其营营地叫，自以为倒是不朽的声音，因为牠们的完全，远在战士之上。的确的，谁也没有发见过苍蝇们的缺点和创伤。然而，有缺点的战士终竟是战士，完美的苍蝇也终竟不过是苍蝇。——《战士和苍蝇》12、我独不解中国人何以于旧状况那么心平气和，于较新的机运就这么疾首蹙额；于已成之局那么委曲求全；于初兴之事就这么求全责备？——《这个与那个》13、中国人不疑自己的多疑。——《我要骗人》14、群众，尤其是中国的──永远是戏剧的看客。牺牲上场，如果显得慷慨，他们就看了悲壮剧；如果显得觳觫（即恐惧颤抖），他们就看了滑稽剧。北京的羊肉铺常有几个人张嘴看剥羊，仿佛颇为愉快，人的牺牲能给他们的益处，也不过如此。而况事后走不几步，他们并这一点也就忘了。——《娜拉走后怎样》15、我总觉得洋鬼子比中国人文明，货只管排，而那品性却很有可学的地方，这种敢于指摘自己国度的错误的，中国人就很少。——《两地书之廿九》16、在中国，尤其是在都市里，倘使路上有暴病倒地，或翻车捽摔伤的人，路人围观或甚至高兴的人尽有，有肯伸手来扶助一下的人却是极少的。——《经验》17、中国人自己诚然不善于战争，却并没有诅咒战争；自己诚然不愿出战，却并未同情于不愿出战的他人；虽然想到自己，却没有想到他人的自己。——《一个青年的梦译者序二》18、在要求天才的产生之前，应该先要求可以使天才生长的民众。──譬如想有乔木，想看好花，一定要有好土；没有土，便没有花木了；所以土实在较花木还重要。——《未有天才之前》一九二六年19、即使艰难，也还要做；愈艰难，就愈要做。改革，是向来没有一帆风顺的，冷笑家的赞成，是在见了成功之后……——《中国语文的新生》,0,0,0,1551527340000
6637593817,大脸小怪一丢丢,:我们值得一个滑梯——应急和趣味滑梯主要是想要给每个楼层都设置一个救急滑梯，在发生紧急情况，火灾等等，都可以迅速逃生。这个东西有三个主要问题。一，愿不愿意投入这个钱去做这个东西。二，如何做的美观又不占地方。三，高的楼层如何在落地时安全。其实这些都是可以解决的。 ,0,0,0,1551527280000
,卡拉迪瓦伊真爱粉睡魔,抱歉，作者已设置仅展示半年内微博，此微博已不可见。 ,0,0,0,1551527220000
5658522334,我可是夏染,抱歉，作者已设置仅展示半年内微博，此微博已不可见。 ,1,2,0,1551527220000
,国网甘肃电力,:#甘电小科普#【安全用电，性命攸关】现代生活中，电已经是不可或缺的能源。但如果不了解安全用电常识，很容易造成电器损坏，引发电气火灾，甚至带来人员伤亡。所以说“安全用电，性命攸关”。湖州德清消防的秒拍视频 ,1,0,0,1551527220000
5640613459,HarbingeX,抱歉，作者已设置仅展示半年内微博，此微博已不可见。 ,0,0,0,1551527100000
,短控,抱歉，作者已设置仅展示半年内微博，此微博已不可见。 ,1,0,0,1551527040000
6981057649,厅丶過去正在刪除,【工人用“小太阳”加热液化气罐 引发火灾被拘留10日】2月14日，河北沧州献县一工人使用“小太阳”取暖器对液化气罐加热，引燃可燃物烘烤气罐致爆炸，几乎摧毁整个车间。消防员奋力扑灭火灾，无人员伤亡。安全管理负责人张某被行政拘留10日，该公司被罚款5万元。燕赵都市报的微博视频 ,0,0,0,1551527040000
5444238360,禄丰县消防救援大队,#蓝朋友的警告#【预防厨房火灾记住这9点】人以食为天，每天都要和厨房打交道，无论商用厨房还是家庭厨房，都是一个火、电同时使用的地方，因此厨房是一个火灾高发地点。如何预防厨房火灾，请注意以下几点。 ,0,0,0,1551526980000
6331319909,王蓝rs方域,【12岁女孩火灾中用身体护住5岁弟弟：弟弟获救，姐姐走了】2月22日凌晨3点，湖南桃源县一居民家中突发火灾，12岁的姐姐陈子墨将5岁的弟弟陈墨子护在了怀里，最终姐姐的烧伤面积55%，弟弟的烧伤面积是28%，姐姐用身体将大部分火焰挡住。因烧伤过于严重，姐姐于27日停止了呼吸。@时间新闻视频http://t.cn/EfgM4P9,0,0,0,1551526980000
5334558781,用户5334558781,:中央气象台！天气预报发布了多地晴天！北方气温持续向好！部分地区大到暴雨！个别地区防范森林火灾！朋友们请注意防范，注意安全。 ,0,0,0,1551526920000
5444238360,禄丰县消防救援大队,抱歉，作者已设置仅展示半年内微博，此微博已不可见。 ,0,1,0,1551526860000
,娱帅,:【消防员大火烧身跳楼脱险,12,1,3,1551526860000
5893350725,QZLZTT,:经历了次火灾 刺激,0,0,4,1551526800000
,疯狂的运转,:#12岁姐姐火场护幼弟重伤离世#我很怀疑有些网友的脑袋到底不是正常的，发生如此悲剧，居然还会有人说如果姐姐起身先跑，如果姐姐直接去拉弟弟跑，会不会就不会发生这样的事情·······劝那些说这话的人真的积点口德，火灾谁都不愿发生，死人更不愿看到，何况她还是个孩子，愿这个姐姐一路好走，愿弟弟早日康复,0,0,0,1551526800000
,嘉兴经开消防,#蓝朋友的警告#【如何预防电线火灾】用电安全是事关我们生命财产安全的重要问题。任何东西都有使用寿命，电线也不例外。学一学如何防止电线起火很必要！@湖州吴兴消防 ,0,0,0,1551526800000
2218586307,爽到爆的心跳毛血旺,抱歉，作者已设置仅展示半年内微博，此微博已不可见。 ,0,0,0,1551526740000
,嘉兴经开消防,#蓝朋友的警告#【,0,0,0,1551526740000
,里BONG,抱歉，作者已设置仅展示半年内微博，此微博已不可见。 ,1,0,0,1551526740000
5482524249,紫夜_不是止痛液,抱歉，作者已设置仅展示半年内微博，此微博已不可见。 ,0,0,0,1551526680000
5608451747,Rhein_p,抱歉，作者已设置仅展示半年内微博，此微博已不可见。 ,0,0,0,1551526680000
5314189739,波尔德灰兔悠悠,抱歉，作者已设置仅展示半年内微博，此微博已不可见。 ,0,0,0,1551526680000
6545274138,潘德彪XP,抱歉，作者已设置仅展示半年内微博，此微博已不可见。 ,1,0,0,1551526620000
5893086796,梦里的乃木坂演唱会真好啊,抱歉，作者已设置仅展示半年内微博，此微博已不可见。 ,0,0,0,1551526560000
6760734537,李炳盛oaj,:【用喷灯烘烤油底？】冬季用喷灯烘烤油底，不但会使机油中的添加剂发,0,0,0,1551526500000
1003766281,朴灿烈的ncccc粉,一位小哥发明的加热椅，想要为怕冷的大家带去一丝暖意 呆十三的秒拍视频 ,0,0,0,1551526440000
5529059848,MI1rror,抱歉，作者已设置仅展示半年内微博，此微博已不可见。 ,0,0,0,1551526440000
,甘肃消防,抱歉，作者已设置仅展示半年内微博，此微博已不可见。 ,0,5,0,1551526440000
1819644634,Cold2Point,抱歉，作者已设置仅展示半年内微博，此微博已不可见。 ,0,0,0,1551526440000
6980497968,鸭_暖瞳丶,【工人用“小太阳”加热液化气罐 引发火灾被拘留10日】2月14日，河北沧州献县一工人使用“小太阳”取暖器对液化气罐加热，引燃可燃物烘烤气罐致爆炸，几乎摧毁整个车间。消防员奋力扑灭火灾，无人员伤亡。安全管理负责人张某被行政拘留10日，该公司被罚款5万元。燕赵都市报的微博视频 ,0,0,0,1551526380000
,黑龙江宇石,:河南工厂发生火灾致11人死亡  3人违规操作酿惨祸 （分享自 @凤凰网视频） http://t.cn/EI4bv3s ,0,0,0,1551526380000
5034089840,RoLling_Ying,抱歉，作者已设置仅展示半年内微博，此微博已不可见。 ,0,0,0,1551526380000
6860877972,如果早知道小透明也会被渣号,抱歉，作者已设置仅展示半年内微博，此微博已不可见。 ,0,0,0,1551526380000
6081907626,通辽新鲜事儿,:# 通辽身边事# 【突发‼️ 科尔沁大桥附近发生火情，现场浓烟滚滚！】网友爆料：今天下午3点左右途经河西南桥，发现桥下发生火情，同时冒出大量黑烟。消防人员第一时间赶到现场处置。起火原因尚不明确。据爆料人称，目前火势已被控制，温馨提醒您：如遇火情，远离火灾现场，第一时间拨打119求助。#通辽爆料#@通辽同城 http://t.cn/EI44ml5,0,4,1,1551526320000
1971304465,_神影_GodShadow,抱歉，作者已设置仅展示半年内微博，此微博已不可见。 ,1,0,0,1551526260000
5935468022,明天会努力的,抱歉，作者已设置仅展示半年内微博，此微博已不可见。 ,0,0,0,1551526260000
,山姆森_,抱歉，作者已设置仅展示半年内微博，此微博已不可见。 ,0,0,0,1551526260000
5104898277,1立方公里,抱歉，作者已设置仅展示半年内微博，此微博已不可见。 ,0,0,0,1551526260000
,逆转的安迪先生,抱歉，作者已设置仅展示半年内微博，此微博已不可见。 ,0,0,0,1551526200000
2231627830,遂宁消防,:#蓝朋友的警告# 【房间失火 自救时间只有一分多钟 如何逃离火海,3,5,2,1551526140000
5217881341,麻栗坡消防976,抱歉，作者已设置仅展示半年内微博，此微博已不可见。 ,0,0,0,1551526020000
6981786197,蹄_地瓜阿迩个番薯,【工人用“小太阳”加热液化气罐 引发火灾被拘留10日】2月14日，河北沧州献县一工人使用“小太阳”取暖器对液化气罐加热，引燃可燃物烘烤气罐致爆炸，几乎摧毁整个车间。消防员奋力扑灭火灾，无人员伤亡。安全管理负责人张某被行政拘留10日，该公司被罚款5万元。燕赵都市报的微博视频 ,0,0,0,1551526020000
2013940232,探花郎key,抱歉，作者已设置仅展示半年内微博，此微博已不可见。 ,1,0,0,1551525960000
,Zkanglans,抱歉，作者已设置仅展示半年内微博，此微博已不可见。 ,0,0,0,1551525900000
5454702068,师宗消防119119,#蓝朋友的警告#【预防厨房火灾记住这9点】人以食为天，每天都要和厨房打交道，无论商用厨房还是家庭厨房，都是一个火、电同时使用的地方，因此厨房是一个火灾高发地点。如何预防厨房火灾，请注意以下几点。 ,0,0,0,1551525900000
,URUZ018,抱歉，作者已设置仅展示半年内微博，此微博已不可见。 ,0,0,0,1551525900000
1473261373,红尘中的那些事,:准备吃烧乳猪，没想到把自己烤了！安全重于泰山！山东临沂一烧烤店火灾情况续： 1重伤人员因医治无效死亡 山东临沂一烧烤店火灾情况续： 1重伤人员因医治无效死亡 ,0,0,0,1551525900000
5454702068,师宗消防119119,抱歉，作者已设置仅展示半年内微博，此微博已不可见。 ,0,0,0,1551525900000
2437457271,黑塔哨兵,抱歉，作者已设置仅展示半年内微博，此微博已不可见。 ,0,0,0,1551525840000
5462689019,Homura_mo,抱歉，作者已设置仅展示半年内微博，此微博已不可见。 ,0,0,0,1551525840000
2190159345,统筹综合思念体,抱歉，作者已设置仅展示半年内微博，此微博已不可见。 ,0,0,0,1551525780000
,陕西洋县消防,抱歉，作者已设置仅展示半年内微博，此微博已不可见。 ,0,0,0,1551525720000
2864284120,-Eyazu宅娘-,抱歉，作者已设置仅展示半年内微博，此微博已不可见。 ,0,0,0,1551525720000
2584743191,幻想的英灵神,抱歉，作者已设置仅展示半年内微博，此微博已不可见。 ,1,0,0,1551525660000
3085584331,钦丽群,:#诗歌##原创##创意##文学# 《困兽》作者:钦丽群它睁了下眼，外面还是冬天的迹象什么也没有改变18:51的时候，它又睁了一下除了黑色，还是黑，知道那黑中的纤细，线条。平行线与锐器都没曾动过它似乎对一切都失去欲求夜色同样会淹没它身上的疲倦与身体里潜藏的暗礁它反而觉得更安详了在暗中得到平衡只有萤火小部分的火灾才让它重燃希望以为纵火者在牢狱的房顶划了一根火柴——2019.3.2,0,0,0,1551525600000
1795009854,黑仔John,抱歉，作者已设置仅展示半年内微博，此微博已不可见。 ,0,0,0,1551525600000
,巴州消防,抱歉，作者已设置仅展示半年内微博，此微博已不可见。 ,0,0,0,1551525600000
6605498401,X4MarkII,抱歉，作者已设置仅展示半年内微博，此微博已不可见。 ,0,1,0,1551525600000
2895499890,池州消防,:#消防知识##3月观影指南#  【影院消防安全知多少,6,3,2,1551525600000
2429758191,长白车神维克多,抱歉，作者已设置仅展示半年内微博，此微博已不可见。 ,1,0,0,1551525600000
6927551536,辣鸡wb终于让我改名字了,抱歉，作者已设置仅展示半年内微博，此微博已不可见。 ,0,0,0,1551525600000
6703052938,听手会幸福嘉,:他望着一脸认真的她，说:你不会是认真的吧。她笑:怎么了？他回:没怎么。他没说的是，曾经有个女生，跟他说过同样的话。她没说的是，曾经她爱过的人，跟他有一样的性格。他们都在笑自己的放 ,0,0,0,1551525540000
5063378867,-絃夜-,抱歉，作者已设置仅展示半年内微博，此微博已不可见。 ,0,0,0,1551525540000
6178618362,Grain滴滴,:#新浪看点# 半夜发生火灾 狗狗叫醒主人救出公寓全住户 自己却葬身火海半夜发生火灾 狗狗叫醒主人救出公寓全住户 自己却葬身火海 ,0,0,0,1551525480000
3217343880,武汉消防,#蓝朋友的警告#【预防厨房火灾记住这9点】人以食为天，每天都要和厨房打交道，无论商用厨房还是家庭厨房，都是一个火、电同时使用的地方，因此厨房是一个火灾高发地点。如何预防厨房火灾，请注意以下几点。 ,10,2,5,1551525480000
5109668777,莉赛特·卡拉,抱歉，作者已设置仅展示半年内微博，此微博已不可见。 ,0,0,0,1551525420000
1956420775,重复的名字不可以吗,抱歉，作者已设置仅展示半年内微博，此微博已不可见。 ,0,0,0,1551525420000
,南安热门,:#南安身边事#【万幸！南安一电池店突然爆炸起火，志愿者成功救出四名孩子…】 #突发#网友@美得因·小镇 爆料:  南安某车用电池销售店内电池突然爆炸，引发火灾。所幸红十字志愿者及时帮忙将火扑灭。并在店铺阁楼上的四个孩子成功救下来。小编提醒:安全问题，不容忽视啊！  #南安热门[超话]##泉州爆料# @泉州同城 http://t.cn/EIUdJgV,1,2,0,1551525420000
6223295199,村里傻子李二狗,抱歉，作者已设置仅展示半年内微博，此微博已不可见。 ,0,0,0,1551525360000
,dt是单推所有人的dd,抱歉，作者已设置仅展示半年内微博，此微博已不可见。 ,0,0,0,1551525360000
,dt是单推所有人的dd,抱歉，作者已设置仅展示半年内微博，此微博已不可见。 ,0,0,0,1551525360000
,岳阳消防,#蓝朋友的警告#【预防厨房火灾记住这9点】人以食为天，每天都要和厨房打交道，无论商用厨房还是家庭厨房，都是一个火、电同时使用的地方，因此厨房是一个火灾高发地点。如何预防厨房火灾，请注意以下几点。 ,0,0,0,1551525300000
6384776088,先知先绿,抱歉，作者已设置仅展示半年内微博，此微博已不可见。 ,0,0,0,1551525300000
,不愿透露菜谱Link的主妇,抱歉，作者已设置仅展示半年内微博，此微博已不可见。 ,0,1,0,1551525300000
7017552898,1781团支部官微,:虽然我们的生活离不开火。但是如果使用不当，或者是管理不好火，就很容易发生火灾。火灾严重威胁着人们的生活，给我们的生命财产安全和国家的建设发展造成巨大的损失！消防安全十分的重要，在我们的生活中，应该时时刻刻地注意消防安全，应该小心谨慎地使用火，只有这样，我们才能共同建设美好家园。 http://t.cn/z8AGLwk,2,0,0,1551525300000
5429414017,朔州消防,抱歉，作者已设置仅展示半年内微博，此微博已不可见。 ,0,0,0,1551525300000
2702698222,霍林厨绊爱,抱歉，作者已设置仅展示半年内微博，此微博已不可见。 ,0,0,0,1551525240000
6495580063,-SorAOrange-,抱歉，作者已设置仅展示半年内微博，此微博已不可见。 ,1,2,0,1551525240000
5553823605,彼岸花枯萎之时-,抱歉，作者已设置仅展示半年内微博，此微博已不可见。 ,0,0,0,1551525240000
5709401627,西工大孙笑川,抱歉，作者已设置仅展示半年内微博，此微博已不可见。 ,0,0,0,1551525240000
5725769117,超级辣鸡翅,抱歉，作者已设置仅展示半年内微博，此微博已不可见。 ,0,0,0,1551525180000
6870659753,健康生活食指疼,抱歉，作者已设置仅展示半年内微博，此微博已不可见。 ,0,0,0,1551525180000
5664531810,鸢一折纸厨,抱歉，作者已设置仅展示半年内微博，此微博已不可见。 ,1,0,0,1551525180000
5811332509,沉迷画画869,抱歉，作者已设置仅展示半年内微博，此微博已不可见。 ,0,0,0,1551525180000
6347774257,多啦育儿,:#新浪看点# 远离火灾手抄报时刻保持安全意识你好我好大家好远离火灾手抄报时刻保持安全意识你好我好大家好 ,0,0,0,1551525180000
3680038065,Plaaato_Peekaboo,抱歉，作者已设置仅展示半年内微博，此微博已不可见。 ,0,0,0,1551525120000
5044775977,绿萝和大桥下的猫,抱歉，作者已设置仅展示半年内微博，此微博已不可见。 ,3,1,0,1551525120000
5595752213,有馬汐梨廚,抱歉，作者已设置仅展示半年内微博，此微博已不可见。 ,0,0,0,1551525120000
5567147463,UndeadKitty,抱歉，作者已设置仅展示半年内微博，此微博已不可见。 ,0,0,0,1551525120000
,金大仁仁仁仁仁,:#和异性同桌做过最暧昧的事#初中时我是班长，同桌是班上最调皮的男孩之一。每次中午午休时间他都会帮我完成学生工作，当时觉得小男孩虽然皮但照顾起人来却很暖很暖…不过第二学期还未开学他便在大年三十一场火灾中去世了……虽然以前同桌时也会吵架，但现在只记得他的好了……说起来好伤感的事情 http://t.cn/z8Ab5qa,3,0,0,1551525120000
2191002462,杭州下城消防大队,抱歉，作者已设置仅展示半年内微博，此微博已不可见。 ,0,0,0,1551525060000
2018074385,健屋花那厨,抱歉，作者已设置仅展示半年内微博，此微博已不可见。 ,7,10,1,1551525060000
2377264855,柴郡猫w_绝对中立黑檀木,抱歉，作者已设置仅展示半年内微博，此微博已不可见。 ,0,0,0,1551525060000
5314523635,不想失去梦想的星尘,抱歉，作者已设置仅展示半年内微博，此微博已不可见。 ,0,0,0,1551525060000
5314523635,不想失去梦想的星尘,抱歉，作者已设置仅展示半年内微博，此微博已不可见。 ,0,0,0,1551525060000
6474861141,阿消梅州粉丝后援会,抱歉，作者已设置仅展示半年内微博，此微博已不可见。 ,0,1,0,1551525060000
,firo1603,抱歉，作者已设置仅展示半年内微博，此微博已不可见。 ,0,1,0,1551525000000
,加推王鸭狗熊,抱歉，作者已设置仅展示半年内微博，此微博已不可见。 ,1,0,0,1551525000000
,疯狗的奇妙冒险,抱歉，作者已设置仅展示半年内微博，此微博已不可见。 ,0,0,0,1551525000000
5662132100,Kora你这个彬彬,抱歉，作者已设置仅展示半年内微博，此微博已不可见。 ,0,0,0,1551525000000
5094223717,怕只怕最后还遇一无踪,抱歉，作者已设置仅展示半年内微博，此微博已不可见。 ,0,0,0,1551525000000
1100581511,雁南司法所,#蓝朋友的警告#【预防厨房火灾记住这9点】人以食为天，每天都要和厨房打交道，无论商用厨房还是家庭厨房，都是一个火、电同时使用的地方，因此厨房是一个火灾高发地点。如何预防厨房火灾，请注意以下几点。 ,0,0,0,1551525000000
1858719957,萧47,抱歉，作者已设置仅展示半年内微博，此微博已不可见。 ,0,0,0,1551525000000
2431078520,治安那些事儿,:【勇敢的天使回家了,7,0,0,1551525000000
3960621043,Hitagi冰菓,抱歉，作者已设置仅展示半年内微博，此微博已不可见。 ,0,0,0,1551525000000
,广州日报,:【担心的事情真的发生了！屋主外出旅游家中起火，现场一片狼籍】3月1下午，广州海珠区中山大学浦园区内一民房发生火灾，有明火从窗户冒出。而校方联系屋主，发现屋主一家已外出旅游，此时没人在家。最终，消防员破拆房门，经过约30分钟的紧张扑救，将火彻底扑灭。此次火灾过火面积约5平方米，主要烧了沙发和空调，无人员伤亡。目前起火原因进一步调查中。（广州日报全媒体文字记者张丹羊 通讯员消宣）,116,21,20,1551525000000
2424186582,zhfkt,抱歉，作者已设置仅展示半年内微博，此微博已不可见。 ,0,0,0,1551524940000
,He1De,抱歉，作者已设置仅展示半年内微博，此微博已不可见。 ,0,0,0,1551524940000
2919932865,银河天下第一,抱歉，作者已设置仅展示半年内微博，此微博已不可见。 ,0,0,0,1551524940000
6553003540,声环,抱歉，作者已设置仅展示半年内微博，此微博已不可见。 ,0,0,0,1551524940000
2152870232,吉姆_the_skinwalker,抱歉，作者已设置仅展示半年内微博，此微博已不可见。 ,0,0,0,1551524940000
2687713684,吃香菜的南小鸟,抱歉，作者已设置仅展示半年内微博，此微博已不可见。 ,0,0,0,1551524940000
3567987323,晴岚陆叁壹空,抱歉，作者已设置仅展示半年内微博，此微博已不可见。 ,0,0,0,1551524940000
6615588075,春夜祈雨,抱歉，作者已设置仅展示半年内微博，此微博已不可见。 ,0,0,0,1551524880000
5798206970,羽濑川小鹰_,抱歉，作者已设置仅展示半年内微博，此微博已不可见。 ,0,0,0,1551524880000
,阿廾_提不起劲,抱歉，作者已设置仅展示半年内微博，此微博已不可见。 ,1,2,2,1551524880000
6518772133,地底宅,抱歉，作者已设置仅展示半年内微博，此微博已不可见。 ,0,0,0,1551524880000
,Seed9,抱歉，作者已设置仅展示半年内微博，此微博已不可见。 ,0,0,0,1551524880000
5853834495,唯一指定Jumpsuit,抱歉，作者已设置仅展示半年内微博，此微博已不可见。 ,0,0,0,1551524700000
5689972190,盐城时尚生活,:【用喷灯烘,4,6,4,1551524700000
6715515919,松原新闻资讯,:火灾里小姑娘用身体护住弟弟！这才叫亲情！ 松原新闻资讯的秒拍视频 ,0,0,0,1551524640000
,呆呆兽和猴保护协会,抱歉，作者已设置仅展示半年内微博，此微博已不可见。 ,0,0,0,1551524580000
5534378111,新城消防大队,抱歉，作者已设置仅展示半年内微博，此微博已不可见。 ,0,0,0,1551524520000
,石家庄法治时间,":【石家庄一蔬菜批发市场发生起火 原因正在调查当中】今天中午12 时10 分许，位于石家庄西二环附近的桥西蔬菜批发市场内发生一起火灾。着火点疑似是一座两层建筑物，只见火势越来越大，不一会，两层建筑物就被火舌吞噬。       起火点附近人员已安全疏散。随后消防人员抵达，先后来了三辆消防车。据围观者介绍，着火的是建筑物一层的烤鸭店，这家挂着 "" 老烧鸡 "" 招牌的烤鸭店，平时出售烤鸭和烧鸡等熟食，烧鸭13 元一只、烧鸡18 元一只，生意不错，已在这里营业多年。起火具体原因及现场情况，正在进一步了解中。",1,0,0,1551524520000
,心無之魚_yuri,抱歉，作者已设置仅展示半年内微博，此微博已不可见。 ,0,0,0,1551524460000
2506826780,咸宁市消防救援支队,#蓝朋友的警告#【太阳去“流浪”，如何预防电气火灾？】江浙沪地区这段时间太阳一直去“流浪”，带给我们全是雨雨雨雨雨雨……阴雨连绵让天气变得潮湿起来，而潮湿天气容易诱发电气火灾，如何正确预防电气火灾呢？戳图，一起学！@中国消防 @浙江消防 @台州消防 ,0,0,0,1551524460000
6046348825,今日遂宁事,:#遂宁爆料##遂宁身边事# 盐市街小学内民房4楼燃火，火势已经点燃5楼。据悉是因为氧气乙炔割防盗栏导致火灾。具体原因等待官方回应 ,0,0,0,1551524400000
1973910862,乐山消防,抱歉，作者已设置仅展示半年内微博，此微博已不可见。 ,1,1,0,1551524400000
2267400467,大家都在等着我,抱歉，作者已设置仅展示半年内微博，此微博已不可见。 ,0,2,0,1551524340000
5012566802,MMTClover,抱歉，作者已设置仅展示半年内微博，此微博已不可见。 ,0,0,0,1551524280000
6665874567,陈尔拉,#蓝朋友的警告#【这些知识点必须记住】你会使用灭火器吗，发生火灾会逃生吗，吃火锅有哪些安全常识？以下这些知识点，转给身边的人。知识点啊同学们！ ,0,0,0,1551524220000
,DF5-1895今天也要干吧露比,抱歉，作者已设置仅展示半年内微博，此微博已不可见。 ,0,5,0,1551524220000
1239593654,lonyAA,:,0,0,0,1551524220000
7004904588,电小丫丫,【惊险！工人装载货物时起静电擦出大火，落脚瞬间被火吞没,0,0,0,1551524160000
3260551111,上海静安消防,抱歉，作者已设置仅展示半年内微博，此微博已不可见。 ,0,0,0,1551524040000
,戈教主,抱歉，作者已设置仅展示半年内微博，此微博已不可见。 ,0,0,0,1551524040000
,戈教主,抱歉，作者已设置仅展示半年内微博，此微博已不可见。 ,0,0,0,1551524040000
6981764586,流萤丶樱花雨落,【工人用“小太阳”加热液化气罐 引发火灾被拘留10日】2月14日，河北沧州献县一工人使用“小太阳”取暖器对液化气罐加热，引燃可燃物烘烤气罐致爆炸，几乎摧毁整个车间。消防员奋力扑灭火灾，无人员伤亡。安全管理负责人张某被行政拘留10日，该公司被罚款5万元。燕赵都市报的微博视频 ,0,0,0,1551523980000
3345915322,念快了像学长,抱歉，作者已设置仅展示半年内微博，此微博已不可见。 ,0,0,0,1551523920000
,Baidu显卡吧,抱歉，作者已设置仅展示半年内微博，此微博已不可见。 ,11,4,2,1551523920000
,中国消防,抱歉，作者已设置仅展示半年内微博，此微博已不可见。 ,216,257,92,1551523800000
5498350625,山东威海消防支队,:#消防知识# 【火灾自救教你一招】火灾无情吞噬生命，发生火灾时，被浓烟熏死、呛死的人是烧死者的4——5倍。在一氧化碳浓度仅为1.3%的空隙当中，人吸上两三口就会失去知觉，呼吸1——3分钟就会死亡。浓烟才是火场的第一杀手！！因此掌握多一些的火场自救的要诀，困境中也许就能获得第二次的生命。http://t.cn/EIUe29X,0,0,0,1551523740000
1986679210,江西消防,:#每天学点消防知识[超话]# 【汽车起火怎么办？别慌！】给大家推荐一些汽车火灾的扑救和逃生方法，不仅可以保护人身安全，也可以使爱车免于损失。[中国赞]转发收藏（图：四川消防） ,6,16,2,1551523620000
,头条遂宁,:#遂宁爆料#【吓人！盐市街居民楼发生火灾】 网友@动物园长卡缪维丹 爆料：盐市街小学内民房4楼燃火，火势已经点燃5楼。据悉是因为氧气乙炔割防盗栏导致火灾。消防蜀黍已将大火扑灭，具体原因正进一步了解中！#遂宁故事绘[超话]# ,1,0,2,1551523560000
