6348069040,夙尽怀,:🐱:想喝你说的那个奶茶店的奶茶我:嗯，但是今天没有开呀,0,0,0,1572450660000
,朽木上的蘑菇混不吝,:可别整什么雪花不雪花，无辜不无辜啦！我连着两周加班被害的睡不安稳觉我的黑眼圈不无辜吗！！！他王昊事儿都做了，嫂子也睡了！他无辜个屁啊，别说雪花了，我恨不得化身冰雹砸他头上！你赔我的贝贝！！！！ ,1,0,0,1572450600000
3409322040,糟老头子XR,嗨！ ,0,0,0,1572449760000
6736359240,Oo他奶奶的,:今天物料怎么跟下冰雹一样砸过来 ,1,0,0,1572448200000
6351769886,纸片人霜月,#网络暴力需要负法律责任吗#《令人心动的offer》中第一期#周震南谈网络暴力#，offer加油团也纷纷发声，岳屾山律师更明确指出，网络暴力需要承担相应法律责任！ 新浪综艺的微博视频 ,0,0,0,1572447960000
6328371214,有意思的人和事啊,:下雨下雪下冰雹，漠河也太会欢迎人了 大兴安岭地区·漠河·北极村 ,2,0,0,1572447600000
,我不叫杨烔兆宝,:冰雹砸了棉花棵尽光棍；全是光棍 ,0,0,0,1572447480000
5350872334,刘哈哈aaa,:日常搞笑中午值班时，五年级学生问我冰雹到底是冬天有还是夏天有？我: 我记得冰雹夏天是有的，冬天好像也是有的。学生追问: 那是夏天多还是冬天多？我: 这种专业的问题去问你们的科学老师吧学生: 老师，你不就是我们的科学老师吗？我尴尬的笑了笑，说了一句，我不是专业的,1,0,0,1572447240000
6223046606,胖胖滴啊哈,#网络暴力需要负法律责任吗#《令人心动的offer》中第一期#周震南谈网络暴力#，offer加油团也纷纷发声，岳屾山律师更明确指出，网络暴力需要承担相应法律责任！ 新浪综艺的微博视频 ,0,0,0,1572446820000
2746083263,mamba2017,:1.有时候我会像一个疯子，但我分不清疯的是情绪还是我。2.梦境和现实只隔着一道城墙。我愿意住在梦的围城里，饲养我的怪兽，让它们陪我一起茁壮成长。3.每一段记忆的空巷里，都喧嚣地挤满了对你的回忆。我不哭，可是天上为什么突然就下起了雨呢?4.在晴朗的夏夜里，我总觉得自己是个外星人。所以我一直在寻找曾经属于我的那个星球。我一直在遥望星空，苦苦期盼能够得到一丝提示。所以，要么我真的是个外星人，要么我真的是个疯子。5.不要伤心欲绝地指责任何一个人，省下力气来，要么遗忘，要么报复。6.在我们小的时候，我就这样心甘情愿地陪着你玩，默默地跟着你到处疯跑，那么，现在，你到底在哪儿？我想那段岁月和你。7.关于你和你的那件白裙子，我都收藏在记忆里，谁也没给看，谁也没给说。8.每一段发呆的时光，都可能用在想某人的身上，然后想着想着就闻见了那熟悉的香味。飘散，飘散，到处弥漫。9.我偷了一段未来的时光，然后时间法庭把我困在了现在。10.有时我会莫名的感伤，就像天空也说不清自己为什么会砸下斗大的冰雹。2015年7月4日 16:37 26.11.我此生不会感觉到衰老，因为我想认真地体验人生的每个阶段。你有理由喜欢一种苦味的食物，你也有理由喜欢岁月的淡淡流逝。2015年7月20日 18:17 12.我能看见的，你看不见；我能感觉到的，你并不在意。就像我对你已经爱意满满，而你却还在苦苦思量有没有人会来爱你。,8,1,1,1572446160000
6446271392,小尚6446271392,:羡慕小伙伴过得幸福，我就比较厉害了，下雨下冰雹都不能停下赚钱的脚步。加油 铜仁·玉屏 ,0,0,0,1572445260000
1959475987,-柚子不酸-,:外面这下的是雨还是冰雹呢？寒冷让我低头 ,0,0,0,1572445080000
5312984792,你不用爱我_,#原红花会成员发声# 30日晚，PGone发文称自己从未害过任何人，原红花会队长弹壳发声质疑他，“你没有对不起我们？真棒”，PGone回应“我真不知道我还对不起谁了，贝贝丁飞拿我当过兄弟，你真的拿我当过好兄弟么壳总？”阿之随后反问他，“你摸着良心说，弹壳把队里谁没当亲兄弟处？”另一成员贝贝也发文疑似谈论此事，“做了错事就得承担后果，出了问题就得直面问题解决问题，永远记住，发心要正。”丁飞则疑似暗指PGone在转移注意力，并质问道“等到有一天真相大白，怎么还我一群心高气傲无惧无畏纯纯粹粹的队友？”,0,0,0,1572442680000
3841557306,江西生态环境,:预计10月30日20时至31日20时，四川南部、云南西部、海南等地将有雷暴天气，其中海南局地将有短时强降水天气，小时雨量20-40毫米，最大可达50毫米以上。强对流天气：目前是指伴随雷暴现象的对流性大风（≥17.2m/s）、冰雹、短时强降水三、灾害防御建议1.注意防范雷电可能造成的人员伤亡、设备损失，关注其对航空运输的影响；2.注意防范短时强降水可能引发山洪、泥石流和城市内涝等次生灾害；3.注意防范雷暴大风可能造成棚舍和广告牌等搭建物的倒塌以及对高空作业、水域作业和航行的影响；4.注意防范冰雹可能对农作物和农业设施造成的影响。#当南方人去北方上大学##战斗民族飞行员送中国快递##小据天气播报#,2,1,0,1572442620000
1825172787,LiUyYAo_,:#PGone##李小璐 PGone# 你们骂我，你们就是想逼死我，你们都是雪花！,23,0,6,1572442380000
7004666232,用户7004666232,:都冬天了还下冰雹！这天气越来越不正常！ 凉山彝族自治州·冕宁县 ,0,0,0,1572441720000
7125581694,Ternuraol,:今天的農業氣象學我背了形成冰雹的條件 形成沙塵暴的條件 颱風的源地和結構 寒潮的源地和關鍵區 幹熱風的分類和特點 寒潮的分類 形成原因 三三制指標 還有冷鋒暖鋒準靜止鋒錮囚鋒兩個小時只背了這點東西 你個小垃圾 ,0,0,0,1572441000000
,戎融,:冰雹砸了棉花棵尽光棍；全是光棍 ,0,0,0,1572440820000
7234712957,斌宇宙朝榛地球榛月球,:［天河］：写了一篇惊人的文章，居然说［天河］还达不到《对核武器空爆的龙吸水》，我不知道为什么猜到，您 在 等 我，我大概想象你说的是《哪吒-小白龙-龙吸水-龙人之盾-冰冻并顶起核武空爆-或者冰雨核爆区域》，还是您！陈景峰：做成三明治，包裹来袭核武。用战神-歼20-冰雨-冰雹-冰弹-引雨-冰箱-使用长征五号-遥控气象武器，使用火星级火箭，可以搭在，十吨-五十吨-一百吨-冰冻剂，溶解核武器蘑菇云，长征五号起始推力1100吨，火箭载荷800吨。还是决定使用长征五号最大载荷装载冰冻剂，-冰箱-核武器，万无一失，溶解核武器蘑菇云，完全溶解那团火焰，而不需要抽干空气和水汽去冻结冷却核武器，烙铁不怕冷空气，但是抵不住冷水浸泡，不能使用自然的水汽，因为那个核爆区域已经烧干了空气，那就给火焰打空气冷凝剂，用美容的办法，给核武器的丑恶嘴脸敷上几十层面膜，直到水汽掉下来，这就是溶解核武器最终解答式。,0,0,0,1572440820000
2581954201,每天都很累的小旭,:(总结:承认出轨 但是我一没杀人二没放火 你们骂我就是在逼我死)  这次我不想做一片雪花  我想当一个冰雹 ,1,0,0,1572440520000
5247546995,superjosiesir,:#李小璐 PGone#屁几万睡了嫂子还整挺委屈,2,0,2,1572440460000
6524695480,不能放弃全世界哇,:#科普# 拍长治街头“鸡蛋冰雹”来袭 私家车“千疮百孔” 不能放弃全世界哇的微博视频 ,0,0,0,1572440220000
6179910412,你不知道的科学,:#科学科普#科普向！揭秘冰雹形成的过程，慢镜头高清影像纪录完整影像！ 你不知道的科学的微博视频 ,0,1,0,1572440040000
6438308946,二三十2000407,:#PGone#我的教养和修养不允许我去骂人，要不然我真的想做冰雹砸死你。 ,0,0,0,1572439860000
2698075233,静谧如初M,#PG_ONE##李小璐PGone视频##李小璐pgone实锤#笑死我了 睡了嫂子 还委屈上了笑死我了视频是去年三四月份的  咋啦18年还在一起拍视频亲亲  拉手手  不得了啊 17年被爆出轨  18年还在一起拍视频笑死我了  我相信他没公司没团队 洗白文章漏洞百出哈哈哈哈  还没伤害过任何人 宁把贾乃亮放在哪？(总结:承认出轨，但是我一没杀人二没放火 你们骂我就是在逼我死)  这次我不想做一片雪花  我想当一个冰雹,0,0,0,1572439800000
5501844307,佩奇的零五幺幺,:此时此刻不想当雪花 只想当冰雹 ,1,0,0,1572439200000
5586573761,Deemo-ol,:洗白新路线：你们在逼我在网暴我我抑郁了你们要逼死我了对不起 我不止想当雪花我甚至想当冰雹砸死你,9,0,0,1572439140000
5957537068,抱着猫唱支歌,:Pg one的微博完美诠释了什么叫理不直，气还壮不要说我是雪花，xs，我是冰雹 ,3,2,2,1572438600000
2175873844,猫大人的微博,#pgone回应与李小璐亲密视频# #PGone承认与李小璐恋情# 刚刚，PGone发长文回应与李小璐被曝光亲密视频一事，他称视频是18年3、4月份录制的，而两人绯闻是在18年1月被曝光。PGone还称贾乃亮去年回应夜宿门的长文是代写，李小璐看完就晕过去了。,0,0,0,1572438300000
5930625234,辣么萌的小胖砸的麻麻,#就业有位来#【赶紧转走！PPT演讲高能技巧！】PPT设计思路是什么？封面怎么做？字体怎么用？配色有哪些窍门？排版要注意什么？看这9张图就够啦！ ,0,0,0,1572436920000
7122828619,大喵小洛,:#梁靖康[超话]#我不是黄蓉，我不会武功我只要靖哥哥，那完美的爱情【家有儿女】演唱者：“夏冰雹”，夏雨，夏雪，爷爷😂 😂 ,7,0,3,1572436740000
,判答,:坑爹倒计时！！1天！！！真的就在明天，今年最后一次水逆就华丽丽来袭了！#判答星座[超话]# 这就好比是你刚穿好衣服打算入冬取暖，外头就提前下起了冰雹，打得人措手不及，各种决策失误、判断迷糊，还夹杂着手机电脑当机，行程延迟取消，上班犯错迟到...眼下我电脑还剩70%的电就自动关机这种事儿我会告诉你们吗？！最后关注一波微信公号：判答。你们不关注，我就没动力继续了,29,3,27,1572436500000
3408530482,今日毕节,:#突发##中国机长##新闻速递# 【突发！海南三亚飞成都空客风挡现裂纹，万米高空紧急备降贵阳！】10月28日下午，据西藏航空有限公司微博消息：10月27日，三亚飞往成都的TV9822航班备降贵阳，而备降原因系风挡玻璃出现裂纹。有乘客透露，备降期间无异常，落地后被通知航班取消。据悉，涉事航班为西藏航空的TV9822航班，于27日18时从三亚凤凰机场起飞，原计划飞行2.5小时抵达成都双流机场，航程1700公里，执飞机型为空客A330-243E，机龄3.4年。航班动态显示，涉事航班于10月27日17时“客齐”，17时56分滑出起飞。未料飞行1小时后，19时8分，航班飞行高度突然从11103米下降，并在20分钟内下降至1000米左右高度，飞行速度从约900KM/h10分钟内下降至600约KM/h。该航班乘客证实称，航班起飞时飞行1.5小时后，机组突然紧急广播称因机械故障要备降，并在20分钟后落地贵阳。航班安全落地后，据西藏航空的工作人员证实，涉事飞机确因风挡玻璃出现裂纹临时备降，其称机组都经过专业训练，不必过于担心，问题正在处理中。据业内人士介绍，风挡出现裂纹与风挡玻璃破裂有所不同，前者一般不影响飞行安全，统计显示在全球范围内平均每一到两周就会发生一次。资深机长陈建国曾透露，飞机的风挡玻璃分为外层、中间层和内层，任何一层都具有承担飞机两倍最大压差的能力，只要中间或内层任何一层玻璃在，飞机都是安全的。其分析称，风挡玻璃破损一般有鸟击、冰雹等外来物撞击、玻璃老化、受潮、产品质量或安装问题、加温系统电弧等。10月28日13时，西藏航空的工作人员证实，涉事航班已返航备降贵阳，目前已安排补班航空TV982X，预计补班航班将在28日21时起飞。,1,0,0,1572436020000
,E仔爱吃大头菜,:可真好听，就是被我唱成了冰雹❄️干啥都不容易啊，有点难,0,0,0,1572435420000
7304302326,心雨的海洋,:竟然下起了冰雹,0,0,0,1572435360000
2087489161,柴胡heal,:从来没觉得“摇钱树”这个说法这么形象过：不用锄草杀虫树自己长躺在树荫里休息就有钱拿狂风骤雨烈日冰雹往树下一躲就完事,1,0,9,1572434220000
7262770896,朔方风雨,:#强对流天气灾害防御建议#3.注意防范雷暴大风可能造成棚舍和广告牌等搭建物的倒塌以及对高空作业、水域作业和航行的影响；4.注意防范冰雹可能对农作物和农业设施造成的影响。『天气预报 >> 强对流天气预报 >> 强天气落区』http://t.cn/Rc146vz ,0,0,0,1572433080000
5193819955,受苦众生令得解脱,:婆婆身体不好，梦中连续三天有人给她喂药，有一天婆婆害怕不吃，梦中人说，吃吧，这是给你治病的。有一次新年婆婆去买凳子，不小心摔在了冰雹上，人飞出很远，七十多岁的人了，什么事情也没有。妈妈看到我学佛后整个人都变了，我的身体也越来越好，我原来有那么多的疾病缠身，妈妈都知道，她主动回家开始诵经了，现在每天一到两部《无量寿经》，还有数声佛号，日日不间断，已经坚持快两年了。爸爸的寿命，被几位算定60岁就走了，家里亲人男性也都是那个年纪走的。爸爸早年每天应酬喝酒，日日三包烟，身体早年就不成样子，当时有人还说，爸爸53岁会得脑血栓，那一年爸爸确实莫名摔过几次，后来我碰巧给一家国药做活动，买回去了药，爸爸吃上就见效了。今年66岁了，去医院检查，医生说，有的年轻的小伙子，都没有你的身体好啊！这些年袍笑的工厂无数次的搬家，每次大型搬家时，都会从四面八方突然来很多人，搬家以后，这些师兄就各种缘分全部离开了。数次不管什么情况，不管袍笑什么时候需要人，从来没少过。『袍笑创始人妙音：回顾忤逆路，袍笑五年，我与众生的不解之缘（下）』http://t.cn/Ai1Riqli,0,0,1,1572431880000
2184656002,泓杰0707,:落日余晖，月牙弯弯。水中花，镜中月。凡事都有阴晴圆缺，否极泰来，走不通的路，走下去毫无意义，该舍弃的，就要毫不犹豫，调头转弯重新启程就好，只要心中有梦想，脚踏实地去追求，黑暗过后，不一定会有朝阳，但就算阴雨蒙蒙、寒霜冰雹，也好过黑夜里的死胡同。 长沙·马栏山 ,3,0,0,1572431580000
,胖胖笑长,:下冰雹谁呀！！！搞笑的童年回忆！！！ CD李冰涧的微博视频 ,0,0,0,1572430500000
6533805839,气象小报,:#气象科普# 降水　“分散性降水是什么？”分散性降雨：就空间分布来说，我不是连续、成片的，我更多地用来表达降雨在空间分布上的不均匀性。而局地降雨用于表示区域范围小的降雨天气。　我经常出现在强对流天气中，常伴随有短时强降水、冰雹、大风等。目前的预报技术很难搞清我具体会落在哪里，所以大家出门还是带伞为好。　“持续性降水和过程性降水，谁更厉害？”　　持续性降水：当然是我更厉害！我的持续时间更长，通常是一轮一轮地来，经常会造成次生灾害，对农业的影响也较大。像2008年雨雪冰冻灾害就是我造成的，那次我包含了连续的四轮过程性降雪。其实，一轮降雪没那么长时间，而一轮轮地来，持续时间长，影响范围也就更大、强度也更强。当然，我的哥们儿“过程性降水”，如果强度大也会造成较大影响，但他一般只在一个地方持续一两天的时间。　　“我只想知道明天下不下雨，你跟我说明天降水概率50%，一半儿一半儿呗，你叫我咋准备？”　　降水概率：我应该是最受争议的气象预报术语了，其实我在国外推广得不错，而在国内接受度比较低。　　我表示降水出现的可能性，跟降水量、降水范围不是一个概念。根据对历史气象数据的统计，在某个时间段，当具备某种气象条件（例如：温度、湿度、气压等）时，有70%的几率在下雨。而现在，在相同的时间段里又具备了这些气象条件，那么此时，我的值就是70%。　　但是，这里所说的“相同的气象条件”，是有限“相同”，而不是绝对“相同”。气象数据依赖于观测，比如观测到的温度、湿度、气压等。但在现实中，气象观测的种类终归是有限的，时间也不是完全连续的，不可能绝对准确和完整。而且，气象条件并不是孤立存在，而是相互配合的。而这种配合又很复杂，比如亚马逊一只蝴蝶扇扇翅膀可能会给美国带来一场风暴，这其中的大气混沌效应很多，谁也无法保证已经掌握了降水的全部规律。　　如果天气预报简单地说“明天下雨”或者“明天不下雨”，公众很容易听懂，但这一描述实际上是不准确、不完整的；可是当天气预报试图更严谨地将明天的降水用我来表示时，又有很多人不懂。　　其实，我在国外挺受欢迎的。在一些行业，即便我的值为10%，他们也会认真地权衡降雨带来的损失与采取应对措施付出的成本。气象-经济决策模式就是基于经济决策这一跨学科领域与我的相互关系而产生的。在美国，我的值为50%时，公众会觉得带伞是理所当然的事情。他们接受了我是一个科学问题，不确定性是客观存在的。,1,0,0,1572429720000
5547346810,永远在画图的小陈,:你要知道，一年四季，阳光，雨露，冰雹，大风，白雪，它们都会有 ,1,0,2,1572429360000
6533805839,气象小报,:#气象科普# 冰雹冰雹（Hail）也叫“雹”，俗称雹子，有的地区叫“冷子”（如徐州），夏季或春夏之交最为常见。它是一些小如绿豆、黄豆，大似栗子、鸡蛋的冰粒。当地表的水被太阳曝晒气化，然后上升到了空中，许许多多的水蒸气在一起，凝聚成云，遇到冷空气液化，以空气中的尘埃为凝结核，形成雨滴，越来越大，多了云托不住，就下雨了，要是遇到冷空气而没有凝结核，水蒸气就凝结成冰或雪，就是下雪了，如果温度急剧下降，就会结成较大的冰团，也就是冰雹。中国除广东、湖南、湖北、福建、江西等省冰雹较少外，各地每年都会受到不同程度的雹灾。尤其是北方的山区及丘陵地区，地形复杂，天气多变，冰雹多，受害重，对农业危害很大。猛烈的冰雹打毁庄稼，损坏房屋，人被砸伤、牲畜被砸死的情况也常常发生；特大的冰雹甚至比柚子还大，会致人死亡、毁坏大片农田和树木、摧毁建筑物和车辆等。具有强大的杀伤力。雹灾是中国严重灾害之一。,1,0,0,1572429300000
5790568774,周勺子的瓒Zz,#爱豆V力量# 下雨了还有人穿雨衣吗？ ,0,0,0,1572429180000
6311762565,凯骏环保耐尔迅,:男友说他爸一遇到恶劣天气什么雨雪冰雹就带薪休假。我说这工作不错诶。后来我知道了，他爸是开洒水车的。 ,0,0,0,1572427860000
7303888053,桓仁文旅之声,":前几天的一场突降的大冰雹和断崖式的降温，给桓仁的牛毛大山带了别样的一番景色—雾凇,咱们一起来看看这雾凇美景吧!",0,0,0,1572426180000
6105768715,l296488902,:昨晚梦见在家念书时代，中午骑自行车回到老房子里，没有人给我做午饭，想偷懒找妈妈回来做，外面刮风下冰雹，我在这个老房子里，像一座孤岛，等人来救我 ,0,0,0,1572426180000
2455497654,小巷古城,经典好听的《Youaremysunshine》、请用心去相信，卡其色长裙+白色防晒衣+白色平底凉鞋+印花购物袋，那是一个光聚集的场所。搭配要点！旅途的终点 ,1,2,0,1572426000000
,气候与环境研究,":#文章推荐# 刘欣, 王咏青, 胡志群, 等. 2019. 青藏高原一次冰雹强对流天气过程的诊断及雷达回波特征分析 [J]. 气候与环境研究, 24(5): 611-625. doi：10.3878/j.issn.1006-9585.2019.18127http://t.cn/Ai1EnMeM ",0,1,0,1572424560000
,中国气象数据网,:预计10月30日20时至31日20时，四川南部、云南西部、海南等地将有雷暴天气，其中海南局地将有短时强降水天气，小时雨量20-40毫米，最大可达50毫米以上。强对流天气：目前是指伴随雷暴现象的对流性大风（≥17.2m/s）、冰雹、短时强降水三、灾害防御建议1.注意防范雷电可能造成的人员伤亡、设备损失，关注其对航空运输的影响；2.注意防范短时强降水可能引发山洪、泥石流和城市内涝等次生灾害；3.注意防范雷暴大风可能造成棚舍和广告牌等搭建物的倒塌以及对高空作业、水域作业和航行的影响；4.注意防范冰雹可能对农作物和农业设施造成的影响。#当南方人去北方上大学# #战斗民族飞行员送中国快递# #小据天气播报#,1,0,1,1572424140000
7330631550,每日批话小号,:用家有儿女打开偶然发现的一天【全员向】#偶然发现的一天# #偶然发现的一天[超话]# B站链接：【偶然发现的一天】用家有儿女打开【全员向】殷冰雹！ 每日批话小号的微博视频 ,12,1,1,1572422460000
7314932923,Ka记告7_,:#365天早餐不重样#直播下暴雨（冰雹）迎风走 ,0,0,0,1572421740000
7186231472,ZealNationalBABY_BTS,":【ZNBY】#日月星动不可告人的秘密##乌托邦满月ZNBY#【191030】Zeal National BABY_BTS：RM's VLOG（翻译by小姜 时间轴by夏冰雹 北极碳  资源&压制&校对by北极碳 禁一切 转载请注明Zeal National BABY_BTS站） ZealNationalBABY_BTS的微博视频 ",21,3,1,1572419460000
7297700069,Emptycity-挚爱,去年冬天拍的，林间、落雪、东部鸣角鸮。倾听自然的声音,3,0,2,1572418080000
2478830020,安橙洛_,:七月的风，八月的雨，九月的太阳，十月飘雪，十一月的冰雹，十二月的雪水，一月的雾，二月的霾，三月的云淡风轻，四月的万里无云，五月的碧空万里，六月的风和日丽 ,1,0,0,1572415200000
,炒活鱼,昨天做客QQ音乐#见面吧电台# 的就是@D5_徐炳超 ,0,0,0,1572414420000
5269702762,酱酱唯kn,#薛之谦[超话]##薛之谦1214咪咕汇# ,0,0,0,1572413820000
5030772955,躺在地上打滚滚ooh,成都Simple Urban plus #简单生活节#，本周末11月2-3日成都天府芙蓉园开躁！@王嘉尔 首度登上音乐节，现场可入手限定周边，说唱大咖汇聚一堂！关注@大麦网 @望京戏多多 转发抽两人获得两日通票！（中奖用户现场领取门票）明天立即开奖！刺激不刺激！火速购票>>>http://t.cn/Ai1RGfchhttp://t.cn/Ai1plct0 http://t.cn/Ai1gLZvn,0,0,0,1572412080000
5539586247,万事皆盛意,嗨！ ,0,0,0,1572410640000
7058965304,棚掌柜智慧大棚,:30分钟要跑去大棚3次，背后原因很辛酸！连阴的冬季天气，大雪，冰雹，天气晴朗很久突然乌云密布的天气往往使大棚蔬菜造成严重损害。因此，为了确保冬季蔬菜产量的增加对冬季大棚蔬菜的质量安全，我们必须积极采取应急措施，做好防御灾害性天气对冬季大棚蔬菜的影响。阴天：如遇持续阴天，只要气温不太低，就需要卷起棉被。短时间太阳晒一会儿，棚内的温度就会升高。大雪:积雪停止后及时卷起草帘，立即清理棚内的雪。在晚上下雪的时候，我们应该更加注意清除棉被上的积雪。冰雹：下冰雹天气出现，应及时把棉被铺开，防止把大棚膜给打破，直接殃及让棚内的幼苗死苗。长期多云多雾天气：一到晴天，蔬菜的蒸腾作用就会加强，根系的吸收也跟不上。晴天过后会有大量的幼苗死亡。晴天过后，气温会迅速上升，幼苗会迅速枯萎。天气的变化无常总会让棚户不停歇的跑去大棚铺卷棉被，开关风口，这使我们不仅身心疲惫，种植管理上也欠缺经验，全凭眼睛看到的来指挥自己的动作。那怎样才能让机械设备科学种植来替代人工呢？出现恶略天气棚掌柜会提前给棚户手机发送报警通知，通过手机同时操控所有大棚；设备感知棚内的温度，实现自动控温、自动放风。大大节省人力成本，增加科学种植经验。对智能温室搭建有兴趣的小伙伴，可以评论、留言或私信小编进行互动吧。,0,0,0,1572406560000
3514664437,贵州监狱,:#警官文苑#【谷子】一粒种子长成谷子的苦难，故乡的黄土地记得，屋檐下的犁和蓑衣记得，父亲手掌的老茧记得。　　（一）谷子被父亲定义为谷种之后，便有了承上启下的分量。在父亲糙裂的掌上，一捧谷子承载着黄土地绵长的记忆，暗藏生命的玄机，谷壳上的芒刺指向太阳，最终和父亲的掌纹契合。　　谷种，从稻田里走回父亲的手掌，和秋天的阳光一起被父亲窖藏于干净的陶罐，经过一冬的冷却和构思，又从父亲的手掌被放飞。　　谷种，几千年农耕文明的密码隐于干燥洁白的内心。每年“椿树蓬头”时，沉睡的密码被春天激活。手脚沾满泥土的父亲，站在适合幻想的三月的风里，已为其筑好温暖的苗床。从寒冰中苏醒的黄土地，已为谷种的裂变铺展开柔软的胸膛。　　（在三月的乡村，所有生长的事物都要为谷种让路。“一年之计在于春”的“计”，谷种是头等大计。）　　一捧捧胚芽从指尖滑落苗床，裹着父亲的体温。父亲身子微倾，双手作出力度均匀的抛洒——这是延续了几千年的播种姿势，像是送别，又像是迎候。一扬手，黄土地就有了构思葱绿的冲动。　　一块块水田就是谷子的摇篮，像初生的婴儿，从温暖的陶罐走进风雨的三月，摇摇晃晃，从苍茫的水田里撑起瘦弱的绿影。　　（二）谷子，没灌浆前，籽实没饱满之前，统统称之为秧苗。这些娇弱的绿影，在构成大地的主色调之前，需要父亲光着脚板、挽起袖子、抡起农具修饰和润色。　　从苗床走到水田；在水田里定根，拔节，分蘖，孕穗，扬花；命运中未知的冰雹、洪水、虫害，需要父亲付出多少汗水和牵挂。故乡的田埂记得，那披风载雨的蓑衣一一记录在案。　　谷子成长的轨迹，父亲手持一蓑烟雨描绘。以一粒谷种的飞翔为起点，父亲的手描过季节的时空，最终为一丛谷子耗尽心血。　　一条条田埂像臂弯围住秧苗，这是关于守望和爱的故事，在故乡的农事里历经几千年而温馨如故。烈日下的父亲把脊梁交给太阳，把手交给土地，薅秧、拔稗、引水，父亲俯下身子倾听每一株秧苗的倾诉。远远看去，绿浪里的父亲，像执着的舵手，引领一群叫做水稻的植物朝向天空的方向游弋。　　巡夜的父亲，蹲下身子聆听禾尖的夜露滴落田面，恍如触摸乡村恬静而幸福的心跳。月光倾泻而下。喝下这口灌浆的月光，秧苗离分娩就近了。 　　（三）沿夏天漫长的水路艰难泅渡，终于抵达秋的码头。故乡的谷子怀揣父亲的嘱托，向秋天吐露初心。禾叶举向天空，向太阳致谢；谷穗弯向大地，向泥土感恩。鞠躬的谷子，依稀重叠着父亲匍匐的影子。　　父亲手托一穗谷子，在纹路上找寻丢失的汗滴、解读收成的密码。命运的苦厄，浓缩为一根根谷芒，刺中往事的泪点，让父亲积蓄的情感决堤。　　而一缕甘甜的稻花香啊，足以让一切苦难稀释，足以解锁父亲折叠已久的皱纹。　　青涩的谷子，离分娩的九月，还差几口炽热的阳光。一口烧酒喷向天空，父亲的田野就熟了。　　站满谷子的田野，是父亲蘸着骨血打磨的作品。成型之后交给太阳，着色成一幅幅凝固的画，主色调就是五千年不变的黄。　　谷子交出诚实的重量，把秋天拉得很低很低，低到镰刀的高度。父亲扬起美丽的弧线，开始收割金黄。镰刀割断茎杆的咔嚓声伴着父亲兴奋的喘息，奏响秋天最动听的合奏。　　（四）倒伏，是一种姿势，更是一种姿态。　　在父亲的镰刀下，疼痛的呻吟化为献身的坦然，升华九月宏大的主题。　　父亲双手举起谷子，像举起生活的重量，重重砸在挞斗上。谷子，欣然告别茎杆，扑进斗里，把父亲的成就感一寸寸提升。九月的田野，挞谷的声音此起彼伏。这是交织着汗水和阳光、兴奋和畅想的打击乐。父亲就是把秋天敲击得血脉喷张的乐手。那挞斗里跳跃的谷子，是最真实的音符。　　这些谷子，将会用潜藏的火苗温暖岁月，用钙质支撑起一个村庄的行走。还有一些谷子，会躺在父亲的陶罐，静守发芽和繁衍的初心。　　这是一个轮回，年复一年。谷子明年还会葱茏，父亲的血脉还会流淌。初心还在，谷香就能绵延。（@贵州遵义监狱 孙礼昌）,6,52,13,1572405360000
,KLIZN_,:我太喜欢夏冰雹了 ,0,0,0,1572403740000
7303317148,东莞骅宝宝马,:责任-别总等到雨天，才想起缺少这两项车险作为心疼爱车的车主，自然舍不得车辆受到一点损伤。但出门在外，小剐小蹭等意外时有发生，甚至在雨季还会碰到无法绕行的积水路段，涉水行驶造成损失的情况总是在所难免。但如果你为爱车购买了机动车损失险和发动机涉水损失险，就不用再为这种情况感到担心了机动车损失险的保障01机动车损失险是车辆主险的一种，用于赔偿除发动机进水以外的车辆其他损失。当被保险的车辆在保险期间，遭受保险责任范围内的自然灾害（不包括地震及其次生灾害）或意外事故，所造成保险车辆本身受到损失时，保险人依据保险合同的规定给予赔偿。简单来说，这是一个专门在自己车辆受到损坏时给予赔偿的保险。无论你的爱车是与其他车辆发生剐蹭，或是遇到冰雹等特殊场景事故，都可使用此车损险进行索赔。TIPS：自然灾害包括雷击、暴风、暴雨、洪水、龙卷风、冰雹、台风、热带风暴；地陷、崖崩、滑坡、泥石流、雪崩、冰陷、暴雪、冰凌、沙尘暴；载运被保险机动车的渡船遭受自然灾害（只限于驾驶人随船的情形）。虽然机动车损失险的保障已经十分全能，但当发动机遇到涉水而造成的损失，则需要另一项附加险来赔偿，这就是发动机涉水损失险。发动机涉水损失险的保障02夏日雨季频繁，很多车辆经常因为暴雨的缘故，导致发动机进水，造成损毁。但有了发动机涉水损失险，当涉水事故发生时，被保险人就可以为发动机申请理赔。需要注意的是：涉水险仅赔偿发动机的损失，如涉水同时还发生除发动机以外的其他损失，如座椅被泡、车辆线路损坏等情况，则可通过机动车损失险赔偿。总而言之，发动机涉水损失险是一项非常重要、保护车辆发动机免受因涉水带来的财产损失的附加险，如果你所处的城市经常下雨，不妨为爱车购买这份保障。购买保险途径有多重要03每次临近续保，您一定收到过不少电话推销，然而，在他们提供的价格和赠品优惠后，也隐藏着很多不对等的信息，例如对赔偿范围的划定。如果您不是特别了解保险中的每项细则，在理赔时就可能会遇到险种不全或限额不足而导致不能完全赔付的情况。因此，您在续保或购买车险时，可以选择BMW授权经销商，在发生事故申请理赔时，会有专业的服务人员帮您做出专业判断，合理理赔，保障您的合法权益，给您真正的安心。时刻关注您的出行安全，是BMW售后服务的责任和使命，我们的关心与帮助，只为助您安心享受每一段里程。BMW一直致力于在科技前列，开发新产品，在技术研发的同时提高产品高性能，高科技的质量服务水平。作为行业领导者之一，要想创新新科技，改变思维常态，就需要从技术中来获取未来发展新概念，改变生活固有定势，从而在创新服务理念中，从新科技，新产品中来影响人们的生活方式，在本土化战略的实施中，为中国制造2025做出责任与担当。因此在日前生态保护责任中，BMW也在不断提供环保产品和服务，提供优质售后服务，通过新技术研发，为客户提供优质售后服务，为环保事业作出新能源创新，为生态环境责任做出新业务模式的改变。一旦客户有任何车辆问题，及时解决问题，本着透明的价格定位，真诚可信的服务理念，来为BMW客户营造更加舒适的高质量售前售后服务，立造经久不衰的BMW品质与个性。通过前瞻视角，洞悉客户需求，不断提高高质量的安全车辆的研发技术。在新科技研发的同时，为社会提供就业机会，理解雇主的责任，以更好地社会福利，人性化工作环境，提高员工满意度，为职业发展空间提供更多发展机会。在实现自身盈利的同时，时刻保持客户至上的高质量服务理念，不断提高员工满意度，担当社会生态环境责任，在发展自身盈利，稳定市场地位的同时，不断为中国本土化事业做出自身的公益贡献。追求突破，保证公司的活力与竞争力，在长期战略中，追求自身的科技创新品质，为工业4.0做出贡献。,0,0,0,1572402420000
6157630304,-军神炒股微博,:发布了头条文章：《刚开心，就下冰雹！》  刚开心，就下冰雹！ ,0,0,0,1572399840000
,青岛车管,:#网上车管所服务连心桥# 【文明驾驶安全出行】机动车上道路行驶，不得超过限速标志标明的最高时速。在没有限速标志的路段，应当保持安全车速。夜间行驶或者在容易发生危险的路段行驶，以及遇有沙尘、冰雹、雨、雪、雾、结冰等气象条件时，应当降低行驶速度。 ,0,0,0,1572399660000
3956678985,神仙的衣兜,:冰雹砸了棉花棵尽光棍；全是光棍 ,0,0,0,1572399120000
3635204342,瀨戶靜香,:#寸草安心# 市场弱势尽显，跟随美股大幅低开，依靠亲儿子证券股、银行股狂拉硬拽，无奈没跟风盘！创业板盘中急跌超3%，大家逢低布局吧，别怕别慌，不然出个利好你就可能踏空！大家现在就想一人独享16亿美元，然后加仓猛干！醒醒吧，天上只会下雨下冰雹，不会掉馅饼！ ,0,0,0,1572398460000
5980774361,军神炒股,:发布了头条文章：《刚开心，就下冰雹！》  刚开心，就下冰雹！ ,14,0,0,1572397920000
2745588433,summer花魅,:一切不该原谅的都原谅了，黑夜给了你一双黑色的眼睛；天上掉下的不是冰雹…… ,0,0,0,1572397440000
,PurplesuckeR,:《哈哈台地區的街訪》大同區番外篇 冰雹叔美國故事！  PurplesuckeR的微博视频 ,1,0,0,1572396900000
3211404581,悉尼Kevin验,:今日验车：2011年Holden Cruze 1.4T，10万5千公里，整体评分🌟🌟🌟车身：无大碰撞，左侧裙、右侧裙均有刮碰，左前包围有刮碰。无冰雹伤害迹象。发动机：机油少许渗漏，刹车液建议下次保养的时候更换。电池🔋寿命正常，需多开提高蓄电能力。皮带正常，各部件均无异常。地盘：避震良好，刹车片前80%，后70%，轮胎前后均为80%。行车电脑：少量故障码，不影响正常行驶。行车测试：手刹正常，刹车无异响，尾气正常，转向正常。 http://t.cn/RBNdCid,0,0,0,1572394860000
6205957794,独自凭栏的混账,:#王俊凯[超话]#[奥特曼]#2019王俊凯无边界演唱会# ,12,4,26,1572393900000
6291960147,老老老老老老南瓜,:希望今天中午下雨下雪下冰雹 我太娇弱了我不能跑八百 衡阳 ,0,0,1,1572390600000
,晏时会,:冰雹砸了棉花棵尽光棍；全是光棍 ,0,0,0,1572385440000
,xun_栒k,:冰雹砸了棉花棵尽光棍；全是光棍 ,0,0,0,1572384960000
1400349542,七宝额娘,:傍晚出学校，霞光万丈，路程过半开始下雨，等快到宿舍，竟然下起了冰雹，一个冰晶砸我眼睛里，疼的没法睁眼，独眼在路上狂奔，好狼狈。 ,0,0,1,1572382920000
7094077923,贾淡妆素眸简,:多或少的几段恋爱，爱的次数多了，人也就更自私了何天恩的微博视频 ,0,0,0,1572382620000
,闻眉瑞,:冰雹砸了棉花棵尽光棍；全是光棍 ,0,0,0,1572378480000
,浪癌晚期讠,:冰雹砸了棉花棵尽光棍；全是光棍 ,0,0,0,1572375000000
,sharon柔懿,:【雪】snowfall降雪blizzard暴风雪snowpack雪场sleet雨夹雪snowdrift雪堆snowball雪球snowman雪人snowflake雪花melt融化avalanche雪崩snowstorm雪暴hail冰雹snowblindness雪盲症snowboo,0,0,1,1572371520000
1056407642,小鹅过桥,:还等什么、生活往往是这样；你为自己争取一下。把希望留给时间……然后：而原地不动：你也只有等待冰雹击穿你的份儿了：马上就去做你最想做的那件事儿、也许前方就是风雨之后见的彩虹,0,0,0,1572367740000
5118308250,粉象生活永玲,:盐源下冰雹了，#粉象生活# 希望一切安好，安全第一，出门在外的一定要注意安全！#少年的你哪个瞬间让你落泪# 粉象生活永玲的微博视频 ,0,0,0,1572366420000
6207734842,胡椒二丫头,:大雨带冰雹 用户6207734842的微博视频 ,1,0,0,1572363300000
5627907781,远在远方BZ,:今天告诉wb同学茶颜悦色下雨天第二杯半价他一脸认真:那下雪天呢？我:下冰雹的时候全场免费想喝多少喝多少,2,0,2,1572363300000
1955336473,银月霜雪yf,#南方的冷有多恐怖#南方的冷究竟有多恐怖？魔法伤害 自带穿透，心疼南方的小伙伴,0,0,0,1572362640000
6198612520,戏子526736,:晚安，夏东海、小雪、小雨、下冰雹。 渭南·渭南师范学院 ,2,0,2,1572362640000
2818270194,花椒甜椒朝天椒,刘星“骚话”合集，点击收获长达11分钟最纯粹的快乐！（cr:阿锥_s） 微博电影工厂的秒拍视频 ,1,0,0,1572361980000
7298653021,用户帝女河雅曼罗蒂,:《蒙古气旋现身我国北方，诱生强飑线横扫辽宁！局地出现雷暴冰雹》不少网友表示，在短短几十分钟内天空转黑，并且出现雷雨大风，甚至有辽宁盘锦的网友表示，当地还出现了冰雹天气，在这个季节其实是比较厉害的强对流天气了。http://t.cn/Ai1TS2xW ,0,0,0,1572358800000
7298653021,用户帝女河雅曼罗蒂,:《蒙古气旋现身我国北方，诱生强飑线横扫辽宁！局地出现雷暴冰雹》不少网友表示，在短短几十分钟内天空转黑，并且出现雷雨大风，甚至有辽宁盘锦的网友表示，当地还出现了冰雹天气，在这个季节其实是比较厉害的强对流天气了。http://t.cn/Ai1TSwYG ,0,0,0,1572358800000
,七夜降临,:冰雹砸了棉花棵尽光棍；全是光棍 ,0,0,0,1572358800000
,斜阳望江在新西兰,:#新西兰的点滴# 达尼丁前一秒还是晴天，然后马上乌云密布，接着竟然下冰雹了！最后又出太阳了！一天四季，名不虚传！ 新西兰·但尼丁 斜阳望江在新西兰的微博视频 ,4,0,4,1572358200000
,xun_栒k,:冰雹砸了棉花棵尽光棍；全是光棍 ,0,0,0,1572355560000
5674077859,柠檬的自律随记,:欧洲的天气让人琢磨不透，突然就开始下冰雹了。 白俄罗斯·明斯克 ,0,0,0,1572354060000
5585021077,蓝胖纸爱吃火锅,:就差那么几秒钟我就追上了，而师傅却选择对可爱的我视而不见🐢 生活不止对我下手，他已经对我下冰雹了 ,0,0,0,1572354060000
,你很丑对不对,:今年车被砸了两次，第一次北京下冰雹。第二次北京刮大风。,0,0,0,1572353880000
3461999682,喔牛奶不加糖,:总会有人在你自洋得意的时候站出来狠狠的给你一巴掌，击碎你表面的虚荣和浮夸，击碎你雾里看花的假面，击碎你自认为的努力和成功。他们让你知道，你其实是个连走路都会摇摇晃晃还站不稳就想奔跑的小屁孩！你在舒适的环境中呆的时间太长，你都忘记了努力奋斗的意义。很多事情的发生是有其背后的潜在深意的，为什么不去弄明白这些能影响你的工作和成长的事情呢？你总是太容易被自己感动，被自己蒙蔽。你是该多走出去看看外面的世界，感受外界的风雨和冰雹，让自己时刻保持清醒。你更该多思考你现在所处的生活，不要只一味的埋头往前走，而不停下来思考你为什么要往前走。,3,0,1,1572353580000
3505185883,BlueBlue的小啊熊,:#安徽江西多地旱情#江西的旱情差不多3个多月了，这几个月加上人工降雨一起可能下过3场？还都是小雨。。。田里干井里干，今年江西的桔子不甜，脐橙估计也不甜，果农要发愁了。上半年有严重洪涝，发10多级大风下冰雹，下半年有严重干旱，今年自然环境真的很恶劣 ,6,0,0,1572353280000
3237231570,油菜花花与月亮,:天气下着冰雹，从小城市南面走到最北面，砸的眼睛都睁不开 临沂 ,1,0,0,1572353220000
1954868235,嘟嘟嘟嘟嘟多喝热水,#超新星全运会[超话]# [加油][加油] #超新星全运会#【❗️开博抽奖-送福利❗️】转发评论本条微博并艾特一位好友＋关注@ICONZOO  赠送一张面值1280超新星全运会决赛门票，日期随你选，10月29日今晚21:00准时开奖，各位小仙女想去现场为哪位小哥哥小姐姐加油呐喊呢？@微博抽奖平台参赛嘉宾：张颜齐 何洛洛 赵磊 陈宥维 李振宁 段奥娟 徐梦洁 许佳琪 sunnee杨芸晴 李汶翰 木子洋 夏之光 冯薪朵 胡春杨 灵超 胡春杨 yamy 斯外戈 周震南 管栎 张紫宁 任豪 施展 赖美云 赵让 吴宣仪 陆思恒 姚琛 孟美岐 杨超越 ... http://t.cn/Ai1jmRuA,0,0,0,1572351300000
,一尺诗笺,:马尼拉湾日落✅野生路线，野狗狂吠彩窗教堂✅刚结束婚礼，玫瑰花瓣铺满地80迈山路摩托✅租摩托车700Php，车速太快风雨砸在脸上像冰雹，汽油尾气刺鼻，晚上回来完全是一张黑脸外国朋友上海游预定✅非常喜欢上海的酒店房客歪果银，带我们跳岛，帮我们拍video跳岛✅恐高症患者挑战跳岛，自由落体爽！2处瀑布跳了2次巧克力山✅像是大型墓园追萤火虫✅包车船3600Php，在河畔晚饭喝酒山顶面海别墅✅别墅推窗即日落，伯爵日出日落别墅名不虚传无边泳池✅延时自拍巴里卡萨大断层潜水✅包车船4000Php含小费，海底生物比马来西亚潜水时物种密集丰富，海水太咸，被珊瑚扎了N次海上日落✅光速晒黑了3个度，拥有隐形泳衣buff看星星✅肉眼看星，对照星图认全所有星座 http://t.cn/EJ6o939,6,0,0,1572349920000
6508091400,风一样的进哥哥,:凉山州气象台10月29日19时07分发布西昌市雷电黄色预警信号：预计西昌市未来6小时内将有雷电活动，可能会造成雷电灾害，雷电活动时局地可能伴有短时强降雨、短时阵性大风、冰雹等强对流天气，请注意防范。（凉山州气象局） 风一样的进哥哥的微博视频 ,0,0,0,1572349560000
7262770896,朔方风雨,:#强对流天气灾害防御建议#3.注意防范雷暴大风可能造成棚舍和广告牌等搭建物的倒塌以及对高空作业、水域作业和航行的影响；4.注意防范冰雹可能对农作物和农业设施造成的影响。『天气预报 >> 强对流天气预报 >> 强天气落区』http://t.cn/Rc146vz ,0,0,0,1572345840000
,华君小窝r,:冰雹砸了棉花棵尽光棍；全是光棍 ,0,0,0,1572343260000
2196773711,当le当是睡不醒小姐,〈(⃔ *`꒳´ * )⃕↝ 对于处理自己的坏情绪 这位鹅提供的方法大家都可以试试看！！〉 文中重点提到的方法就是：写成功日记。除了对抗负面情绪外也能不断地给到自己自信！“人的情绪不好的时候要多看看眼前的平凡事情。”还蛮赞同这句话的，把生活中微不足道的细微让自己开心的小事都好好的记录下来 “当你朝着积极的目标去思考的时候，就不会心生恐惧”。,0,0,0,1572342180000
2005204517,Oofaye_,:礼拜六下冰雹 今天30度,1,0,7,1572341940000
2996679347,樱桃小凡子咩咩咩,#李光洙金钟国憋笑挑战#这段真的要笑疯了哈哈哈哈,0,0,0,1572341700000
5605392643,今年我必瘦,#吃货在这里##不可辜负的美食#99美元的冰淇淋，下冰雹吃起都香，看到制作过程我后悔了！ 全球美食趣事的微博视频 ,0,0,0,1572341520000
6905028563,一只全糖girl,:跳跳糖是嘴里面下的小冰雹❄️ ,2,0,1,1572341220000
,不退潮盗,:冰雹砸了棉花棵尽光棍；全是光棍 ,0,0,0,1572341040000
,中国气象数据网,:西南地区等地将有雷暴天气一、云南局地出现短时强降水天气10月29日08时至14时，广东等地出现雷暴天气，四川、贵州、湖南、云南等地的局部地区出现短时强降水。二、西南地区等地将有雷暴天气预计10月29日20时至30日20时，四川南部、云南西部、海南等地将有雷暴天气。强对流天气：目前是指伴随雷暴现象的对流性大风（≥17.2m/s）、冰雹、短时强降水#小据天气播报# #北方人被南方室友调侃怕冷#,2,1,1,1572340800000
,中国科普博览,:【高炮、火箭、飞机……都能呼风唤雨！,14,4,4,1572339840000
5969505489,阿甜真的超甜吖,:忽然间想起了姥爷，真的好想他。记得上一次写关于他的文字还是高二，还记得那是一篇札记，我记得当时是哭着写完的。我都没有见到他最后一面，连他的葬礼都没有参加，还记得他临走的前几天出现在我的梦里，笑着对我说让我帮他找个墓地，醒来后我还觉得这个梦很莫名其妙，也没有和任何人说，可就在几天后的周五放学，我才得知姥爷去世了，正在办葬礼，那天天气出奇的冷，下着冰雹，我被亲戚接回奶奶家。我记得我之前一直不是特别喜欢他，每次去他家我都会因为电视和他吵起来，其实他真的很疼我，每次去他家他都会把最好的东西留给我，但当时的我并没有对他特别好，我那时候可能不理解他对我的爱吧，还经常气他，其实他只是一个不善言辞的老头，他只是想逗我开心，虽然他不会表达，但是他真的真的很疼我，可当我真正明白这些的时候，他已经离开了我。妈妈是他最小的孩子，他很疼爱妈妈，爱屋及乌，他也真的很疼爱我。他一直被我埋在心底最深处，很少被我提起，但并不代表我不想他。好想寒假回去见他一次，和他说说话，告诉他我会好好爱妈妈，好好爱姥姥，我回家一定多抽出时间去看姥姥，一定照顾好妈妈。希望他在天堂安好，能够天天开心，总有一天我回去天堂见您的！,0,0,0,1572338520000
6605403325,定格这一时刻,:#冰岛#无人机下的冰岛，无论是瀑布、海滩、残骸、冰河还是妖风、暴雪、冰雹、极光这些奇特的自然风景就是独一无二的冰岛style你如果看厌了人潮，想体验什么是人烟稀少，感受一路没有人没有车只有你和大自然安安静静地看风景，那么你也会喜欢它，荒凉又美好、遗世而独立的冰岛。美丽瞬间定格。 http://t.cn/Ai1jXovS,0,0,0,1572337260000
5662004600,nachdenSternengreifen,去年冬天拍的，林间、落雪、东部鸣角鸮。倾听自然的声音,0,0,0,1572335880000
6425230488,喃喃自语的黄瓜,:中秋前后是北平最美丽的时候。天气正好不冷不热，昼夜的长短也划分得平匀。没有冬季从蒙古吹来的黄风，也没有伏天里挟着冰雹的暴雨。天是那么高，那么蓝，那么亮，好象是含着笑告诉北平的人们：在这些天里，大自然是不会给你们什么威胁与损害的。西山北山的蓝色都加深了一些，每天傍晚还披上各色的霞帔。,0,0,1,1572335400000
5714585950,追梦人-磊,:奇哥：分享一个普通人价值投资成功的故事2019-10-28天我在网上看到一些网友总结的自己炒股比较痛苦的时期，其中一个总结我印象很深。这位哥们本来是国企领导，后来辞职卖房创业，生意艰难，帝都房价飞涨N倍，家人整天磨叨，创业几年后发现利润率极低，生意越来越难做，黑暗中偶然读到了巴菲特的书，犹如一道光射进来。既然自己做生意这么难，利润率，净资产收益率那么低，为啥不去投资更赚钱的上市公司呢？不都是做生意么。自己做生意还要操心呢，把钱投给上市公司，让这些精英去做生意，自己躺着吃分红不就行了么？这哥们大概花了几分钟就接受了价值投资的理念。于是，他在2010年初清理掉公司，开始职业投资，苦心钻研财报和公司基本面，最终选了茅台和万科这两个特别赚钱的公司。结果风里来雨里去，每天起早贪黑的钻研，耕耘，种地，连续3年，地里终于长出了一颗颗幼苗，然后第4年灾害来了冰雹，农夫心理只剩下一样东西，苦涩的坚持。2013年，市场疯炒题材股，创业板，万科，茅台连续下跌13个月。这哥们经常后半夜2点醒了，因为感觉胸口有一块巨石。市场可以残忍到这个程度。但最终他还是选择了相信价值投资，相信能赚钱的公司，股票一定会涨，最终坚持到现在翻了很多倍。因为他用生意的方式思考投资，自己做生意也是做，不如把钱投给更赚钱的公司，躺着享受收益不是更好。在今天这样的日子里，把这个故事送给大家，希望能有所启示吧，即使只能帮到几个人醒悟，那也是值得的。,3,0,0,1572334740000
2625308432,七兆降临,:雨雪冰雹，风云阴晴。仿佛一日之内历经一生。看夕阳灿烂，白云蓝天，愿今夜也有一副望之安心的璀璨星空。——致所有看到的人 冬安 ,0,0,0,1572334140000
1031207711,闲言闲语话冰霜,:#秋色##枫叶红了# 昨天的又一场秋雨比预报要大得多，更兼有一阵如玉米粒儿般的冰雹不期而至。雨后冷湿侵寒肌肤，让人心生颤粟。今晨来府前大街街心公园的路上，就寻思着枫树落叶知多少？萧瑟冷风中的景象让人感到几许寂寥。尽管秋雨吹落了好多枯叶，有些枫树依然坚挺、叶色愈美！ 盘锦·府前街心公园 ,2,0,0,1572333240000
,胡清洋_Leo,:今年5月26号，从广州飞北京的南航的A380碰上了冰雹，驾驶舱玻璃被砸成了这个鬼样子，机长赶紧从一万一仟米降到五千一百米，继续飞完了最后的90分钟，给力！ ,6,0,2,1572332820000
7122333140,折竹剑意,由《好奇心日报》读者票选出的几个看吐了的金句：雪崩时没有一片雪花是无辜的；生而为人我很抱歉；地狱空荡荡魔鬼在人间；这可能就是爱情的样子；人类的悲欢并不相通；哪有什么岁月静好不过是有人负重前行；等等等等。 ,0,0,0,1572332700000
,青春川农,:#四川农业大学[超话]##是投稿呀# 昨天暖暖的太阳延续到了今天❤️ 欢迎川农er下方评论晒出你的随手拍哦⬇️@西瓜吃冰雹cc ,12,2,1,1572332280000
,chuchu爱喝乌龙玛奇朵,#大学做过最冲动的事# 就是那种现在想起来还是觉得很牛逼的,1,0,0,1572330900000
3221894027,ly9149,:今年3月29日，在叙利亚不知情的情况，美国单方面承认属于以色列。叙利亚驻联合国代表巴沙尔·贾法里据理力争，怒斥美英法等国的强盗行为，可是大会上的唇枪舌战的胜利依然阻止不了战争的爆发。半个月后的14日的凌晨，美英法三国的110枚战斧导弹就像冰雹一般砸向叙利亚。“弱国无外交”，即使呼吁和平、倡导规则，面临的也是被置若罔闻的窘境。唯有强大才有被重视的资格，否则无论在世界哪个角落，都会发现那里的坏人特别多。,0,0,0,1572328740000
,悦怡姐姐,上海北京的老佛爷真的啥都没有，最后的命运大概跟10 corso como差不多，死撑、死撑、死撑，然后倒掉，营业员全部变代购,5,0,2,1572328740000
,LH的大衣在哪里,去年冬天拍的，林间、落雪、东部鸣角鸮。倾听自然的声音,0,0,0,1572328380000
7288568983,千囚谜森含蕾,:今天的总结如下，史上长假，片94007003子好烂，天气好冷，还有下冰雹啦。 ,0,0,0,1572328380000
5232583609,小王子的自我修养,:在麦迪逊的第一场冰雹中，我终于明白了困扰我一天的问题：为什么两个随机向量的协方差矩阵可以不对称？想出来的那一刹那，我很好奇我产生疑问的时候，是不是穿越回九月了,4,0,0,1572325980000
5610415378,SeekingWild觅迹自然,去年冬天拍的，林间、落雪、东部鸣角鸮。倾听自然的声音,15,3,1,1572325800000
6583214900,AQ柠萌兔,:一场暴雨冰雹过后的清新 ,1,0,0,1572324960000
5647332880,海贼迷超棒的,:名场面“我叫夏雪”“我叫夏雨”“我叫下冰雹”,1,0,0,1572324540000
5860161046,老G头上一撮毛,:学校食堂的速溶咖啡☕ 除了温度都很完美完美配合下冰雹的哈尔滨 ,1,0,0,1572324120000
6938643395,火山198007,:论自由谁不知天下走到哪里都有冰雹和雷雨。带着受伤的心走出来，至少能看到带有阳光的蓝天，使自己灵魂上的那点自由能够得到永恒。 ,0,0,0,1572323880000
6624634246,半时不眠,:《中国机长》10/1故事是我喜欢的题材，事故部分拍摄的很好，特别棒，很紧张狠抓人心，飞机从雪山上飞出来的瞬间超级感动。但是细节上也有不少小瑕疵，最后o豪都成那样了，机长竟然一脸干净，毫无经历过风霜的样子？穿云层的时候可是被冰雹砸过的啊。毕男从一开始就给我一种很有故事的感觉，但最后根本没有感情线？？？机长的几句内心独白，太刻意了就有点尬。事故后有点拖沓无聊，🐷亚文出来的时候那个表情，我还以为他要搞事情呢，但是啥都没有……还有机长的妻子，我看第一眼以为是陈数，结果声音出来不是她的原声，然后越看越不像，还以为是哪个女演员照着她整容了……她到底是不是陈数这个问题一直困扰我到最后，一看演员表，竟然真的是？？,0,0,0,1572323100000
2460451843,五五君WUWUJUN,:之前有一次在家烤蛋糕 家里的鸡蛋时间有些长了 我预感自己无法做到蛋清蛋黄分离 我就让我对象干这个不讨好的活 果然 他打得不行起不了泡 被我心焦了一顿 那天下着冰雹 他被我骂得一边哭一边跑超市给我买鸡蛋 后来证明是鸡蛋不行 哈哈我真的是挺讨厌的 ,1,0,13,1572322200000
,1st_lieutenantmuaWenXin,刘星“骚话”合集，点击收获长达11分钟最纯粹的快乐！（cr:阿锥_s） 微博电影工厂的秒拍视频 ,1,0,1,1572320880000
6757154253,驻马店吉利,:你知道雨天到底是开双闪还是开雾灯呢雨中行车的问题也伴随而来，但是我们经常看到很多车大雨天不开灯，或者知道要开灯了，却只开大灯、甚至双闪灯，就是不知道要开雾灯的，那么雨天到底是开双闪还是开雾灯呢？双闪全名是危险报警闪光灯，它的作用就是提醒其他车辆与行人注意本车发生了特殊情况的信号灯。双闪作为汽车紧张的信号灯之一， 准确利用的话，可以起到提示其他车辆同时降低危险的作用。正因为它的作用很重要，所以在我国对这“双闪”有着比较严格的规定，而且还会用扣分作为惩罚手段。前雾灯的作用并不是照明，而是提供一个高亮度的散射光源，这个光源的强度是为了穿透浓雾，起到提醒对面驾驶员的作用，虽然能够照亮一小块地方，但是如果不在正常情况使用，足够将对面驾驶员的眼睛搞得眼花缭乱。后雾灯的作用就是在雾、雪、雨或尘埃弥漫等能见度较低的环境中让车辆后面的汽车驾驶员易于发现自己的汽车哪些情况下才可以开双闪呢？在道路上临时停车时。在道路上发生故障或者发生交通事故。牵引故障机动车时，牵引车和被牵引车均应当开启危险报警闪光灯。在高速公路上行驶，遇有雾、雨、雪、沙尘、冰雹等低能见度气象条件，能见度小于100米时。组成交通部门允许的车队时。雨天行车不开灯会直接影响前车对后方情况的判断，因为雨天不论是车外还是车里都是模糊一片，即难以判断后车的位置、距离和速度。若前车在情况未明时变线或转向，很有可能酿成追尾碰撞事故。1. 雨量较小应使用示宽灯下雨时，我们应根据雨量大小来判断开什么灯，如果开始雨量比较小时，天色比较阴暗，这时开示廓灯是最好的。2. 雨量较大时开前大灯或前雾灯雨比较大时，可能会形成水雾，在车内看前车有种朦胧感，这时只需开大灯或者前雾灯，这样也不会晃到前车。3. 大暴雨时就开雾灯当你已经看不清前车的时候，这时候才开启后雾灯，因为我们红色的尾灯本身就有非常好的穿透力，一般的大雨都阻挡不了它的光线，后雾灯的亮度非常高，是用来穿透浓雾的，在一般的雨天使用反而容易晃到后车，如果后车司机的视线受影响，那么我们自己的安全也就无从保障了。很多人也认为开双闪很危险，因为开了双闪行车时后车很难判断你的动态意图，其实不必担心，现在有部分车型在开启双闪后，只要一使用转向灯就会切回转向灯。也就是说双闪和转向一起使用的话，转向灯是优先的，只是很多车型没有这个功能。所以当遇到雨雾天时，是否使用双闪灯还是要视情况而定，最好是开启雾灯。两点误区1. 雾灯的亮度比双闪高，而很多人则认为雨雾天开双闪，闪烁起来更容易提醒其他车辆，其实还不如雾灯。2. 必须开双闪的道路是高速，而不是国道和城市道路，所以不是所有道路都必须使用双闪。以后再遇到雨雾天气，要正确使用车灯，避免吃罚单哦~,0,0,0,1572317880000
3846242956,Easy_to_love_flory5,:冰雹砸了棉花棵尽光棍；全是光棍 ,0,0,0,1572315900000
,cheeeergzlo,:下雨下雨下雨下雪下雪下雪下冰雹下冰雹下冰雹 ,1,0,0,1572315180000
5670541830,用户5670541830,:#情感语录[超话]#务必要把握自己的心态，不要过于执著，否则后果不堪设想。我们藏地有一种说法是：“夏天特别热的时候，马上会下冰雹；两个人关系特别好的时候，很快会出现纷争。” ,3,0,1,1572314700000
7262770896,朔方风雨,:#强对流天气灾害防御建议#3.注意防范雷暴大风可能造成棚舍和广告牌等搭建物的倒塌以及对高空作业、水域作业和航行的影响；4.注意防范冰雹可能对农作物和农业设施造成的影响。『天气预报 >> 强对流天气预报 >> 强天气落区』http://t.cn/Rc146vz ,0,0,0,1572314460000
1169506594,竹小地,:尼采与王尔德喜欢拿牙医和女性以及真理说事儿，两个大神级的人物在同一年去世，他们的思想如此相通，他们认识彼此吗？我想至少听说过彼此吧。尼采谈论唯美主义时，脑海里有王尔德吗？偶像的黄昏 阅读它的体验如经历一场冰雹。有力，印象深刻，身心都疼。 ,0,0,2,1572312780000
6452951819,大莹传递正能量,:我正在爱奇艺看三个孩子介绍自己，我叫夏雪，我叫夏雨，刘星：我叫下冰雹！，快来 @爱奇艺 一起看！三个孩子介绍自己，我叫夏雪，我叫夏雨，刘星：我叫下冰雹！ ,0,0,0,1572311760000
6697676219,嘀嘀修车-wwg,:【黄金48小时 冰雹砸坏爱车应尽快报保险】端午佳节之际，冰雹也不甘寂寞地让北京的天来了个一波三折。一天连续两场樱桃般大小的冰雹也让不少车辆受到了不同程度的损坏。对于这种天气原因造成的车辆受损我们车主应该怎么办呢？ ,0,0,0,1572311700000
3720843050,as冯思洋,:#少年的你# 这小段是从稻城去香格里拉的路上拍的。  天气非常多变  前一段还是明媚艳阳天 忽然就变脸成鹅毛大雪天（不 那个不像是下鹅毛大雪  倒像是下大鹅）随即又是冰雹  穿梭在雪山间不亦乐乎。 as冯思洋的微博视频 ,6,1,0,1572311700000
5636647562,朱一龙的Carolyn小姐,:#给朱一龙最强应援[超话]# 一大早，下雨下雪下冰雹，但是再恶劣的天气，有你依然是欣喜的一天，最爱的朱一龙先生@朱一龙  盼捞 有🔗必回 ,0,0,14,1572309540000
3316912563,韵声四海,:冰雹:雷公欢乐放鞭炮，电光闪闪天庭啸、腾云驾雾滚冰球、撒下元宵遍地跑、搅的人间不安宁、大地禾苗泪涛涛、泪撒江河波浪起、雷公推责风婆搞。 ,0,0,0,1572309420000
6297685424,炎_小神,:最爱喝的桂花藕粉椰奶？叫啥名字来的,0,0,0,1572309180000
,zyzy梓瑜呀,:是雪还是小冰雹 ,5,0,5,1572308940000
7274339612,xuehedexifu,:这是一个懦怯的世界     现代 · 徐志摩这是一个懦怯的世界，容不得恋爱，容不得恋爱！披散你的满头发，赤露你的一双脚；跟着我来，我的恋爱！抛弃这个世界殉我们的恋爱！我拉着你的手，爱，你跟着我走；听凭荆棘把我们的脚心剌透，听凭冰雹劈破我们的头，你跟着我走，我拉着你的手，逃出了牢笼，恢复我们的自由！跟着我来，我的恋爱！人间已经掉落在我们的后背，——看呀，这不是白茫茫的大海？白茫茫的大海，白茫茫的大海，无边的自由，我与你与恋爱！顺着我的指头看，那天边一小星的蓝——那是一座岛，岛上有青草，鲜花，美丽的走兽与飞鸟；快上这轻快的天庭——恋爱，欢欣，自由——辞别了人间，永远！#早安[超话]##徐志摩[超话]##徐志摩##爱情[超话]#,0,0,0,1572308100000
,养基场的爱丽丝,冰雹，就像是大珠小珠落玉盘，娉娉婷婷，直让人——头痛欲裂。你问究竟冰雹的“杀伤力”有多大？看完下面的分析，你会觉得自己：对自然的力量，一无所知。冰雹上头条了||你对自然的力量，一无所知 #早安# ,0,0,0,1572307440000
2625308432,七兆降临,:出门的时候是细雨，等车的时候是冰雹，下车的时候是小雪。一个小时感受了水的三相，最后在我到医院落脚的时候停了。就单纯淋了我一路→_→ ,0,0,0,1572307380000
6868031192,小枫流呀,:出门再完也要买早餐😀今日份天气～小小的冰雹～像雨又像雪好心情get.,0,0,0,1572307200000
,故园湾里,冰雹，就像是大珠小珠落玉盘，娉娉婷婷，直让人——头痛欲裂。你问究竟冰雹的“杀伤力”有多大？看完下面的分析，你会觉得自己：对自然的力量，一无所知。冰雹上头条了||你对自然的力量，一无所知 #早安# ,0,1,0,1572306840000
5524520085,QjjjjjjjC,:下的不是雪，是冰雹，打在脸上疼得那种 哈尔滨·哈尔滨医科大学附属第二医院 ,1,0,0,1572305520000
,中科院之声,:冰雹，就像是大珠小珠落玉盘，娉娉婷婷，直让人——头痛欲裂。你问究竟冰雹的“杀伤力”有多大？看完下面的分析，你会觉得自己：对自然的力量，一无所知。冰雹上头条了||你对自然的力量，一无所知 #早安# ,49,7,6,1572305400000
3865612226,花理吉祥,:昨天的天气很特别，冰雹 ,0,0,0,1572304920000
2113226291,超级无敌小东雨,:#4000只鸭子被冰雹砸死##江西上饶突降冰雹# 天气温差太大 江西上饶为何会突降冰雹？你所在地区天气有出现反常吗？ ,2,0,0,1572304020000
,那亇秋天,:10月28日中午，鞍山市海城市下了冰雹 那亇秋天的微博视频 ,1,0,0,1572303720000
2078892485,AMY李淼,:#带着微博去稻城亚丁# 这次稻城之行，自由行拼车拼了一枚来自河南的妹子和一枚来自内蒙古的妹子。今天上午再进景区玩一会儿，中午返程，把来时的路再走一遍,0,0,0,1572298860000
3937264072,暖菲cQ,:冰雹砸了棉花棵尽光棍；全是光棍 ,0,0,0,1572296340000
,Lucky_Lamw,:冰雹砸了棉花棵尽光棍；全是光棍 ,0,0,0,1572295740000
5878538797,半年之约5878538797,:【为什么加拿大冰酒比较昂贵?】1、生产风险：必须在冬天采摘葡萄，且此期间葡萄极易因强风，冰雹，腐烂和鸟兽偷食受到损失。2、冰酒制作过程艰辛：人工采摘必须在零下8度的夜间或凌晨，确保葡萄在冻硬状态下被摘采并压榨。信息。、其产量低：一般需3.5kg的雷司令或3kg的维达尔葡萄才能够产一瓶375ml的冰酒。,0,0,0,1572294900000
3906230383,littleegg脉,:冰雹砸了棉花棵尽光棍；全是光棍 ,0,0,0,1572293640000
7083125242,小格格_200810,:这大冰雹，这地！#记录世界 记录你# 辽C_汽车技术交流的快手视频 ,0,0,0,1572286260000
6905234426,怂火火,:主持人：用你的名字造个句🌸🌸：天上下冰雹化成雨 ,0,0,0,1572283320000
,tjahz018,:冰雹砸了棉花棵尽光棍；全是光棍 ,0,0,0,1572280980000
1525827834,魂忘川-小客,【#西藏航空风挡裂纹备降贵阳#照片曝光 故障原因正在排查】27日，西藏航空TV9822三亚—成都航班，驾驶舱右前风挡玻璃出现裂纹备降贵阳。@红星新闻 从民航业内部人士处获得了涉事航班风挡玻璃的照片。目前故障原因仍在排查中。#飞机风挡玻璃出现裂纹备降# ,0,0,0,1572278340000
5452424782,陈锴的俏皮大老婆,女生说句潜台词，男生来猜原意并回复_______________________________ ,0,0,2,1572278220000
,禧修徦麵Edc,:冰雹砸了棉花棵尽光棍；全是光棍 ,0,0,0,1572277260000
2937709505,经典军事分享,:喀秋莎的亲戚龙卷风冰雹一起炮轰，然后坦克直升机一起进攻。现在俄罗斯军改后军队战斗力在叙利亚战场上已经体现出来 经典军事分享的微博视频 ,2,2,0,1572276840000
6181141267,橙子呕嘿,:大家好，我叫下雨下雪下冰雹#橙子呕嘿# 橙子呕嘿的微博视频 ,4,0,0,1572275100000
6730068048,___Alone41787,:#蛙糖绿色地球全球保卫行动[超话]##蛙糖绿色地球全球保卫行动[超话]##日行一环保# 我是来自长治学院的绿色地球志愿者，今天打卡第52天，缺勤三天 今天绿色出行 @蛙糖官微 @联合国环境规划署 @绿色地球志愿者联盟 @中国绿发会 今日读书:《狼道》今日读书时长:30分钟累计读书时长:1340分钟今日读书感悟：1. 天上只会掉冰雹，不会掉馅饼。毫不费力就到嘴的食物，不是毒药就是诱饵。2.什么是机会？机会不仅仅是自动撞上树桩的兔子，当然我们承认世界上有天上掉馅饼的事情存在，但是这样的机会毕竟微乎其微。义务教育阶段机会是时间，是知识，是勇气，甚至是失败和痛苦，机会的本质在于不断进取。一个没有进取心的人，永远不会得到成功的机会。3.狼之所以成为狼，拥有智慧是至关重要的。能知道，只有拥有深刻的思想和不凡的智慧，处事才能得心应手；否则就会成为没有自己思想而盲目劳作，盲目顺从的奴仆。可以说，狼是动物中拥有极高智慧的动物，它们是典型的“靠脑子吃饭的人”。,0,0,0,1572274560000
6370931918,微笑angelos,:#蛙糖绿色地球全球保卫行动[超话]##日行一环保# 我是来自山西师范大学的绿色地球志愿者 今天绿色出行 @蛙糖官微 @联合国环境规划署 @绿色地球志愿者联盟 @中国绿发会 今日读书:《狼道》今日读书时长:36分钟累计读书时长:2162分钟今日读书感悟：1. 天上只会掉冰雹，不会掉馅饼。毫不费力就到嘴的食物，不是毒药就是诱饵。2.什么是机会？机会不仅仅是自动撞上树桩的兔子，当然我们承认世界上有天上掉馅饼的事情存在，但是这样的机会毕竟微乎其微。义务教育阶段机会是时间，是知识，是勇气，甚至是失败和痛苦，机会的本质在于不断进取。一个没有进取心的人，永远不会得到成功的机会。3.狼之所以成为狼，拥有智慧是至关重要的。能知道，只有拥有深刻的思想和不凡的智慧，处事才能得心应手；否则就会成为没有自己思想而盲目劳作，盲目顺从的奴仆。可以说，狼是动物中拥有极高智慧的动物，它们是典型的“靠脑子吃饭的人”。,0,0,0,1572274500000
5052290628,限定月球ww,:今日⛈️今早刚从食堂出来就下了大暴雨还有冰雹我非常淡定的拿着一杯红豆粥并且在雨中喝完了它距离回家还有7⃣️5⃣️晚安,7,0,0,1572273600000
,江南警哥,:查了不少资料才发现原来飞机风挡破裂在全球航空业内并不罕见，但风挡脱落就比较稀奇了，有两个真实的事件和川航事件一样都挺让人震撼的。 第一起是1990年6月10日，英国航空公司BAC1-11 5390航班从伯明翰国际机场飞往西班牙马拉加，在英国牛津郡迪德科特上空飞机机头左边的风档玻璃破裂脱落了！机长直接被吸到窗外，挂在机身外面，只有两条腿还在驾驶室里，驾驶舱内的三名空服人员死死抱住他的双腿，连驾驶室门都被冲破，客舱里的各种杂物全被涌进驾驶室里，最终在副驾驶的操作下，飞机成功降落在英国南安普敦机场，机长兰开斯特竟然奇迹般生还，算得上是史诗级的迫降了（纪录片图1-3）。 第二起是2016年7月9日，南航由广州飞往成都的CZ3483航班在飞行途中遭遇冰雹袭击，驾驶舱风挡玻璃被完全砸花了，连前雷达罩都严重受损变成了麻子脸，最终飞机平安“盲降”在成都机场，除了飞行员过硬的心理素质和高超飞行技术，机场盲降系统也起到了关键作用（图4）。 对于机上所有紧急突发事件，民航机组一般都会有一套完整的应对程序，客舱机组每年也会模拟各种复杂的情况进行紧急处置考核。截至2018年，中国运输航空实现持续安全飞行100个月、6836万小时，创造了安全飞行的新纪录，并实现16年零8个月的空防安全零责任事故纪录。从公布的数据来看，飞机依然是安全系数最高的交通工具，也是人类最安全的出行方式。 #西藏航空风挡裂纹备降贵阳##中国机长#,123,26,24,1572273360000
2930498851,黄小翘royal,:湫意正浓之路继续🔛🍁2019.10.28  夜间温度12摄氏度，听说家里今天下冰雹了，家乡的冬天来啦，期待家乡白雪皑皑的冬天❄️Keep running 🏃♀️ Day 5🔥 昆明·大观楼 ,1,0,0,1572272700000
7056382971,Wo又见她,:外面无论是在打雷还是下雨，或者是下冰雹，我都不会好奇，因为外面实在是太冷了…… ,0,0,0,1572272400000
6487014885,布朗尼-骁sir,:NO.160天 / 5m7days早上乌云漫天 下起冰雹天气又冷了很多 北风凛冽结果理发行程泡汤也因为天气没能去姥爷那午觉醒后 极不情愿哭咧咧没完没了无奈只能在小区里转两圈回来喝奶又秒睡宝贝心眼越来越多不出去就一直哭穿好衣服 推开门 才算完看别人吃东西 想吃就吧唧嘴 眼睛盯着 伸手要姥姥晚上回来得晚宝贝太想姥姥看到姥姥开心极了哈哈哈 逗姥姥笑也开始讨好姥姥了哈,0,0,0,1572270540000
5062740142,-BXH最美,:今：大风大雨冰雹困困困 ,0,0,2,1572270360000
2116347881,问君意如何,#粉丝破百万，南方送红包#南方微博粉丝数破百万！为了感谢粉丝们的信任与支持，小南来给大家送福利啦~关注@南方基金，转发微博并@3位好友，我们将在11月3日抽取30位幸运儿，各送出100元话费红包！@微博抽奖平台  抽奖详情 ,0,0,0,1572270060000
5767744061,PK皇助,:2019年10月28日星期一小雨和冰雹！昨夜睡觉没有关窗户！听着风刮塑料布的声音那么大都没有想到，有点小冷也没有想到！冰雹像大粒盐一般我故意出去看看。早上家里打稻子了我家第一个打的，好像第一次是冠军。 ,0,0,0,1572269700000
6240212310,汐xixixixixixixi,:快半年了山顶上一会下冰雹一会下火的能不能给我个痛快一气儿把我烤熟,8,0,0,1572268920000
2729096334,福建气象,:用闪电劈材⚡️用太阳烧饭🌞用雪花炖一盅浓汤❄️用露水烧一锅米粥,7,1,4,1572268440000
5621825592,路东修,:早上这冰雹这大雨就是给我下的，磨磨蹭蹭穿这裤子穿那鞋的纠结半天，趁天晴的时候不痛快儿走，刚要出门就给我拍屋了,0,0,0,1572268140000
5311234054,查无-,:一出图书馆 一股羊肉烩面＋冰雹爽的味,0,0,0,1572267840000
,考研词霸,:hail  [heɪl][发音] http://t.cn/RqelySY n.冰雹；致敬；招呼；一阵vt.致敬；招呼；向...欢呼；猛发；使像下雹样落下（过去式hailed，过去分词hailed，现在分词hailing，第三人称单数hails）vi.招呼；下雹int.万岁；欢迎n.(Hail)人名；(阿拉伯、捷)海尔 http://t.cn/RIiqWiF ,0,0,0,1572267600000
,发际线已经够高了亲,:确定我有开车恐惧症无疑只要不让我开车刮风下雨下雪下冰雹让我骑小毛驴我都开心 ,0,0,0,1572266580000
6022439860,Moon的兔子,:一天中经历了大风、大雨、大雪、大雾、大冰雹、大闪电⚡️……🌙想你！,6,0,0,1572266460000
2632315261,皇家面包树,:果然天公不作美，去了就开始下雨。本着不能白来的❤坚持不坐观光车下去。结果走到半路就开始下大雨。还有冰雹！还好在半路买了雨披！有点关门山囧游得感觉,0,0,0,1572265800000
5086557815,窗棱的小酒瓶,:⏰马上要开始的进博会美善品新品发布会-TM6一发布后订单就像冰雹一样砸来第一批限量1万台的早鸟价早预定的这两个月即将陆续收到之后就要2020年后啦！#美食# ,0,0,0,1572265680000
5873813963,庆阳董志塬,#现场直播庆阳# 【汤圆大冰雹砸裂6万斤待售苹果，果农1元一斤甩卖】近日，甘肃庆阳，果农周志善家种植的15亩苹果园成熟，但有18万颗套袋苹果不幸被冰雹砸伤，果皮开裂。周志善说，他家有近6万斤苹果遭到不同程度受伤，为不影响口感，这些苹果急需尽快销售出去，本地购买只需1元1斤。http://t.cn/Ai3RWyql @庆阳那点事儿 @甘肃发布 @庆阳同城 @庆阳交警第二高速公路大队 @人人爱庆阳,0,0,0,1572265620000
,丽江洛洛,:#西藏航空tv9822风挡现裂纹# 【飞机风挡怎么啦？全球每周都有飞机风挡碎裂】10月27日19时许，西藏航空一架从三亚飞往成都的空客A330客机因风挡出现裂纹临时备降贵阳。航班动态显示，涉事飞机在事发后20分钟内从万米高空急降，最终安全降落在贵阳龙洞堡机场。10月28日，西藏航空客服证实此事并称，后续已安排补班航班TV982X，预计将在http://t.cn/Ai1Np8xn 。据业内人士介绍，风挡出现裂纹与风挡玻璃破裂有所不同，前者一般不影响飞行安全，统计显示在全球范围内平均每一到两周就会发生一次。飞机的风挡玻璃分为外层、中间层和内层，任何一层都具有承担飞机两倍最大压差的能力，只要中间或内层任何一层玻璃在，飞机都是安全的。其分析称，风挡玻璃破损一般有鸟击、冰雹等外来物撞击、玻璃老化、受潮、产品质量或安装问题、加温系统电弧等。 http://t.cn/Ryh9pgF,2,0,0,1572265560000
5930625234,辣么萌的小胖砸的麻麻,【洗头发的这些误区，你中招了吗？,0,0,0,1572264960000
5529681213,吴吴吴吴吴可耐,:兰州记忆,2,0,0,1572264780000
2785867330,-Luminita··,:冰雹🌧 ,0,0,1,1572262380000
7058260221,葳蕤飘摇,:#张云雷[超话]#晚秋，暴雨，冰雹，落叶🍂。冬未至，却已然秋尽🍂一场冰雹冷了一座城，你那里降温了吗？注意添加衣服，别在穿漏洞裤子，漏脚脖子出门，把外套的拉链拉上，注意保暖哦 。爱你[心],1,0,1,1572262320000
7305590767,彼方尚有荣光在_CHY,:晚饭间隙 与Ms.大冰雹包了近1h的电话粥我似乎也好久没有说过这么多话了呢感谢冰冰雹也感谢自己 Hasn’t lost ourselves电话中我又开始疯狂输出鸡汤(get from bilibili，thanks for all lovely ups)小雪同学似乎颇为受用能以己之力，予他人帮助，我很开心Come on！All my friends!We all deserve a promising future❤️!,0,0,2,1572262200000
7203568320,日常事bot,:东北辽宁今天下冰雹了，哇！好吓人！——木木 ,219,102,112,1572262080000
5314515231,言小乔不吃香菜,:十月份的辽宁下冰雹...... ,2,0,0,1572261600000
6405349029,不形象代言人,:澳大利亚女子用身体保护女儿免受冰雹袭击，自己却被冰雹砸得伤痕累累。澳大利亚昆士兰州布里斯班一名叫辛普森的女子因保护女儿免受冰雹袭击，得到许多人的赞扬。众人推荐她为勇敢奖提名人，将获得澳大利亚总理的接见。 ,13,1,2,1572261600000
6891569663,家桂妮,:星期一，2天没歇过来，单位发了两本书，抄笔记到手抽筋，心里下的冰雹，一天下来焦头烂额，想睡，睡到一个美好的世界。 ,0,0,0,1572261420000
1913072587,向日葵-----,:今天中午疾风暴雨夹冰雹。雨过天晴，银杏叶落了一地。 ,1,0,0,1572260940000
,落落_Autumn,:🌧✐.蓝月谷▪️牦牛坪✐.玉龙雪山在下冰雹 没有上去 #云南旅游##丽江##玉龙雪山##旅行##摄影# ,16,0,20,1572260340000
5244126956,老肖的坚果猫,:少年的你观后感——我终于可以正大光明的走在你身后了。易烊千玺演技真的不是说的，太棒了！还有周冬雨演技，我真的吹爆了他们两个！真的是今年特别不后悔去看的一个电影！泪点低，一直在哭……(啊啊啊啊啊啊啊啊我对不起我战，诛仙的时候，因为下雨没去看，后来又因为吻戏我没去看,2,0,0,1572260040000
5574856447,不要丢了最疼爱的人,:小冰雹子框框的砸啊！无情 东港市 不要丢了最疼爱的人的微博视频 ,0,0,0,1572259920000
3985428311,小巫兔shadow,:雷电冰雹 ,0,0,0,1572259680000
5608174186,小丸子_198004,:今天居然下冰雹了⛄☃️ 😱 😱 ,0,0,0,1572259560000
5833042783,哎呀呀呀呀呀呀HZ,:今天老周破天荒的主动给我打了个电话就为了告诉我，凤城下冰雹了嗯，这边还好～ ,2,0,2,1572259320000
5085358971,吃饭睡觉泡妞妞,:我好像很久没有吃过蓝色的雪糕了  外面那层脆壳是马车冰雹里薄荷味的  ,0,0,0,1572258900000
7262770896,朔方风雨,:#强对流天气灾害防御建议#3.注意防范雷暴大风可能造成棚舍和广告牌等搭建物的倒塌以及对高空作业、水域作业和航行的影响；4.注意防范冰雹可能对农作物和农业设施造成的影响。『天气预报 >> 强对流天气预报 >> 强天气落区』http://t.cn/Rc146vz ,0,0,0,1572258120000
2480147461,ZC水冰聪_,:#丹东ins美甲# 今天下冰雹了🌨那么大一颗🥴. 凤城市 ,0,0,0,1572257760000
5181415150,沉璧_Janine,:站在路口，感受下冰雹。#21天挑战计划# lx #21天发现小透明式美好# @美的生活小家电 @李现ing ,0,0,0,1572257160000
,通化老哥,:#通化记录# 网友投稿称：“老哥，您好，我家在厚德载物，刚才下雨打雷，我在家，看外面下冰雹，无意间看到了，一个雷击中了恒大左岸一个塔吊，都冒火星子了，太吓人了！给我也吓够呛！也不知道当时塔吊上有没有工作人员！我就是希望大家在雷雨天气，注意安全，特别是这种高空作业的工作人员们！” http://t.cn/R2WxCtB http://t.cn/Ai1Cncdh,34,0,1,1572256800000
7315558408,用户7315558408,:今天下午下冰雹了 鞍山·万润花园 ,0,0,0,1572256200000
6014629932,娱乐圈扒皮叔,:刚刚，营口大石桥突降大雨冰雹！#营口大石桥突降大雨冰雹# 国民小路吖的微博视频 ,0,0,0,1572255000000
3831443883,9夜曦9,相互照顾好甜啊，这对锁了！！,0,0,0,1572254940000
6163026955,太阳雨下的咖啡豆,:今天好冷，还好老家没有下冰雹…… ,0,0,0,1572254880000
6524415508,甜辣酱的追剧日常,:#根据台词猜剧名#你失去了一条腿，可她失去了她的爱情。我叫夏雪，我叫夏雨，我叫下冰雹。你的MP3吵到我的眼睛了。,7,0,0,1572254340000
3180112971,光长肉了诶,:家里这天气下个冰雹都不奇怪喔 ,0,0,2,1572254100000
5076478947,今天也发呆了吗,:#一只宁sir# 昨天:明天的雨一定很小不带雨伞今天:下暴雨下冰雹 ,0,0,1,1572253200000
2594384143,环保菜园,:首批菜盆已于昨天进入室内阳台，留在室外的全部集中在南、西露台。室内这些小菜真是太幸运了，躲过了一劫。今天一整天风力都很大，中午来了个短平快的冰雹，虽然颗粒不大，但白菜叶片上还是留下了痕迹。 丹东 ,63,2,29,1572252960000
2651414543,ZLQ_Echo,:哎...终于要到时日低矮 天下羊白的夏天了 我已经连续过了两个厚重的冬天了但天高气爽 万里无云每天出门就是被🌞刺得睁不开眼 又特别晒萌生了撑伞出门的念头 但路边草坪上全是享受日光浴的非我族类悄咪咪地问了 你来村里十多年见过有人撑遮阳伞咩收到回复 呵呵 这里下冰雹都不会有人撑伞的我想起当时两度的夜晚 我在路边瑟瑟发抖等绿灯旁边一票的短裤男人经过 果真是种族优势吗哎...我到底要如何体面地防晒吖,2,0,2,1572252420000
,m2日式美甲美睫美肤沈阳万象店,:无论下雨下雪还是下冰雹咱们这美甲睫毛必须安排🔥啥也不耽誤【不好意思又一个小爆满🔥】没预约上的𝙗𝙗六点半还能约一个喔☝🏻#沈阳美甲##沈阳日式美甲美睫# m2日式美甲美睫美肤沈阳万象店的微博视频 ,0,0,0,1572251640000
6417505553,卜算子咏零丁洋,:做梦梦到下冰雹了 ,0,0,0,1572251580000
5693784649,爱鱼_1027,【散粉临时净化投票】 金宇硕 kws jys 蝶2 乘2 ,0,0,0,1572251580000
5693784649,爱鱼_1027,【散粉临时净化投票】 金宇硕 kws jys 蝶2 乘2 ,0,0,0,1572251580000
5693784649,爱鱼_1027,【散粉临时净化投票】 金宇硕 kws jys 蝶2 乘2 ,0,0,0,1572251520000
6330587184,一个想要发财的赵可爱,:下雨，下雪，下冰雹,2,0,0,1572251460000
6033771566,起个啥名好过年,:今天下冰雹夹风带雨。 大石桥市 ,0,0,0,1572251100000
6501508647,快闭嘴叭你,:闲着实在太无聊了，翻出我那一大包的空瓶，想写点东西，本着美妆博主去，结果写了两百来字之后：有个综艺不知道好不好看；追的韩剧是不是更新了；我找个歌听吧；外面是不是下冰雹了；一会出去涂哪个口红，不如现在试个色吧…… 美妆博主我做不成了，再见！ ,0,0,0,1572250320000
1759118781,高小涵xx,:今天中午电闪雷鸣了还下了冰雹 温度一度特别低 但是下午已经回升了 出门时候我和我爸说 也没有很冷是不是 我爸说他觉得冷 主要是冻腿 我说穿秋裤或者保暖裤了吗 他说没有 因为我妈没给他找 他自己不知道在哪呢 ,0,0,0,1572250200000
1592234214,一只橘子味的西柚,:下冰雹了,0,0,0,1572249000000
2852997951,何染HR,:别地儿下雪我这下冰,0,0,2,1572248880000
1920136013,weatherman_信欣,:【全能型冷空气——大风沙尘雨雪冰雹雷电降温】昨天到今天冷空气给我国北方地方，带来了品种繁多的天气变化，沙尘波及面最广，西北华北黄淮受到了影响（图1-2为8时和14时AQI演变），14时河南山东多地出现重度-严重污染。今天下午-夜间可能还会向安徽江苏传输（图3为今晚20时低空流场）。辽宁今天白天出现了雷雨，局地降下冰雹（图4），内蒙古部分地区还出现了降雪。此外，冷空气的大风降温也不差。昨天下午到今天下午，甘肃内蒙古宁夏陕西山西河北北京天津等地的部分站点出现了8级以上瞬时大风（图5），今晨6-7时山西五台山一度出现了30.6米/秒的瞬时11级大风，北京石景山10-11时出现了22.4米/秒的9级瞬时大风。这次冷空气的风为何如此大？图6可见从蒙古有低压发展东移，低压后部紧随冷高压，这样比单独的冷高压带来的气压落差更大，等压线更密集（图6里面紫色区就是大风区，出现在等压线密集处），梯度风+变压风，导致了明显的大风天气。而且大风还吹起了沙尘。由于冷空气到来前，东北气温偏高，还引发了对流。但其实单论冷空气的绝对实力，并不是特别强（冷高压1030百帕）。今天下午，内蒙古中部、河北北部降温超10℃（图7）。明天冷空气东移，内蒙古中部到京津冀风力明显减小，内蒙古中部-河北北部将是升温最明显地区（图8）。而东北中东部明天还会出现风和降温，黑龙江还有雨雪出现（图9）。哈尔滨是否下雪，存在悬念。29日8-11时0℃层高度较低，不到300米，应该是个降雪的有利时段，但除开这段时间，水汽和温度可能就配不上了。,47,3,14,1572246720000
5869612921,linmujiduh,【散粉临时净化投票】 金宇硕 kws jys 蝶2 乘2 ,0,0,0,1572246720000
2913103911,杳杳hmh7,【散粉临时净化投票】 金宇硕 kws jys 蝶2 乘2 ,0,0,0,1572246120000
2913103911,杳杳hmh7,【散粉临时净化投票】 金宇硕 kws jys 蝶2 乘2 ,0,0,0,1572246060000
2913103911,杳杳hmh7,【散粉临时净化投票】 金宇硕 kws jys 蝶2 乘2 ,0,0,0,1572246060000
5747005052,琦玉紅蝎子隊龍子大姐,:周猪蹄前线发来战报 家里下冰雹了！ ,6,0,3,1572245940000
6424626819,轩之草莓,#沈肯尼[超话]# 丹东下冰雹啦！！！ 等着发狗粮的大白的微博视频 ,0,0,0,1572245520000
2814477061,妞总很忙-贸易进出口,:下冰雹了 ,0,0,0,1572245400000
5521060913,颜言ay,:下冰雹🌧️ ,0,0,0,1572245340000
3911766696,乌龙茶未凉,:前一秒晴空万里来着……这季节下冰雹？！ ,1,0,0,1572245160000
3175383524,李铁柱其实姓曲-,:回归上班的第一天用冰雹来庆祝🎉 ,1,0,0,1572244500000
6039107618,冰冰冰冰凉er,:屋外冰雹大雨，屋内高数概率。 ,0,0,0,1572243720000
5957445041,just小姜叔叔,:大冰雹 大石桥市 ,0,0,0,1572242940000
6044994917,张二胖先生,:一路高铁过来到处都是预警，大风预警，冰雹预警，雷电预警。,2,0,6,1572242580000
6468301259,辽阳二三里,:二三里 | 大中午黑云压城辽阳老铁们都慌了：到底有没有冰雹？答案是……  http://t.cn/Ai19XLOw (分享自@二三里资讯) ,0,0,0,1572242340000
2697522990,Co_地西泮,:临时决定去了河口，大风都吹不开我的大油头,0,0,0,1572242040000
,国家应急广播,:#预警信息#【辽宁省发布冰雹橙色预警】辽阳市气象台2019年10月28日12时29分发布冰雹橙色预警信号：预计未来1到2小时，辽阳县将出现冰雹天气，同时可能伴有短时大风、强降水等强对流天气，请注意防范。 ,2,0,0,1572241200000
6405788682,爱笑的小天使洛洛,:太艰难了～本溪新城大暴雨加冰雹并伴有五级大风～雨伞已是摆设，从寝室到教室浑身湿透，还要爬坡 本溪 ,2,0,0,1572240300000
5120186562,小黄帅过黄元帅,:大冰雹，我发烧，我不说，哈哈哈 海城市 ,0,0,1,1572240120000
1654434200,视观,:营口大石桥突降大雨冰雹！ 视观的微博视频 ,0,0,0,1572240060000
7301760313,这是我的我的呀,:刮风打雷下冰雹，哇哦～ 这是我的我的呀的微博视频 ,0,0,0,1572239820000
7301760313,这是我的我的呀,:哇哦，是不是冰雹，嗯？是不是冰雹！ 这是我的我的呀的微博视频 ,0,0,0,1572239580000
5944538874,不涸_vinegar,:上午还阳光明媚刮着小风的天气，下午就狂风大作，下着堪比冰雹的雨点，不见一点太阳。而我打着雨伞，堪堪保护住了脑袋，裤子和衣摆已经湿透了,0,0,0,1572238200000
3008256613,薰嗣重症不用救,#纪录片#院子里出现冰雹，老虎开心的玩了起来，真是可爱 自然全书的微博视频 ,0,0,0,1572238020000
6183820967,自然全书,:#纪录片#院子里出现冰雹，老虎开心的玩了起来，真是可爱 自然全书的微博视频 ,1,1,0,1572237960000
6131521228,weather爱好者,:#天气# 受冷锋东移影响，辽宁中部一带出现了颮线，这在十月下旬比较罕见，未来冷锋引导颮线继续东移，辽宁东北部、吉林的朋友们需注意强对流天气。根据监测看，今天上午辽宁局地出现了冰雹天气，由于暖湿气流缺乏，纯干空气侵入激发对流，因此短时强降水不多，主要为雷暴大风，局地冰雹！ ,2,0,0,1572237900000
5268397090,奶绒蛋糕,:头一次见这么大冰雹 ,0,0,2,1572237840000
7072189018,星星掉進你夢裡,:下冰雹给我砸死算了 ,2,0,0,1572237780000
5400613468,hia章海派140斤了吗,:记某佳的半天2019年10月28日天气 晴心情 瓢泼大雨转冰雹事件 早上 手机猝不及防坏了中午 小黄猝不及防走了吃完饭 有好感的对象变成gay了暗恋还没开始 就已经结束了 这，还只是上午青春再见 2020考研必胜@weimpossible ,1,0,12,1572237660000
,辽视第一时间,:【辽阳县将出现冰雹天气！,2,0,0,1572237600000
2824640333,W-大嶽,:十月川西，无法言喻的美，跨过川藏第一桥，翻过折多山，穿行于318国道与理亚公路，经历雨雾冰雹和绚烂彩虹，领略一路上高山、峡谷、草甸、荒原、彩树、雪山的壮美,3,0,7,1572237420000
5451791435,凡雨大妹妹,:作为一个被天王星“盯上“的人 群星都和天王有相位我确实不喜欢稳定的生活 从上学开始我就盼望下冰雹 盼望停电 盼望自己突然发烧 稳定有规律的生活会让我枯竭甚至到了我工作 有男朋友 我希望男朋友突然被辞退 然后我们两个人换城市 换赛道如果你也是被天王盯上的人 就不要求稳了 克服恐惧感 你会觉得生活挺爽的,3,0,0,1572237360000
6480761063,我是我的小猫咪吗,#倒贴扛大鼎⚠️# 这些女人都怎么了,0,0,0,1572237060000
1948750172,辽宁气象,:冰雹橙色预警信号：预计未来1到2小时，辽阳县将出现冰雹天气，同时可能伴有短时大风、强降水等强对流天气，请注意防范。辽宁省气象灾害监测预警中心2019年10月28日12时29分发布 ,0,1,0,1572237000000
,摄影师陶sir,":刚才丹东的狂风闪电冰雹暴雨有点吓人了 微博视频 'Resident Evil Main Title Theme (film score) ",1,0,2,1572235920000
1914298953,等着发狗粮的大白,:#沈肯尼[超话]# 丹东下冰雹啦！！！ 等着发狗粮的大白的微博视频 ,13,1,9,1572235620000
3290856965,向日葵般温暖的MM,:🎀上一秒电闪雷鸣⚡️雨加冰雹⛈️     下一秒晴天雨啦🌧️现在超想…,0,0,0,1572235260000
6056888925,辽宁气象爱好者,:【雷雨大风蓝色预警】预计未来1到3小时，沈阳、鞍山、锦州、营口、阜新、辽阳、铁岭、盘锦地区和瓦房店市、普兰店区、庄河市、长兴岛经济区及渤海北部、渤海中部海域将出现雷雨大风天气，最大风力可达8级以上，同时可能伴有短时强降水等强对流天气，请注意防范。【冰雹橙色预警】预计未来2到3小时内，鞍山市区、海城市、岫岩县将出现冰雹天气，并伴有雷雨大风、短时强降水等强对流天气，请注意防范。【雷电黄色预警】预计未来1到2小时，抚顺、本溪、丹东地区将出现雷电天气，并将持续4到6小时，同时可能伴有短时大风、短时强降水等强对流天气，请注意防范。,3,0,3,1572235200000
,慕容好的,:下冰雹了,0,0,0,1572235080000
1948750172,辽宁气象,:冰雹橙色预警信号：预计未来1到2小时，丹东地区将出现冰雹天气，并将持续3到4小时，并可能伴有短时大风、短时强降水等强对流天气，请注意防范。辽宁省气象灾害监测预警中心2019年10月28日11时48分发布 ,0,0,0,1572234960000
5487352374,东北豪驴驴_,:今天外面在下暴雨和冰雹  我已经浑身都潮了   她们都有男朋友接我自己跑了好远好远过来…   不知道海城下没下他有没有多穿... ,0,0,0,1572234780000
,丹东气象服务,:冰雹橙色预警信号：预计未来1到2小时，丹东地区将出现冰雹天气，并将持续3到4小时，并可能伴有短时大风、短时强降水等强对流天气，请注意防范。丹东市气象台2019年10月28日11时48分发布 ,0,0,0,1572234720000
2128103927,由由的衣橱,:这个天要干哈.刚还下冰雹.马上晴空万里..... ,0,0,0,1572234720000
5861309180,路边小盆栽,:竟然打雷下了小冰雹（兴奋，小小的冰豆在泥土上跳舞，风吹的积水在地面掀起一层层白色涟漪（和草地上一阵阵风吹过的一层层绿色的起伏一样好看），雨还没下完，然后就出太阳了,0,0,0,1572234720000
7283815848,我是张小芽,:#小芽日记# 一场秋雨一场寒，今天的秋雨还夹了点冰雹,0,0,0,1572234720000
5134497149,哇啦瓦啦嘣,:这大雨 这大风 这大冰雹⛈️ 丹东张惠妹的微博视频 ,1,0,0,1572234720000
7290899004,爱在风雨中独行的人,:冰雹 丹东 ,0,0,0,1572234660000
3084142585,冰封的小男孩,:这天，又下雨又打雷又下冰雹，咋整 丹东 冰封的小男孩的微博视频 ,0,0,0,1572234660000
1265558484,女為悅己者容,:刚才下冰雹了,0,0,0,1572234600000
1948750172,辽宁气象,:冰雹橙色预警信号：预计未来2到3小时内，鞍山市区、海城市、岫岩县将出现冰雹天气，并伴有雷雨大风、短时强降水等强对流天气，请注意防范。辽宁省气象灾害监测预警中心2019年10月28日11时41分发布 ,0,0,0,1572234540000
,兔酱安红豆,:下冰雹惹 ,0,0,0,1572234480000
,喵咪咪爱喵咪咪,:下冰雹了,0,0,0,1572234480000
,绯天夜翔_L,:太可怕了……下冰雹了,0,0,0,1572234360000
2597865262,辽宁鞍山气象,:冰雹橙色预警信号：预计未来2到3小时内，鞍山市区、海城市、岫岩县将出现冰雹天气，并伴有雷雨大风、短时强降水等强对流天气，请注意防范。鞍山市气象台2019年10月28日11时41分发布。 ,2,2,0,1572234360000
2876170012,直到战死,:#丹东记录#下冰雹了 丹东 ,2,0,1,1572234240000
5856357396,青山院气象,:#中国机长# 【《中国机长》气象元素全解读】-40℃、500百帕、800千米/小时……在电影《中国机长》中，观众或许只知道当时的情况异常危险，稍有不慎就可能机毁人亡，但却很难了解这些数字背后究竟意味着什么。雷暴、冰雹、大风……这些强对流天气会对飞机飞行造成哪些影响？本文特邀电影中小爱饰演的人物原型——西南空管局气象中心预报室预报员周伦波对片中涉及的气象要素进行解读。http://t.cn/Ai1KadA9,0,0,0,1572234120000
,幸福sophieliu,#倒贴扛大鼎⚠️# 这些女人都怎么了,0,0,0,1572233700000
3522876804,是六叔呢,:雨夹雪还是大冰雹 ,2,0,0,1572233700000
2344948831,一下谁,:刮风，打雷，下雨，下冰雹。 一下谁的微博视频 ,0,0,0,1572233460000
5491711736,碳酸饮料喵,#肖战阿云嘎同框#破次元壁啦，你觉得两人谁的颜值更🉑呢？ ,0,0,1,1572233340000
2394692847,_今天写教案了么,“要努力生活呀” ,1,0,0,1572233280000
5999701375,鲅天下,:#天气# 大家注意安全，注意保暖呢。营口兰旗附近靠海边下的很大，冰雹大个的有小花生豆那么大。中国营口论坛的微博视频 ,0,0,1,1572233280000
3614709617,叫我蓉儿好了,:我哥：你看，下冰雹了！    我：嗯      ……过了一会……我哥：你看，停了！    我：嗯我哥：走啊！    我：去哪？？我哥：捡冰雹去！    我：………… ,0,0,0,1572233220000
5660224011,伦弟在努力,:就外面这冰雹不方便来医院给弟弟送条秋裤么…… 海城市 ,2,0,0,1572233220000
5046739112,RoyalStarlong,:这突如其来的冰雹,1,0,0,1572233220000
,江淮气象,:#中国机长# 【《中国机长》气象元素全解读】-40℃、500百帕、800千米/小时……在电影《中国机长》中，观众或许只知道当时的情况异常危险，稍有不慎就可能机毁人亡，但却很难了解这些数字背后究竟意味着什么。雷暴、冰雹、大风……这些强对流天气会对飞机飞行造成哪些影响？本文特邀电影中小爱饰演的人物原型——西南空管局气象中心预报室预报员周伦波对片中涉及的气象要素进行解读。http://t.cn/Ai1KadA9,4,0,0,1572233160000
5999701375,鲅天下,#天气#冷空气前锋激发起的一道飑线正在逼近辽宁营口-鞍山一线，雷达上出现局地紫色回波，半小时内这些地方将出现天空转黑、短时雷雨大风甚至局地冰雹等强对流天气，请当地朋友们提前做好防御！ ,0,0,0,1572233160000
2103077625,二五一0,:一场突如其来的雨，还夹着冰雹。安好 东港市 二五一0的微博视频 ,1,0,0,1572232980000
6728145619,九月的大太阳,:冰雹来袭 ,0,0,0,1572232860000
7211689185,起点-辽宁,:辽宁强对流，北镇下的冰雹 起点-辽宁的微博视频 ,1,0,0,1572232740000
1115672445,喝污昂-黄,:外边下雨下冰雹，我在沙发窝着吹空调,2,0,2,1572232500000
3979287719,CcZzHh294,:下冰雹可还行 大石桥市 ,1,0,0,1572232440000
2683126821,yuan小盼,:#Ana时尚笔记[超话]# 今天我们家里这边阴天☁️好像晚上一样，而且还下冰雹啦…… yuan小盼的微博视频 ,0,0,0,1572232380000
2043327734,DAHAI_89,:这暴雨冰雹的，来的快去的也快。 大石桥市 DAHAI_89的微博视频 ,2,0,1,1572232320000
5543361372,最营口,#中营网络[超话]#大家注意安全，注意保暖呢。营口兰旗附近靠海边下的很大，冰雹大个的有小花生豆那么大，挺惦记各位的。 中国营口论坛的微博视频 ,0,0,0,1572232320000
3926109023,辽H72毛驴子,:小冰雹 下起来。  微博视频 ,1,0,3,1572232320000
,冬来小王子,:翻了翻微博，搞的跟个宠物博主似的,1,1,0,1572232200000
1248884060,海德堡009,#中营网络[超话]#大家注意安全，注意保暖呢。营口兰旗附近靠海边下的很大，冰雹大个的有小花生豆那么大，挺惦记各位的。 中国营口论坛的微博视频 ,0,0,0,1572232140000
,中国营口论坛,:#中营网络[超话]#大家注意安全，注意保暖呢。营口兰旗附近靠海边下的很大，冰雹大个的有小花生豆那么大，挺惦记各位的。 中国营口论坛的微博视频 ,2,2,4,1572231360000
1838021943,Ao-心若相依,:下冰雹了,1,0,0,1572231000000
1724615340,X·暮色,:10月底，眼瞅入冬的冰雹了解一下,0,0,1,1572230820000
7262770896,朔方风雨,:#气象#3.注意防范雷暴大风可能造成棚舍和广告牌等搭建物的倒塌以及对高空作业、水域作业和航行的影响；4.注意防范冰雹可能对农作物和农业设施造成的影响。『天气预报 >> 强对流天气预报 >> 强天气落区』http://t.cn/Rc146vz ,0,0,0,1572230460000
3271819890,站前群众,:下冰雹了？ 营口 ,0,0,0,1572230400000
5658497971,前进前进再前进_1960,:来学校的第二场雨，加冰雹 前进前进再前进_1960的微博视频 ,1,0,0,1572230220000
5279953351,不想戴眼镜的张老师0511,#北京大风#今天的你是不是这样啊,0,0,0,1572229140000
,数字冰雹,:2019深圳安博会，数字冰雹次世代可视化平台 震撼首发！2019年10月28日—10月31日，第十七届中国国际社会公共安全博览会（以下统一简称为“安博会”）将于深圳会展中心隆重举行。本届安博会，数字冰雹将携智慧警务、智慧园区领域全新升级可视化指挥决策系统首发亮相，复现城市运营指挥中心现场环境，让您身临其境，体会运筹帷幄！  http://t.cn/Ai1osZb1,4,3,0,1572228780000
1167182737,隐藏的爱,:下雨⛈打雷⚡️冰雹💧乌云密布,0,0,0,1572228720000
7322036078,人寿牛总,:【安心百分百】最适合开车一族的保险产品！百万身价！百分守护！守护自己！守护家人！[强][强]每年保费2500元，交15年，保到75岁【一】保险责任1.普通意外100万；2.私家车意外100万；3.出租车意外100万（包含驾驶）；4.公共交通意外300万；5.网约车意外300万；6.公务车意外300万；7.轮船300万；8.航空意外500万；9.地铁500万；10.火车500万；11.火车/高铁/动车500万；12.八种自然灾害300万（台风 地震 洪水 泥石流 冰雹 海啸 山体滑坡 雷击）13.疾病身故：18~40岁赔付160% 即6万41~60岁赔付140% 即5.2万61岁以上赔付120% 即4.5万【二】满期金满75岁时，一次性领回所交保费37500元。 http://t.cn/EyPFKKk,1,0,0,1572228600000
3522441475,爱笑的老腰怪-,:下雨  下雪  下冰雹 微博视频 ,2,0,4,1572228180000
1878254247,牵着蜗牛去散步-mary,:每年秋天必来的公园，这里有大片大片的银杏林，也有很多小山坡。我们今年比往年早来了一周，秋姑娘仍然在努力地为银杏叶子着色中。于是我们有机会看到银杏叶子是怎样一点一点被换装。孩子们小时候爬过的小树们也慢慢长粗长大，现在孩子们长大了，他们继续在这里爬上爬下。        老舍说：“秋天一定要住在北平。天气正好不冷不热，昼夜的长短也划分得平匀。没有冬季从蒙古吹来的黄风，也没有伏天里挟着冰雹的暴雨。       天是那么高，那么蓝，那么亮，好象是含着笑告诉北平的人们：在这些天里，大自然是不会给你们什么威胁与损害的。       天堂是什么样子，我不晓得，但是从我的生活经验去判断，北平之秋便是天堂。”,3,1,2,1572228180000
3886701425,单行的Alice,:大雨＋冰雹 盘锦 ,0,0,0,1572228120000
,魚泡泡_o0oO,:冬天到了涂上Ruby woo做女王等学生上课ing外面下冰雹ing女王自拍ing🙈 ,4,0,9,1572228000000
5702906076,wxxxxxxxxxxAa,:我就是去个厕所开门出来？！？！！！！！！现在这是几点啊好不容易请天假想窝一天这天黑的这雨下的这雷打的好像改下冰雹了？我还能订外卖了么我会不会饿死在楼上啊 ,0,0,0,1572227700000
,中国气象爱好者,:#天气#冷空气前锋激发起的一道飑线正在逼近辽宁营口-鞍山一线，雷达上出现局地紫色回波，半小时内这些地方将出现天空转黑、短时雷雨大风甚至局地冰雹等强对流天气，请当地朋友们提前做好防御！ ,162,11,36,1572227460000
6367457146,逐渐变圆的庆小橘,:妈耶！！！下着下着雨就开始下冰雹了🙉🙉🙉不敢下车 ,20,0,8,1572227400000
7322289823,用户7322289823,:一、雨天为什么要使用灯光我国交通法中明确规定：“夜间路灯开启期间，或者遇有雾、雨、雪、沙尘、冰雹等低能见度情况下行驶时，应当开启前照灯、示廓灯和后位灯。”雨天开车要注意的地方有很多，正确使用灯光可以大幅降低遭遇事故的几率。雨天行车不开灯会直接影响前车对后方情况的判断，即难以判断后车的位置、距离和速度。若前车在情况未明时变线或转向，很有可能酿成追尾碰撞事故。我们总觉得开灯是为了让自己看清楚路面，其实 http://t.cn/Ai1omqS6,0,0,0,1572226860000
,Cloud_MYY,:这么大一颗冰雹 盘锦 ,0,0,0,1572226620000
2480496767,天亮仍说晚安,:还木有起床就又阴天天黑了，下了冰雹，下了雨，还好我在家～ ,0,0,0,1572226320000
6963382569,小宣宣的妈咪,:一大早上电闪雷鸣，雨夹着冰雹，屋里漆黑一片，有种说不出的感觉。。。。。。 北镇市 ,0,0,0,1572226020000
5898077810,猫一亦,:来看冰雹哈哈哈哈哈哈哈哈哈哈是说wsm下个冰雹我恨不能全世界都来康康（？,1,0,2,1572225960000
,东北新闻网,:【辽宁：锦州葫芦岛出现雷电天气   多地大风】今天全省多地都有小雨，而且这雨时下时停，将一直持续到晚上。虽然降雨了，但是全省气温只有1-4℃的下降，最高在11-17℃。        锦州、葫芦岛早上发布了雷电黄色预警：预计28日7时到10时，葫芦岛市区、兴城市及沿岸海域将出现雷电天气，同时可能伴有短时大风等强对流天气，请注意防范。辽宁省气象灾害监测预警中心2019年10月28日7时28分发布         目前锦州地区已经出现雷电天气，并将持续4到6小时，同时可能伴有短时大风、短时强降水、冰雹等强对流天气，请注意防范。辽宁省气象灾害监测预警中心2019年10月28日7时11分发布          预计28日8时到20时，大连、营口地区偏西风6到7级，阵风8到9级；锦州、朝阳、盘锦、葫芦岛地区偏西风6级，阵风7到8级；沈阳、鞍山、抚顺、本溪、丹东、阜新、辽阳、铁岭地区西南风转偏西风6级，阵风7级，上述地区伴有扬沙或浮尘天气；渤海海峡、渤海北部、渤海中部、黄海北部海域偏西风7到8级，阵风9到10级；大连、丹东、锦州、营口、盘锦、葫芦岛附近海域和航线将受影响，请注意防范。http://t.cn/Ai1ofjmD,1,0,0,1572225420000
2000468707,喝碗干贝粥,:刚刚是…下冰雹？ 盘锦 ,1,0,0,1572225360000
1776989593,檬檬8287,:日子再难也要吃早餐🥣外面下冰雹也要上班⛈ 北镇市 ,0,0,0,1572223680000
6078456311,正_正月,:秋天的雷雨🌧️冰雹 ,0,0,0,1572223500000
7290960988,大山里的薇儿,:冰雹满天飞 凌海市 大山里的薇儿的微博视频 ,0,0,0,1572222900000
6126729592,陈一只独,:假如我的心情是你的天气预报CR今天吃撑了，刮风CR今天不开心，下雨CR今天生气了，下冰雹嘻，想想就刺激,8,0,2,1572222780000
7201212802,创造营2019-高嘉朗_,:#创造爹2019[超话]#8/10今天下冰雹了诶！ ,0,0,0,1572222360000
,辽视第一时间,:【辽宁：锦州葫芦岛出现雷电天气   多地大风】今天全省多地都有小雨，而且这雨时下时停，将一直持续到晚上。虽然降雨了，但是全省气温只有1-4℃的下降，最高在11-17℃。        锦州、葫芦岛早上发布了雷电黄色预警：预计28日7时到10时，葫芦岛市区、兴城市及沿岸海域将出现雷电天气，同时可能伴有短时大风等强对流天气，请注意防范。辽宁省气象灾害监测预警中心2019年10月28日7时28分发布         目前锦州地区已经出现雷电天气，并将持续4到6小时，同时可能伴有短时大风、短时强降水、冰雹等强对流天气，请注意防范。辽宁省气象灾害监测预警中心2019年10月28日7时11分发布          预计28日8时到20时，大连、营口地区偏西风6到7级，阵风8到9级；锦州、朝阳、盘锦、葫芦岛地区偏西风6级，阵风7到8级；沈阳、鞍山、抚顺、本溪、丹东、阜新、辽阳、铁岭地区西南风转偏西风6级，阵风7级，上述地区伴有扬沙或浮尘天气；渤海海峡、渤海北部、渤海中部、黄海北部海域偏西风7到8级，阵风9到10级；大连、丹东、锦州、营口、盘锦、葫芦岛附近海域和航线将受影响，请注意防范。  http://t.cn/Ai1ofjmD,1,1,1,1572222180000
7318963650,Warmembrace82878,:一、雨天为什么要使用灯光我国交通法中明确规定：“夜间路灯开启期间，或者遇有雾、雨、雪、沙尘、冰雹等低能见度情况下行驶时，应当开启前照灯、示廓灯和后位灯。”雨天开车要注意的地方有很多，正确使用灯光可以大幅降低遭遇事故的几率。雨天行车不开灯会直接影响前车对后方情况的判断，即难以判断后车的位置、距离和速度。若前车在情况未明时变线或转向，很有可能酿成追尾碰撞事故。我们总觉得开灯是为了让自己看清楚路面，其实忘记了最重要的一点：开灯并非让你看清楚路面而是让别人更好地看到你。下图可以清楚的看出开灯和不开灯的区别。￼二、不同情况下使用不同的灯光1、雨量较小应使用示宽灯交通法里的规定看起来比较宽泛，实际上雨天行车对灯光的使用是非常讲究的，我们应该根据能见度去决定到底开什么灯。比如在刚开始下雨的时候，天色比较阴暗，但能见度还不错，这时我们应该使用示宽灯。2、雨量较大应该开启大灯或者前雾灯雨比较大的时候，雨水本身会阻碍我们的视线，同时路面的积水会被前车滚动的轮胎带起来，形成一片水雾，也会对视线造成很大的影响，这时我们就应该开启大灯或者前雾灯。有人认为开启雾灯会晃到前边的车，其实只要你的雾灯设计合理就不会出现这种情况，因为雾灯本身在设计时就不是用来照明的，它们的光束都很散，所以看起来很亮却不会晃眼。3、暴雨可开启后雾灯只有在雨非常非常大的时候才开启后雾灯，因为我们红色的尾灯本身就有非常好的穿透力，一般的大雨都阻挡不了它的光线，后雾灯的亮度非常高，是用来穿透浓雾的，在一般的雨天使用反而容易晃到后车，如果后车司机的视线受影响，那么我们自己的安全也就无从保障了。三、雨天灯光使用注意事项1、行车中不要使用双闪所谓“双闪”就是危险警示灯，每辆车都有，开关是两个套在一起的三角形。国内滥用双闪的情况相当普遍，其实它只应该用在非常危险的情况下，比如前方有事故，或者你需要在主路临时停车。一般行车过程中我们都不应该用到它，如果滥用双闪很有可能会给周围的车辆传递错误信息，导致危险发生。2、长时间使用示宽灯示宽灯并非让你看清楚路面，而是让别人更好地看到你。在雨势逐渐变化的过程中，如果从始至终一直使用示宽灯显然是不正确的，应该按照雨势的大小进行灯光合理的切换。 http://t.cn/RxkVsiB,1,0,0,1572222060000
7033837879,旻旻如月_,【散粉临时净化投票】 金宇硕 kws jys 蝶2 乘2 ,0,0,0,1572221160000
7033837879,旻旻如月_,【散粉临时净化投票】 金宇硕 kws jys 蝶2 乘2 ,0,0,0,1572221100000
7033837879,旻旻如月_,【散粉临时净化投票】 金宇硕 kws jys 蝶2 乘2 ,0,0,0,1572221100000
7033837879,旻旻如月_,【散粉临时净化投票】 金宇硕 kws jys 蝶2 乘2 ,0,0,0,1572221100000
,财入门,:#北京大风#大城市的风吹草动，风霜雨雪，冰雹彩虹，打架斗殴，都可以轻松登上热搜，其实很容易理解，因为人多，有影响力的人多，很多媒体机构也都在大城市。而小城市或小地方要发生很大的事情才能被人们关注到，底层的人要发声引起关注也是非常之难。#甘肃夏河县5.7级地震# 🙏 ,5,0,0,1572220980000
5492613031,不爱戴眼镜的金鱼,【散粉临时净化投票】 金宇硕 kws jys 蝶2 乘2 ,0,0,0,1572220140000
5492613031,不爱戴眼镜的金鱼,【散粉临时净化投票】 金宇硕 kws jys 蝶2 乘2 ,0,0,0,1572220080000
5492613031,不爱戴眼镜的金鱼,【散粉临时净化投票】 金宇硕 kws jys 蝶2 乘2 ,0,0,0,1572220080000
3240998492,Sokomrry,【散粉临时净化投票】 金宇硕 kws jys 蝶2 乘2 ,0,0,0,1572220080000
3240998492,Sokomrry,【散粉临时净化投票】 金宇硕 kws jys 蝶2 乘2 ,0,0,0,1572220020000
3240998492,Sokomrry,【散粉临时净化投票】 金宇硕 kws jys 蝶2 乘2 ,0,0,0,1572220020000
3240998492,Sokomrry,【散粉临时净化投票】 金宇硕 kws jys 蝶2 乘2 ,0,0,0,1572220020000
7263733798,德云女孩只爱旋儿哥,:下雨，打雷，下冰雹。我可以逃课吗 ,1,0,3,1572219960000
,缺心眼儿的小兔子,:任谁也逃不过洗完车就下雨/下冰雹的命运,1,0,0,1572219780000
6021783583,丁丁丶灬尛破孩,:天黑的像是夜晚一样吃完早饭刚到“搬砖”的地方，就开始下雨头顶着⚡️，车子在冰雹和大雨中穿梭恐怖的要死然而我很不厚道的笑了😄收工回宾馆 锦州 ,2,0,1,1572219660000
6524690903,动漫船长,:这次又是冰雹？最喜欢看新世界奇奇怪怪的天气了，普通人怎么活？#动漫##海贼王# 动漫船长的微博视频 ,1,0,0,1572219000000
6056888925,辽宁气象爱好者,:【雷电黄色预警】目前锦州地区已经出现雷电天气，并将持续4到6小时，同时可能伴有短时大风、短时强降水、冰雹等强对流天气，请注意防范。 ,1,0,0,1572218760000
5558725286,张小爬丶zzy,:这大雨，大冰雹，几分钟湿透了 凌海市 ,0,0,0,1572218640000
1603671845,北夕呀_,【散粉临时净化投票】 金宇硕 kws jys 蝶2 乘2 ,0,0,0,1572218280000
1948750172,辽宁气象,:雷电黄色预警信号：目前锦州地区已经出现雷电天气，并将持续4到6小时，同时可能伴有短时大风、短时强降水、冰雹等强对流天气，请注意防范。辽宁省气象灾害监测预警中心2019年10月28日7时11分发布 ,0,0,1,1572218040000
5089669010,123752hdhbsj,:冰雹雪花，而电闪雷鸣是在第三层天. 假如照这样往上升，咱们很快就会到达火焰天了. 我不知道该如何拧这个销子，才能够不继续上升，要不咱们就会被烤焦了.”   ,0,0,0,1572217980000
,蓝翔挖掘机技术学院院草,:一醒来窗外又天地尽白，我太喜欢下午下雪下冰雹了。 ,0,0,0,1572217020000
7171870668,谁都不行-,【散粉临时净化投票】 金宇硕 kws jys 蝶2 乘2 ,0,0,0,1572216120000
,我们的那些小事儿h,:冰雹砸了棉花棵尽光棍；全是光棍 ,0,0,0,1572213780000
,昌仁广,:冰雹砸了棉花棵尽光棍；全是光棍 ,0,0,0,1572211380000
,兔子窝边的草小窝溢洁优,:冰雹砸了棉花棵尽光棍；全是光棍 ,0,0,0,1572209520000
6169239857,孟婆来杯红牛,大家都在说我们猫是水做的 怎么？我是什么水？#不是所有猫都是水做的#  都市音酱的微博视频 ,0,0,0,1572208620000
5356386220,佝偻老太太,:前几天我还在说家里下冰雹，天气不正常，或许会地震……嗯哼，今天一点多的时候就感觉床在摇……🙏微博搜了下发现果然这里某个县地震了,7,0,7,1572200220000
7186231472,ZealNationalBABY_BTS,:【ZNBY】#日月星动不可告人的秘密##乌托邦满月ZNBY##命中注定我爱你# 【191028】Zeal National BABY_BTS：只为你而来（记录by夏冰雹 转载请注明Zeal National BABY_BTS站） ,34,2,10,1572200040000
,星空喵,:拍到一半下冰雹,16,2,9,1572199080000
6185411480,很豹笑,:#整蛊# 悠闲高尔夫球场突然天降大冰雹，抓紧逃命吧 很豹笑的微博视频 ,0,0,0,1572197400000
6833033676,海盐芝士谋杀案,【散粉临时净化投票】 金宇硕 kws jys 蝶2 乘2 ,0,0,0,1572197040000
6833033676,海盐芝士谋杀案,【散粉临时净化投票】 金宇硕 kws jys 蝶2 乘2 ,0,0,0,1572197040000
,閔潔要瘦到90斤小偌,:冰雹砸了棉花棵尽光棍；全是光棍 ,0,0,0,1572196980000
,王艾南Love,:#出门在外# 工作完回来充当翻译陪逛街，然后回酒店打包带走所有美好的记忆，这十天过得又慢又快!我还是会来的，毕竟，我连双子塔还没看上呢！预计暂时停不下来的节奏:明天一篇稿子后天一篇稿子，我现在已经掉进写作的蜜罐里了，么啊!真好，愿稿件需求像夏日疯狂的冰雹一样砸向我!,1,0,0,1572194460000
,敲敲北极冰,【散粉临时净化投票】 金宇硕 kws jys 蝶2 乘2 ,0,0,0,1572193680000
,敲敲北极冰,【散粉临时净化投票】 金宇硕 kws jys 蝶2 乘2 ,0,0,0,1572193680000
6587630148,那个金鱼说o,【散粉临时净化投票】 金宇硕 kws jys 蝶2 乘2 ,0,0,0,1572193500000
5128395533,pepi-荣荣rr,【散粉临时净化投票】 金宇硕 kws jys 蝶2 乘2 ,0,0,0,1572193260000
5128395533,pepi-荣荣rr,【散粉临时净化投票】 金宇硕 kws jys 蝶2 乘2 ,0,0,0,1572193200000
6904283005,Hluvxing,【散粉临时净化投票】 金宇硕 kws jys 蝶2 乘2 ,0,0,0,1572193080000
6904283005,Hluvxing,【散粉临时净化投票】 金宇硕 kws jys 蝶2 乘2 ,0,0,0,1572193020000
6904283005,Hluvxing,【散粉临时净化投票】 金宇硕 kws jys 蝶2 乘2 ,0,0,0,1572193020000
6904283005,Hluvxing,【散粉临时净化投票】 金宇硕 kws jys 蝶2 乘2 ,0,0,0,1572193020000
5394780233,Rianatan,【散粉临时净化投票】 金宇硕 kws jys 蝶2 乘2 ,0,0,0,1572192900000
5394780233,Rianatan,【散粉临时净化投票】 金宇硕 kws jys 蝶2 乘2 ,0,0,0,1572192900000
5394780233,Rianatan,【散粉临时净化投票】 金宇硕 kws jys 蝶2 乘2 ,0,0,0,1572192900000
5394780233,Rianatan,【散粉临时净化投票】 金宇硕 kws jys 蝶2 乘2 ,0,0,0,1572192900000
5214318498,全糖马卡龙,【散粉临时净化投票】 金宇硕 kws jys 蝶2 乘2 ,0,0,0,1572192900000
5214318498,全糖马卡龙,【散粉临时净化投票】 金宇硕 kws jys 蝶2 乘2 ,0,0,0,1572192840000
7245583047,菠萝奶冻,【散粉临时净化投票】 金宇硕 kws jys 蝶2 乘2 ,0,0,0,1572192840000
6587630148,那个金鱼说o,【散粉临时净化投票】 金宇硕 kws jys 蝶2 乘2 ,0,0,0,1572192780000
6587630148,那个金鱼说o,【散粉临时净化投票】 金宇硕 kws jys 蝶2 乘2 ,0,0,0,1572192780000
6587630148,那个金鱼说o,【散粉临时净化投票】 金宇硕 kws jys 蝶2 乘2 ,0,0,0,1572192780000
3200344131,南韩网友金小鱼,【散粉临时净化投票】 金宇硕 kws jys 蝶2 乘2 ,0,0,0,1572192600000
6051925208,甩不掉一坨肉,【散粉临时净化投票】 金宇硕 kws jys 蝶2 乘2 ,0,0,0,1572192420000
6051925208,甩不掉一坨肉,【散粉临时净化投票】 金宇硕 kws jys 蝶2 乘2 ,0,0,0,1572192360000
1816527423,拥有全世界最可爱许浪浪的我,【散粉临时净化投票】 金宇硕 kws jys 蝶2 乘2 ,0,0,0,1572192300000
1816527423,拥有全世界最可爱许浪浪的我,【散粉临时净化投票】 金宇硕 kws jys 蝶2 乘2 ,0,0,0,1572192300000
5986759876,XH小甜心,【散粉临时净化投票】 金宇硕 kws jys 蝶2 乘2 ,0,0,0,1572192120000
5970683624,青鲤归,【散粉临时净化投票】 金宇硕 kws jys 蝶2 乘2 ,0,0,0,1572192120000
5970683624,青鲤归,【散粉临时净化投票】 金宇硕 kws jys 蝶2 乘2 ,0,0,0,1572192060000
5970683624,青鲤归,【散粉临时净化投票】 金宇硕 kws jys 蝶2 乘2 ,0,0,0,1572192060000
5970683624,青鲤归,【散粉临时净化投票】 金宇硕 kws jys 蝶2 乘2 ,0,0,0,1572192060000
5036570380,子煦N,【散粉临时净化投票】 金宇硕 kws jys 蝶2 乘2 ,0,0,0,1572192000000
,椰奶全世界最甜,【散粉临时净化投票】 金宇硕 kws jys 蝶2 乘2 ,0,0,0,1572192000000
6471619059,安利的全新体验,【散粉临时净化投票】 金宇硕 kws jys 蝶2 乘2 ,0,0,0,1572191700000
6293969138,kws的小鸡爪,【散粉临时净化投票】 金宇硕 kws jys 蝶2 乘2 ,0,0,0,1572191700000
6293969138,kws的小鸡爪,【散粉临时净化投票】 金宇硕 kws jys 蝶2 乘2 ,0,0,0,1572191700000
2897961205,花花是fafafa,【散粉临时净化投票】 金宇硕 kws jys 蝶2 乘2 ,0,0,0,1572191700000
2897961205,花花是fafafa,【散粉临时净化投票】 金宇硕 kws jys 蝶2 乘2 ,0,0,0,1572191640000
2897961205,花花是fafafa,【散粉临时净化投票】 金宇硕 kws jys 蝶2 乘2 ,0,0,0,1572191640000
6619765103,Lucency_Lovekws,【散粉临时净化投票】 金宇硕 kws jys 蝶2 乘2 ,0,0,0,1572191640000
2897961205,花花是fafafa,【散粉临时净化投票】 金宇硕 kws jys 蝶2 乘2 ,0,0,0,1572191640000
6597332782,yourheart_1027,【散粉临时净化投票】 金宇硕 kws jys 蝶2 乘2 ,0,0,0,1572191580000
6854235017,无人生还uka,【散粉临时净化投票】 金宇硕 kws jys 蝶2 乘2 ,0,0,0,1572191580000
6597332782,yourheart_1027,【散粉临时净化投票】 金宇硕 kws jys 蝶2 乘2 ,0,0,0,1572191580000
7148626082,冰可乐去冰无糖,【散粉临时净化投票】 金宇硕 kws jys 蝶2 乘2 ,0,0,0,1572191580000
6060504547,陈阿槿,【散粉临时净化投票】 金宇硕 kws jys 蝶2 乘2 ,0,0,0,1572191580000
6060504547,陈阿槿,【散粉临时净化投票】 金宇硕 kws jys 蝶2 乘2 ,0,0,0,1572191520000
5689467630,夜神_月-,:回家了,1,0,3,1572191520000
6668920968,宇硕的光,【散粉临时净化投票】 金宇硕 kws jys 蝶2 乘2 ,0,0,0,1572191400000
6668920968,宇硕的光,【散粉临时净化投票】 金宇硕 kws jys 蝶2 乘2 ,0,0,0,1572191400000
6668920968,宇硕的光,【散粉临时净化投票】 金宇硕 kws jys 蝶2 乘2 ,0,0,0,1572191400000
6668920968,宇硕的光,【散粉临时净化投票】 金宇硕 kws jys 蝶2 乘2 ,0,0,0,1572191400000
6993382435,_元気滿滿_,【散粉临时净化投票】 金宇硕 kws jys 蝶2 乘2 ,0,0,0,1572191340000
6993382435,_元気滿滿_,【散粉临时净化投票】 金宇硕 kws jys 蝶2 乘2 ,0,0,0,1572191340000
1811227011,·椰奶小晴·,【散粉临时净化投票】 金宇硕 kws jys 蝶2 乘2 ,0,0,0,1572191340000
7246744042,ZRR0412,【散粉临时净化投票】 金宇硕 kws jys 蝶2 乘2 ,0,0,0,1572191340000
5358588844,MiaoDokinchan,【散粉临时净化投票】 金宇硕 kws jys 蝶2 乘2 ,0,0,0,1572191340000
5358588844,MiaoDokinchan,【散粉临时净化投票】 金宇硕 kws jys 蝶2 乘2 ,0,0,0,1572191280000
5879439722,Kimyuan_,【散粉临时净化投票】 金宇硕 kws jys 蝶2 乘2 ,1,0,0,1572191280000
6009069086,一个橙子crange,【散粉临时净化投票】 金宇硕 kws jys 蝶2 乘2 ,0,0,0,1572191280000
7246744042,ZRR0412,【散粉临时净化投票】 金宇硕 kws jys 蝶2 乘2 ,0,0,0,1572191280000
6009069086,一个橙子crange,【散粉临时净化投票】 金宇硕 kws jys 蝶2 乘2 ,0,0,0,1572191220000
6009069086,一个橙子crange,【散粉临时净化投票】 金宇硕 kws jys 蝶2 乘2 ,0,0,0,1572191220000
6009069086,一个橙子crange,【散粉临时净化投票】 金宇硕 kws jys 蝶2 乘2 ,0,0,0,1572191220000
5888059379,欢欣兔宝,【散粉临时净化投票】 金宇硕 kws jys 蝶2 乘2 ,0,0,0,1572191160000
7119742699,金鱼爱好者_,【散粉临时净化投票】 金宇硕 kws jys 蝶2 乘2 ,0,0,0,1572191160000
7069811203,算了不会骂人也要骂人,【散粉临时净化投票】 金宇硕 kws jys 蝶2 乘2 ,0,0,0,1572191160000
7069811203,算了不会骂人也要骂人,【散粉临时净化投票】 金宇硕 kws jys 蝶2 乘2 ,0,0,0,1572191160000
7069811203,算了不会骂人也要骂人,【散粉临时净化投票】 金宇硕 kws jys 蝶2 乘2 ,0,0,0,1572191160000
7069811203,算了不会骂人也要骂人,【散粉临时净化投票】 金宇硕 kws jys 蝶2 乘2 ,0,0,0,1572191100000
6470633644,捉一只叮叮猫,【散粉临时净化投票】 金宇硕 kws jys 蝶2 乘2 ,0,0,0,1572191040000
6470633644,捉一只叮叮猫,【散粉临时净化投票】 金宇硕 kws jys 蝶2 乘2 ,0,0,0,1572191040000
7031333960,婳茶_,【散粉临时净化投票】 金宇硕 kws jys 蝶2 乘2 ,0,0,0,1572190980000
1968697915,FACTFLNESS,【散粉临时净化投票】 金宇硕 kws jys 蝶2 乘2 ,0,0,0,1572190980000
6745969228,meteoMeteorite,【散粉临时净化投票】 金宇硕 kws jys 蝶2 乘2 ,0,0,0,1572190980000
5605122679,GDXIXXICON,【散粉临时净化投票】 金宇硕 kws jys 蝶2 乘2 ,0,0,0,1572190980000
6745969228,meteoMeteorite,【散粉临时净化投票】 金宇硕 kws jys 蝶2 乘2 ,0,0,0,1572190980000
6100172921,花裙子l,【散粉临时净化投票】 金宇硕 kws jys 蝶2 乘2 ,0,0,0,1572190920000
6745969228,meteoMeteorite,【散粉临时净化投票】 金宇硕 kws jys 蝶2 乘2 ,0,0,0,1572190920000
5910999782,TiiiiT_TiiiiT,【散粉临时净化投票】 金宇硕 kws jys 蝶2 乘2 ,0,0,0,1572190920000
1696728414,Ghost吱吱,【散粉临时净化投票】 金宇硕 kws jys 蝶2 乘2 ,1,0,0,1572190920000
5899668328,为我留盏窗边月,【散粉临时净化投票】 金宇硕 kws jys 蝶2 乘2 ,0,0,0,1572190860000
,乖狐_,【散粉临时净化投票】 金宇硕 kws jys 蝶2 乘2 ,0,0,0,1572190860000
7205797311,长谷少女,【散粉临时净化投票】 金宇硕 kws jys 蝶2 乘2 ,0,0,0,1572190860000
7175231730,Ross_yun,【散粉临时净化投票】 金宇硕 kws jys 蝶2 乘2 ,0,0,0,1572190860000
7205797311,长谷少女,【散粉临时净化投票】 金宇硕 kws jys 蝶2 乘2 ,0,0,0,1572190860000
6124218129,是啦456就是这样,【散粉临时净化投票】 金宇硕 kws jys 蝶2 乘2 ,0,0,0,1572190860000
3990028526,kwsss1027,【散粉临时净化投票】 金宇硕 kws jys 蝶2 乘2 ,0,0,0,1572190800000
6124218129,是啦456就是这样,【散粉临时净化投票】 金宇硕 kws jys 蝶2 乘2 ,0,0,0,1572190800000
3990028526,kwsss1027,【散粉临时净化投票】 金宇硕 kws jys 蝶2 乘2 ,0,0,0,1572190800000
3990028526,kwsss1027,【散粉临时净化投票】 金宇硕 kws jys 蝶2 乘2 ,0,0,0,1572190800000
3990028526,kwsss1027,【散粉临时净化投票】 金宇硕 kws jys 蝶2 乘2 ,0,0,0,1572190800000
2575532335,Ghost嗅嗅,【散粉临时净化投票】 金宇硕 kws jys 蝶2 乘2 ,0,0,0,1572190800000
,五月栗莉安,【散粉临时净化投票】 金宇硕 kws jys 蝶2 乘2 ,0,0,0,1572190740000
5164251092,小小有话聊,【散粉临时净化投票】 金宇硕 kws jys 蝶2 乘2 ,0,0,0,1572190740000
5478784881,俊俊的冰島服裝店,【散粉临时净化投票】 金宇硕 kws jys 蝶2 乘2 ,0,0,0,1572190740000
5164251092,小小有话聊,【散粉临时净化投票】 金宇硕 kws jys 蝶2 乘2 ,0,0,0,1572190740000
5164251092,小小有话聊,【散粉临时净化投票】 金宇硕 kws jys 蝶2 乘2 ,0,0,0,1572190740000
5288622078,KSKristin,【散粉临时净化投票】 金宇硕 kws jys 蝶2 乘2 ,0,0,0,1572190740000
5164251092,小小有话聊,【散粉临时净化投票】 金宇硕 kws jys 蝶2 乘2 ,0,0,0,1572190740000
5632915909,很贤0506,【散粉临时净化投票】 金宇硕 kws jys 蝶2 乘2 ,0,0,0,1572190680000
6508888324,无敌可爱的y某某,【散粉临时净化投票】 金宇硕 kws jys 蝶2 乘2 ,0,0,0,1572190680000
2980707803,不好惹de软妹界大佬,【散粉临时净化投票】 金宇硕 kws jys 蝶2 乘2 ,0,0,0,1572190680000
6508888324,无敌可爱的y某某,【散粉临时净化投票】 金宇硕 kws jys 蝶2 乘2 ,0,0,0,1572190680000
3200344131,南韩网友金小鱼,【散粉临时净化投票】 金宇硕 kws jys 蝶2 乘2 ,0,0,0,1572190680000
5600099226,冰雹_Hail,【散粉临时净化投票】 金宇硕 kws jys 蝶2 乘2 ,0,0,0,1572190680000
2980707803,不好惹de软妹界大佬,【散粉临时净化投票】 金宇硕 kws jys 蝶2 乘2 ,0,0,0,1572190680000
3320423653,别揪小硕的耳朵,【散粉临时净化投票】 金宇硕 kws jys 蝶2 乘2 ,0,0,0,1572190680000
3320423653,别揪小硕的耳朵,【散粉临时净化投票】 金宇硕 kws jys 蝶2 乘2 ,1,0,0,1572190680000
5600099226,冰雹_Hail,【散粉临时净化投票】 金宇硕 kws jys 蝶2 乘2 ,0,0,0,1572190680000
5600099226,冰雹_Hail,【散粉临时净化投票】 金宇硕 kws jys 蝶2 乘2 ,0,0,0,1572190680000
5949198239,海绵宝宝_lh,#五月天王力宏 在梅边# 周杰伦后王力宏，五月天这是把8090青春约个遍，羡慕现场的歌迷,1,0,0,1572189720000
7126240885,我只会吃软饭,:樱·冰雨.冥落.妁、开心的时候方圆十里的空气都会变的甜丝丝的、并下起樱花雨，伤心时周边的空气都会变得涩涩的、并下起冰雹 ,4,0,0,1572189660000
1782364951,忆_甜漪,:疯了？傻了？就这样吧。破烂一般的存在灰色？黑色？冰雹？飓风？ ,1,0,0,1572189060000
7217542406,SachiiikeepOnGoing,:和大人交流好难原本在嘴边斟酌话语一说出来就夹着冰雹和冷漠他们的观念和我的观念总在碰撞我觉得他们食古不化他们觉得我难以管教我今天也没有告诉妈妈 那个饭团是我高中时最喜欢的早饭 可是今天已经吃不出当时的滋味了 也没有了高中的回忆 ,0,0,0,1572188100000
6739029569,不仅会吃还会饿,:#李现药不然# lx#李现美的品牌代言人# 我们一起面对困境把帽子扔入竞技场面对各种天气不畏惧任何事情当太阳升起我们就会，上路不在乎到达何处阳光很热但我们不会掉头因为我握着你的手你也让我觉得无所不能因为你和我一起穿过大风和冰雹航向世界@李现ing ,0,0,0,1572186240000
2697011510,蛋黄_刀剑乱舞重度沉迷患者,日语中的“雨”，只会说雨（あめ）、豪雨（ごうう）、梅雨（つゆ）今天再教你几个跟“雨”相关的说法空梅雨（からづゆ）干梅雨期山茶花梅雨（さざんかつゆ） 11月下旬から12月上旬（秋冬之间的降雨）村時雨（むらしぐれ）阵雨。骤雨。片時雨（かたしぐれ）天空中一边下雨，一边是晴天。横時雨（よこしぐれ） 阵雨的一种（比喻夹带风，把雨水吹的横过来的样子）春時雨（はるしぐれ） 春天里的阵雨。小糠雨（こぬかあめ） 像雾一样的小雨。御山洗（おやまあらい）富士山山麓农历7月26日的降雨外待雨（ほまちあめ） 局部范围的降雨。,0,0,0,1572182820000
5354327072,九品搞笑,:夏冰雹竟然是左撇子 九品搞笑的微博视频 ,152,6,14,1572182340000
2631191551,澳洲租房二手招工,:@这片心海都在等一个人2015 Toyota Corolla Hatch CV Ascent  2015年白色卡罗拉出售，女性、无烟车主。37724公里数（缓慢增长中）支持蓝牙 ，倒车影像，自动挡Rego到2020年4月过期，已做RWC一直良好保养，地下车库存放没有经历过冰雹，无事故，无明显刮痕 ,0,0,0,1572181260000
5013644515,十曜拾酒,:我们一起面对困境把帽子扔进竞技场面对各种天气不畏惧任何事情当太阳升起时我们就会上路不在乎到达何处阳光很热但我们不会掉头因为我握着你的手你也让我觉得无所不能因为你和我一起穿过大风和冰雹航向世界“有时你意识到真爱的绝对形态，在生命中有不同的存在目的.”Modern Love   舒服，温暖，推荐💛 http://t.cn/Ai1Xwzsy,0,0,0,1572180600000
3911031219,扎西达瓦里希,分享图片 ,0,0,0,1572180480000
,刷牙牙膏,:#画江南234#  继冰雹姐与Kapooya姐后，美国又出个“有鬼哥”。逃生姐描述休城降冰雹时用夸张表情与用词叙述惊险画面。而黑人Charles Ramsey救出被绑架十年的三名女人。他受访时言行夸张，称早就觉得这事情“肯定有鬼”。其受访片段制成音乐视频后，红爆网络。于是，有了每个黑人都有颗说唱的心！ ,0,0,0,1572179940000
2832341827,山西大同交警,:【安全提示】深秋季节雨雾多发 路况复杂注意安全驾驶！    由于秋季夜间到凌晨前后，近地层容易出现逆温层，不利于空气扩散，因此容易出现雾霾天气。稍有不慎，路面上行驶的机动车极易发生交通事故。那么，高速公路开车突遇大雾怎么办，这些要点务必要记住！高速公路开车突遇大雾该怎么应对?1、行车路上，突遇大雾，应保持镇定，不要慌乱，减速行驶，但应避免急刹车，不要就地停车，以免发生追尾事故。此外，雾中行车时，要严格遵守交通规则限速行驶，千万不可开快车。雾越大，可视距离越短，车速就必须越低。2、不要急打方向、随意变更车道，可通过路面标线及前车尾灯引导视线，间歇使用喇叭辅助，示意车辆位置。如遇雾天车辆无法行驶，或者如前方发生交通事故，应将车辆停靠在最右侧车道，开启雾灯、近光灯、危险报警闪光灯，车内人员迅速撤到护栏外侧安全地带，切记不要在车内等待，同时打电话报警。3、开启雾灯。在高速路上行驶，遇有雾、雨、雪、沙尘、冰雹等低能见度气象条件时，应当遵循以下行车安全：能见度小于200米时，开启雾灯、近光灯、示廓灯和前后位灯，车速不得超过每小时60公里，与同车道前车保持100米以上的距离;能见度小于100米时，开启雾灯、近光灯、示廓灯、前后位灯和危险报警闪光灯，车速不得超过每小时40公里，与同车道前车保持50米以上的距离;能见度小于50米时，开启雾灯、近光灯、示廓灯、前后位灯和危险报警闪光灯，车速不得超过每小时20公里，并从最近的出口尽快驶离高速公路。4、在雾中行车时，一般不要猛踩或者快松油门，更不能紧急制动和急打方向盘。如果认为确需降低车速时，先缓缓放松油门，然后连续几次轻踩刹车，达到控制车速的目的，防止追尾事故的发生。稳心态、慢刹车、不变道、开雾灯（小技巧一定要牢记奥！）如果高速路上出现大雾天气，交警部门会采取相应的管制措施，如限行重点车辆、关闭收费站等。,0,0,0,1572177300000
,敏感美学_,怎么还在一点就着啊 女的几个粉啊 跟他们计较什么,1,0,0,1572176940000
6390479854,做许冰晗的富婆,记录生活碎片2.0 : “有时候生活需要停下来，才能看到另一种可能” ,0,0,0,1572172080000
7262770896,朔方风雨,:#强对流天气灾害防御建议#3.注意防范雷暴大风可能造成棚舍和广告牌等搭建物的倒塌以及对高空作业、水域作业和航行的影响；4.注意防范冰雹可能对农作物和农业设施造成的影响。『天气预报 >> 强对流天气预报 >> 强天气落区』http://t.cn/Rc146vz ,0,0,0,1572171780000
6870592252,哈喽妹妹的想法,:别努力了 歇一会儿 走一走 你有没有认真观察过自己所在的世界？它是一颗以蓝为底色的球就像我们小时候玩的那种溜溜球 用一根绳子拴住 抛出去 扯回来 乐此不疲我们所在的星球也一样 一直处于动荡之中 海啸 地震 冰雹 各种各样的极端的境况 都是被一只看不见的手 抛出去 扯回来这个世界以什么为主？水？氧气？人！不仅仅是男人和女人 好人和坏人在医院 人被以疾病区分 有肺部感染的人 呼吸衰竭的人 重度烧伤的人 精神失常的人在日常 人被以地域区分 有生活在亚热带的人 跟极光相亲相爱的人 结婚当天穿婚纱作为仪式感的人 在战争地区依然坚持读书的人你呼吸氧气 吃下食物 通过劳动换取报酬 购买自给自足 费尽心思寻找到人群中属于自己的灵魂伴侣你没有发现 自己好像身处一场大型游戏偶尔 你突然觉得不想努力了 不想继续玩下去了 因为这个游戏有时候太难 有时候又显得太枯燥了吃饭 睡觉 赚钱 结婚 娱乐 然后死掉人这一辈子 就这么回事没发现吗 生活 是蹦一场漫长的迪一开始 你刚入舞池 什么动作都不会 只好傻傻地看着别人手舞足蹈 笨拙地跟着学慢慢地 你越来越自在逍遥 对每一个动作牢记在心 甚至还开辟出了一些新的手势 你呼喊 宣泄 像是自己的神再后来 你累了 长久的运动衰竭了你的身体 你终于停下了舞步 站在角落里 默默看着舞池里新涌进来的年轻的灵魂 你随时可以退出的捉住自己的动脉割下去吞服过量助眠药物迎头撞上飞驰的列车从十三楼跳下去放轻松 你随时可以退出 主导权在你问题是 看清楚自己所在的世界以后 你真的想要退出吗？游戏 可从来不止一种玩法呢也不会有人用同一个姿势蹦完整场的迪想开点 如果不想 就别努力了停下来 走一走 想想自己还没尝试过哪些新的姿势迪厅的节奏依然强烈 鼓点动次打次热烈得狠走吧 慢慢走想到了新的玩法的时候 记得回来大伙儿还等着你呢迪厅里 还有整点表演的姐姐你微笑着 摇摇头 混进汹涌人群……,0,0,0,1572171540000
2022430182,嗨我是你的橙子味,:卫生巾双十一💯券>>Go：http://t.cn/Ai164yjR>>>>>来一片乌云，瞬间将草原笼罩，豆大的雨点和冰雹从天而降，打得我们措手不及。我双手合十，凝视远方的雪山，默默地祈祷，一位藏民告诉我，那是神灵居住的地方。我知道，对于香格时拉，对于我只是一名过客，而对 ,0,21,0,1572171480000
6626094852,芝芝莓莓不要莓莓,:六点了，外面在下冰雹，我还没睡 ,4,0,0,1572170400000
1658478293,暴走比什么都重要,:一颗熊树，成长中历经冰雹、病虫害，现在不但自己长的繁盛，还分出去过几盆给别人。很了不起。家里像这样大的还有两株，年纪最大的那株应该有六岁（以按照在我家的时间计算），这株五岁。六岁的那株去年春天生了病之后以为救不活的，扔在花架最下面，想起来浇点水想不起来就算了，缓了半年之后居然有一半挺过来了。,2,0,1,1572167580000
3802438519,雪斐思虹,:观《后天》感悟电影《后天》讲述的是人类无节制的使用燃料导致温室效应从而引发地球大灾难，北极冰川融化，飓风、冰雹、洪水、极度严寒等巨变引发了一场无法挽救的灾难。自然的力量只能用神奇来形容，地球就像是一个沉睡的巨人，他允许人类在他的身体表面生存和繁衍，然而当人类无节制的耗费他的身体资源、榨取他的力量，他就会在沉睡中被唤醒，用他无形的巨手运用他神奇的力量来恢复他那已被人类破环的千疮百孔的身体，然后他会再次陷入沉睡，休养生息。当他的身体再次不堪重负的时候，他必然会再次苏醒！保护地球的身体、保护我们的家园、保护人类长久以来赖以生存的环境。珍惜地球给予我们的资源、珍惜地球赋予我们使用他的资源的权力，让我们能够长久的生存下去。,0,0,0,1572166020000
5178127154,林茜茜小妹妹,:墨尔本的天气是真的牛批😱  前一秒狂风暴雨下冰雹,0,0,0,1572164160000
3947453581,小萌娜娜-,乖宝宝们，我的孩子们，都别怕，冰雹再大，有娘在这，日后啊，你们要坚强，别以为娘不在身边你们就不听话，我可时时刻刻都在你们身边的，不许给娘淘气，不然啊我会很生气，很生气的，乖啊，娘先去忙了哈，宝宝们都乖，听话睡觉觉 奇想大事件的秒拍视频 ,0,0,0,1572162060000
6232717339,逃离凌晨两点半,分享图片 ,0,0,0,1572161160000
6615786457,Kkk46133,:杭州真滴太冷了8⃣️我怀疑在下冰雹,0,0,0,1572160500000
,鄙人有所思席,:冰雹砸了棉花棵尽光棍；全是光棍 ,0,0,0,1572160140000
,一些奇怪视频,:乖宝宝们，我的孩子们，都别怕，冰雹再大，有娘在这，日后啊，你们要坚强，别以为娘不在身边你们就不听话，我可时时刻刻都在你们身边的，不许给娘淘气，不然啊我会很生气，很生气的，乖啊，娘先去忙了哈，宝宝们都乖，听话睡觉觉 奇想大事件的秒拍视频 ,3,1,1,1572157020000
5996077821,做到好梦了吗ni,#年少时候最美好的样子#这应该是年少时候最美好的样子 我都笑傻了的微博视频 ,0,0,0,1572155220000
5875833582,本宫已经睡醒了_,:这个毛晓慧真是戏多，不提刘亦菲就没热度了？还雪花，我特么看到你还天天冰雹呢 ,47,0,6,1572152460000
5590578815,第一眼的你啊,:cnm的还雪花 我今天就是冰雹砸死你个不要脸的mxh ,1,0,0,1572151920000
,田佳佳,:#窦骁[超话]# 🌍 #窦骁穿行新西兰# 跟随@窦骁 展开血性十足的#穿行新西兰#，三十日的骑行之路，中途遇上大雨冰雹，但他们还是继续前行了。崎岖山地、颠簸的碎石路、风雪交加，机车的轰鸣声响彻静谧的新西兰。 #窦骁奇遇人生#🌍#探秘行星地球# 窦骁新西兰 风雨彩虹路 ,4,2,0,1572150300000
3292044221,上不了陆的镖师,:一场冰雹一根葱 ,2,0,0,1572149880000
6799437242,随遇而安05415,:A：你喜欢下冰雹嘛？Ch：原来喜欢。现在北方没有冰雹… ,0,0,0,1572146280000
,Xiaoqi_Guo,:冬令时啦，昨天下午我们这下了一点冰雹然后又继续晴空万里的样子,0,0,0,1572145740000
1154775480,人生若如初见何事秋风悲画扇,#家有儿女# 刘星:我平时就是这么打扮的,0,0,0,1572145440000
7322969165,尤渝谫,:#rt76# 从小长在青岛还从未见过今天这么大的冰雹虽然今天的我不在青岛但看到朋友发给我的图片还是很惊讶突然觉得在大自然的力量面前人类的力量小的就像蝼蚁一般生活不易没比较计较那么多平安开心就好 ,0,0,0,1572144060000
2721149330,小老公B,:任何叹息愧疚都无法使岁月的车轮逆转！什么都不宜迟；11下冰雹。 ,0,0,0,1572142980000
5836303723,我的心它总在变,:玉厚看玉亭这样没出息，才知道他半辈子辛劳，企图给孙家造就一个光宗耀祖人物的指望落空了。但他心平气静，并不为此而过分地懊悔。是啊，这是命运。正如辛劳一年营务的庄稼，还没等收获，就被冰雹打光了，难道能懊悔自己曾经付出的力气吗？ ,0,0,0,1572139200000
5788867906,Oo-蕾酱的日常-oO,:2019.09.26. 本地消防队成立75周年，老徐也48周岁了。这忙翻的一天，欢乐十分多。不过天气也是变幻莫测，我还从未见过这么厚这么密的冰雹呢。都说瑞雪兆丰年，希望冰雹也能滋润一下院里的植物,1,0,0,1572139080000
3188900464,youlingIII,:#BlackACE首秀游侠汇# 市场弱势尽显，跟随美股大幅低开，依靠亲儿子证券股、银行股狂拉硬拽，无奈没跟风盘！创业板盘中急跌超3%，大家逢低布局吧，别怕别慌，不然出个利好你就可能踏空！大家现在就想一人独享16亿美元，然后加仓猛干！醒醒吧，天上只会下雨下冰雹，不会掉馅饼！ ,0,0,0,1572135360000
5963963780,苏圳宁,:做了个噩梦 梦见学校在山上团建 天气突然开始变化 发洪水下冰雹 掉下来的雪块砸伤了很多人 马上大雪封山 大家都会出不去 学校迟迟没有行动 穆楠要和朋友私自开车跑路 我为了和她逃跑在疯狂扔行李 我梦见昊天了 我问他要不要一起跑 他说他要等彤彤 他好像有什么话要说 但是我在收东西没顾着听 后来他走了 那一刻让我感受到了我们之间落寞的告别,1,0,2,1572133860000
7298635025,小摩托精和大摩托精,:啊！这天气丫，就像感情，一会风一会雨，指不定还会下冰雹,0,0,0,1572133800000
2692312767,小九qiuju,:天上掉下来的，除了雨雪冰雹，可能还有陨石，但绝对不会是馅饼。就算会掉下来馅饼，接的住么 ,0,0,0,1572130740000
,Kathyyyy韵,:昨天中午突然下起了冰雹一粒粒的清晰可见看似极差的天气却心情很好 澳大利亚·墨尔本 ,5,0,0,1572130440000
6996122740,啊花方为XSR,:晚上十点 贝尔法斯特 头发是干的 但还是感觉有白天没化掉的冰雹 脚冷 穿着秋衣秋裤 躺在床上想 啊花 今天怎么不找我 曼城应该很暖 但应该没有考文垂来的让人舒心。 ,1,0,2,1572124500000
6997267515,叶落归根的羊,:我们从兰州出发己是第三天了，出了格尔木往南八公里处有一个监理所，我们汽车受到了严格的检查，远近光灯，转向灯，尾灯和制动等。我也就穿上皮大衣，皮靴。(青藏公路全长一仟一佰柒拾陆公里，从格尔木到拉萨，当时我挺激动，终于踏上青藏线了。一路南行我们汽车行驶在两山中间，公路旁的山沟里淌着请彻的雪水，我们汽车像蜗牛一样向前漫漫的爬行，偶然碰上一个车队(军车大约五十多辆)，人是根本看不到的。我们车行使了五个多小时，就到了昆仑山脉(海拨四仟柒佰多米，格尔木海拔二仟多米)。当时我就感觉呼吸急促，心跳加快，头发昏，我给师傅说我们烧点稀饭`喝吧。我就下车用山上的雪水淘米烧稀饭，我们车边走边烧(用的是汽油炉和高压锅)，我一只手抓的炉子，一只手抓着锅。汽车窗户摇下来冷的受不了，摇上去火就熄灭(高山缺氧)，只好留一点缝，一路走一路烧。到了五道粱云彩飘过来了就下起了鹅毛大雪，一会又下起了冰雹大的有鸽蛋那么大，小的比黄豆大。五道粱气候非常恶劣，一天有春夏秋冬四个季节，变化无常。我们一路行到温泉，就看到成群的黄羊和鈴羊往西奔跑，雪覆盖着青草，有的羊正在低头吃草，有的羊正在晒太阳，看的我是心旷神怡。我烧稀饭有三个多小时了，‘‘停车看了看还没好，我就继续烧。到了沱沱诃(它是长江黃河的发源地)沱沱河并不宽也只有十多米宽。我看稀饭也差不多好了，我们将就着喝了些稀饭继续前行，到了雁石坪我们汽车沒有油了，我们就开始加油，我不小心把汽油倒在棉被上(棉被下边盖的是冷冻牛肉)，当时我非常紧张，我师傅说不要紧沒关系，我就关上车门继续赶路。两个多小时后，我们到了唐古拉山口L诲拔五仟肆佰多米。我师傅就把车停在公路边上叫我把车门打开，把被子丟掉，让风次散牛肉上边的汽油味，我下车后感觉两条腿不听使唤，走路非常吃力，呼吸也非常困难，我们本来打算在那曲(黑河)住宿，因时间耽搁改在唐古拉山下的安多县住宿，我就叫后方车辆先行。第四天早上我们吃过早饭l酥油茶，甜饼，藏粑)就上路了。在藏区汊民很少基本上全是藏民。加上语言不通，交流非常困难，但是藏民对我们非常热情。他们非常好客。我本来打算看风景和风土人情，但看到的是荒京，渺无人烟，连只麻雀都沒看到，心情就像霜打的茄子焉了。我就开始睡觉，因高原反应，人也不是那么舒服。我师傅看我睡觉他就时时给我讲话，(害怕我一睡再也醒不来)我就迷迷糊糊。我们一路南行经过当雄县，又来到羊八井，到羊八井已是下午了，我看到大片的草地上有阵阵热气往上冒，我师傅给我说那是地热发电，供应拉萨市的用电。从羊八井到拉萨全是下坡，不是太远，我们汽车经过二个多小时的奔走终于在晚上到达目的地拉萨，我一颗提心吊胆的心终于放下了，终于平安到达拉萨。我非常后悔真是自作自受，以往进藏是坐火车从兰卅到成都，成都坐飞机到拉薛。这次出差真是苦苦苦！,0,0,0,1572124260000
5528088534,Cristina是条小锦鲤,:零度下冰雹的秋假,5,0,0,1572123600000
6364085898,九品沙雕妹,:女子本柔，为母则刚…澳大利亚女子用身体保护女儿免受冰雹袭击，自己却被冰雹砸得伤痕累累。澳大利亚昆士兰州布里斯班一名叫辛普森的女子因保护女儿免受冰雹袭击，得到许多人的赞扬。众人推荐她为勇敢奖提名人，将获得澳大利亚总理的接见。 ,1,0,0,1572122940000
1597671207,菇凉wo詪堅漒,:冰雹雨🌨 巴西 菇凉wo詪堅漒的微博视频 ,0,0,0,1572115440000
5485673796,-弡囘,:郎木寺镇_郎木寺有两个一个四川的一个甘肃的.住的房间刚好可以看见郎木寺景色好好.真的巨巨巨冷没电梯没暖气只有电热毯.海拔3650千米薯片面包都严重高反快要炸了.天气变化特别快下雨下冰雹晴天多云阴天.碰见一个特别好的藏族奶奶主动跟我合影.饭特别贵还特别慢还特别难吃买了牦牛干.喝到了好喝的胡萝卜汁给胖胖买了礼物.                                         10.21,2,0,2,1572112680000
3185358714,青石碧玗,:那大抵是这样的一种感觉：并行的时候，她告知你需小心前面的颠簸，你问为什么，回答是她曾经摔过。你很气愤，替她气愤为何曾不小心跌了跤，却又需带着对来人经验的敬意。你没挨过打，没挨过打的瘦条身板自然挨不过冰雹砸，而你躬着腰抻着俩手臂心想能挡些是些时，却看到她在屋檐下驻足歇息。她说没有这个必要。你不服气，打算取巧抖机灵，而结果却跟你想的不近相同，直到你觉得她吃过的盐比你吃过的饭还要多。“吃这么多齁不死你”你拿她的任性没办法，执拗不过，自己跟自己怄气。而她在下雨时又偶尔会牵住你手。“那边可以躲雨，去那边吧。”于是你又拿她任性没了办法。雨很快就停了，她也看似知道这是场很快会停的雨，站起来拍了拍裙子。“那，我要走啦”她就往前走了这不是你第一次感受到距离。,0,0,0,1572111180000
5315908103,一柯蛋挞,:#Daily life#             这周是被冻死的节奏 之前在超市买的一把1欧的雨伞 前天下冰雹直接把伞给砸穿了😐😐😐 ,3,0,2,1572111120000
5252331248,结冰水乐队,":结冰水得以解锁一个新地点——宁波#鲜氧音乐节# 。在来之前好几天就看过了天气预报，上面说26号会下雨。以前总是说天气预报不准，但是如果说要演出，那它就是这么准。下点小雨其实还蛮符合结冰水的风格，如果下冰雹会更贴切吧。        演出还蛮顺利，云逸说Till the moon's upside down他唱的实在累，感觉回去要监督他去跑步来提升下肺活量了。回去也要继续写歌了，不然每天都有人来问什么时候去上海去成都去重庆去哪里哪里，争取早日巡演去见到你们。        演出结束后看到了永驻发的朋友圈，那一刻的心情说实话蛮复杂的。        结冰水已经在奔跑的路上，我们想要做好每一首歌，演好每一场演出。 http://t.cn/Evk4evd",29,0,10,1572106860000
,檬柠小叫我,:终于逮着机会去了慕田峪长城，多年前就在书中得识此地，今日有幸看了红叶和日落，认识了老舍先生笔下温柔的北平的秋，不由得做作几连拍。        “北平之秋就是人间的天堂，也许比天堂更繁荣一点呢！        天气正好不冷不热，昼夜的长短也划分得平均。没有冬季从蒙古吹来的黄风，也没有伏天里挟着冰雹的暴雨。天是那么高，那么蓝，那么亮，好象是含着笑告诉北平的人们：在这些天里，大自然是不会给你们什么威胁与损害的。西山北山的蓝色都加深了一些，每天傍晚还披上各色的霞帔。” http://t.cn/RyhYagq,6,0,0,1572106620000
,y小郑篱传焱,:冰雹砸了棉花棵尽光棍；全是光棍 ,0,0,0,1572106440000
5955077572,E_949,:谁会喜欢下雨天啊！要不是有男朋友陪我在家里我也不喜欢下雨天！但是如果是肖战陪我的话，别说是下雨了，下冰雹我都可以！！！ ,158,1,22,1572105060000
6739029569,不仅会吃还会饿,:#李现药不然# lx#李现美的品牌代言人# 我们一起面对困境把帽子扔入竞技场面对各种天气不畏惧任何事情当太阳升起我们就会，上路不在乎到达何处阳光很热但我们不会掉头因为我握着你的手你也让我觉得无所不能因为你和我一起穿过大风和冰雹航向世界@李现ing ,0,0,3,1572104580000
6348069040,夙尽怀,:我:哥，救救孩子吧，帮我盖楼啊，我一个人奶不动全队啊哥:我淘宝卸载了我:那你现在连着WiFi吗？可以重新下载吗？哥:....等我我:好滴，hhh，爱你，哥哥。我太难了，我的队友们都不动，我一个人带全团，QAQ哥:换一个队呗我:我不知道换去哪呀我:可以帮我盖楼吗？吴:好了我:你宿舍还有没有人，救救孩子吧我:终于追上了，不容易啊吴:你们队还差人不我:这是橘猫的队，我好难，哇的一声哭出来吴:[表情包]（安慰）我:现在不差了，之前就我和橘猫两人吴:那是挺难的，所以就想把我骗进去我:我之前问你，你说不玩，不买东西吴:我进去也就凑个数，什么也不干我:你是不是帮我发群里了啊，然后有很多人帮我，然后我就追上了吴:嗯，你们人满了不，好冷，我想买衣服了我:橘猫说让你进来替代冰雹吴:我怕他不开心，你们说行就行吧，不行的话我去组个实力队我:把我拉进去，谢谢，我太难了吴:你不是和🐱在一起嘛，我怕我把她的得力干将带走了她会打我我:不不不，我奶不动全团吴:我估计没时间，明天一天都忙我:就让冰雹成为我们的吉祥物吧吴:快把那个吉祥物丢了，换上我，像这样[图片]（踢狗下桥），把吉祥物踢出去我:厉害厉害,0,0,0,1572104340000
5873407367,本妹妹不想长大,:分享今日份的小幸运淋了一下午雨加冰雹从头湿到脚也觉得值了,6,0,0,1572101460000
5911849769,西柚西柚_see,这个视频真的太美好了,2,0,0,1572101340000
6366518744,莫得救老,:明天下冰雹我都要出去逛街，没有人可以阻止我 ,0,0,0,1572101100000
6758186382,小橙小橙心想事橙,:蹦个迪还要心系工作某人的十分钟真是比鬼投胎都长@大头冰雹_Shutterbug ,0,0,1,1572100560000
6909605795,渣浪赶紧倒闭吧,:http://t.cn/EoiUZBo,0,0,0,1572100500000
6710710658,哈喽哈哈哈喽哈,:#如何追到书法家# 走在回家的路上下着雨每一口呼吸鼻腔里都是湿润润的“冰沁”昨天上就盖了两床厚被子睡得特别舒服裹在厚被子里的感觉就很暖和踏实“而且厚厚的压在身上很有安全感”“我吗哈哈”“,0,0,0,1572100200000
6579346112,丢了儿子,:@全员噤言0805·1005在,18,1,8,1572100080000
5590870018,徐典大人_,:刚刚下了一场小冰雹  现在是小冰糖@蔡嘉译大人_ @-小源崽 ,29,0,5,1572099180000
5836437709,CHAN节节,:说过好多好多好多话想做好多好多好多事怎么只有那些不好的成真了我也希望我可以有登云梯爬上去看看更高的世界却忘了登云梯需要自己建往上爬的路上总有冰冷的雨水冰雹重重地击打在你的身上寸步难行 ,1,0,1,1572098580000
2258816040,拾壹贰拾陆-,:怎么办 我真的好害怕上公开课 公开课那天可不可以下大冰雹啊 路凝冻 这样就不用去了 ,0,0,9,1572098400000
6605402619,梦幻电影厂,:#电影视频咖#蚂蚁搬回来一盒方糖待产的蚁后只吃了一口，就像下冰雹一样产卵 梦幻电影厂的微博视频 ,0,0,0,1572097380000
5583244899,今天背英语政治专业书了吗,周震南在线吃瓜又憨又好笑 一直追着于小彤问干嘛录陈小纭  被这个断网憨憨笑死哈哈哈哈哈哈哈哈哈哈哈哈哈哈哈哈哈哈哈哈哈哈哈周震南：你干嘛明目张胆的录别人,0,0,1,1572097140000
1957035670,听我哭,:大洋路2日游，经历了晴天，雨天，冰雹雪天，春天，夏天，冬天。狂风吹了一天，印度洋的风，吹响了我回家的信号，哈哈哈哈哈！所有的美景，期待未来和老公一起欣赏！,0,0,0,1572095760000
6335816078,披皮妈粉,:#经常请金宇硕吃饭的漂亮姐姐[超话]# 和情敌@冰雹_Hail （不是请小说吃饭 ,5,0,3,1572095580000
2018710907,艾米尔妈妈·娜様时光,:阿联酋即将迎来最佳季节天气随着冬天的来临，阿联酋各地的气温已经下降，大雨和冰雹袭击了该国的部分地区。据阿拉伯空间与天文科学联盟(Auas)成员Ibrahim Al Jarwan称，阿联酋即将迎来最佳季节天气。他补充说，Al Wasm为期52天，将从2019年10月16日开始，到2019年12月6日结束。有时Al Wasm会持续60天，随之而来的是凉爽的天气和雨水，而寒冷的冬天在Al Wasm之后结束。 http://t.cn/Ai1VVrVP,0,0,0,1572095280000
,十月十萌_,:大风大雨去看了《少年的你》 我想说下冰雹去看这电影也值得！ ,0,0,0,1572094200000
6017186808,樊欧巴-,:夏冰雹 ,1,0,0,1572093540000
6642402137,肖苏苏就是我,#我的热浇不灭# 据可靠消息，11月1日的上海万象城将空降一座雪场，好玩又好看的#玩冬雪院#即将神秘出现！你们的@黄轩的微博 也将出现在现场，和大家分享一个“惊天秘密”！大家来猜猜看，黄轩的秘密会是什么呢？评论区留言说出你的猜测，随机抽取1名幸运鹅亲临现场，有机会面对面向黄轩求证~（仅限上海地区） http://t.cn/Ai1h37Mm,0,0,0,1572093420000
6421121751,探索影视圈,:#影视剧里的爆笑名场面#时隔多年，这段还是看一遍笑一遍！家有儿女爆笑经典台词：我叫夏雪，我叫夏雨，我叫“夏冰雹”  家有儿女爆笑经典台词：我叫夏雪，我叫夏雨，我叫“夏冰雹” ,4,0,0,1572093300000
,董宴宾j,:冰雹砸了棉花棵尽光棍；全是光棍 ,0,0,0,1572092880000
6473371285,大橙澄橙澄子,:想下大雨下冰雹下暴雪想要冷空气袭来,0,0,0,1572091560000
,中南财经政法大学,:#深夜语人生##影视剧里的爆笑名场面# 哪部剧的名场面令你爆笑?菌菌先来：夏雪夏雨夏冰雹 ,34,0,11,1572091260000
,尧约悦_,:十月飞雪 我太喜欢了,15,0,9,1572089520000
,小青头HOTELz,:冰雹砸了棉花棵尽光棍；全是光棍 ,0,0,0,1572089100000
7262770896,朔方风雨,:#强对流天气灾害防御建议#3.注意防范雷暴大风可能造成棚舍和广告牌等搭建物的倒塌以及对高空作业、水域作业和航行的影响；4.注意防范冰雹可能对农作物和农业设施造成的影响。『天气预报 >> 强对流天气预报 >> 强天气落区』http://t.cn/Rc146vz ,0,0,0,1572088800000
7109415405,朱一龙家的憨憨,#爱上可口可乐#金秋十月即将走到尾声，这一个月你过的如何，十月有没有对你好一点~不管生活对你如何，郑太肯定是挺你到底！今天郑太就要送上本月的“元气小物”——『可口可乐咖啡+』。可乐＋咖啡，畅爽+提神，一经上市就被各大明星追捧，更被网友们称为“饮料界新神器”！一整箱让你GET#朱一龙[超话]# 同款，关注郑太并转发评论点赞并@ 3位好友 郑太抽一位幸运儿10月28日送你【#朱一龙[超话]# 抱枕】！希望每个小伙伴在剩下的10月，开开心心迎接冬天啊！@微博抽奖平台,0,0,0,1572084780000
1838818642,南瓜默默长,:澳大利亚真美，不过风太大气温过于多变一日又大太阳又冰雹又大雨的，小企鹅非常可爱，不允许拍照但是很值得吹这么久的风。 澳大利亚·菲利普岛自然公园 ,6,0,12,1572083280000
6332369673,哈喽感恩我的世界有你,":不辜负您对我的钟爱风雪 冰雹 霜冻练就了我晶莹剔透的""冰糖心“我好的 不仅仅是味道还有那不可多得的营养我励志要做苹果中的翘楚才不辜负您对我的期待我是静宁冰糖心苹果我生长在遥远甘肃静宁县这里海拔1800米 无污染天很蓝 太阳很辣昼夜温差极大三月萌芽-风雪四月花-霜冻六月初果-冰雹七、八、九月成长-暴晒+间歇性冰雹十月成熟-落雪十一月风雪中沉睡等待明年的春暖花开这就是我的独特的人生说来也不易 咱们彼此珍惜爱你！ http://t.cn/R2Wx0k2",2,0,0,1572082740000
6559310669,小圈姐姐v,#张艺兴[超话]#天呐！这是真的吗？某学校七年级，大课间1000余人齐跳张艺兴的《Honey》！真的是全民《Honey》了！仔细看，《Honey》有超多的肢体伸展运动，真的很适合青少年体育锻炼啊！张艺兴牛掰~,2,0,0,1572082320000
5873813963,庆阳董志塬,#庆阳爆料# 【汤圆大冰雹砸裂6万斤待售苹果，果农1元一斤甩卖】近日，甘肃庆阳，果农周志善家种植的15亩苹果园成熟，但有18万颗套袋苹果不幸被冰雹砸伤，果皮开裂。周志善说，他家有近6万斤苹果遭到不同程度受伤，为不影响口感，这些苹果急需尽快销售出去，本地购买只需1元1斤。http://t.cn/Ai3RQ4oT #城市生活家# @庆阳贴吧 @唐局长 @阿贵时评,0,0,0,1572081120000
5873813963,庆阳董志塬,#庆阳爆料# 【汤圆大冰雹砸裂6万斤待售苹果，果农1元一斤甩卖】近日，甘肃庆阳，果农周志善家种植的15亩苹果园成熟，但有18万颗套袋苹果不幸被冰雹砸伤，果皮开裂。周志善说，他家有近6万斤苹果遭到不同程度受伤，为不影响口感，这些苹果急需尽快销售出去，本地购买只需1元1斤。http://t.cn/Ai3RQ4oT #城市生活家# @庆阳贴吧 @唐局长 @阿贵时评,0,0,0,1572081120000
,坚果的小于DAYTOY,#颜宁#本肖战粉来说明一下。在点开这位颜宁教授的热搜之前，肖战粉丝根本不知道有这件事，颜教授转发了一个id里带肖战名字的粉丝评论“姐你好凶”，事实上这个人的言语也没有不尊重颜教授。紧接着就是一个火箭rs，热门都是按头肖战粉丝撕颜宁？现在怎么又演变成两家粉丝battle了？肖战粉一天被安排了八百个剧本，肖战粉永远不知道今天又要被扣什么锅。因为个别粉丝上升群体的事已经不是一两次了。颜教授刚刚也发了微博表示这个rs很奇怪，没有当事人愿意这么营销的。整个过程太莫名其妙了，大家散了吧。,0,0,0,1572079860000
1965683690,新都资讯,:#不忘初心 牢记使命#【来自4000米高原上的锦旗，是他们收到的最好的礼物！】金秋十月，风光无限，正值举国上下大力开展“不忘初心、牢记使命”主题教育之际，祖国西部高原理塘县却已是白雪皑皑、冰雹肆虐。因脱贫攻坚行动正进入攻坚期，理塘县住建系统人员及技术力量严重缺乏，成都市新都区住房和城乡建设局临危受命，成立组织，精选人员，研讨方案，明确要求，派遣9名技术骨干奔赴高原，为期10日，助力理塘脱贫攻坚之行。http://t.cn/Ai1tBojo,3,0,1,1572079740000
,千面雪妖,:昨天叫个外卖，手被外卖的盒子划伤了；网上买了双鞋，寄到发现给我寄错款式了，我想买的那款已经没有我的码了；今天晚上出去吃饭，一出门开始下雨后来变成下冰雹，然后走到家就停了；晚上身体不舒服想着早点睡，小区警报十二点响了一次，起床穿衣下楼，一点警报又响一次，又起床穿衣下楼💆🏻♀️💆🏻♀️💆🏻♀️💆🏻♀️💆🏻♀️💆🏻♀️💆🏻♀️💆🏻♀️我这一天天的，太难了,1,1,3,1572078540000
5483179358,Myuus_,#转发抽奖# 【金秋季，兔儿神送福利第14波】宠粉我们是认真的！关注@文旅北京 和@北京欢乐谷 转发本微博并@ 两位好友，10月28日将在@微博抽奖平台 抽取五名幸运儿，免费获得10月31日北京欢乐谷价值299元的免费入园名额一个#万圣来鬼混# 北京欢乐谷假面糖果节捣蛋来袭！七大鬼屋，奇域魔幻，互动鬼趴，僵尸游园，假面电音，惊彩不停歇！万圣狂欢夜，就差你了！ http://t.cn/Ai3gEjrT,1,0,2,1572078120000
2157563030,萌徒MD,:一天以内，见过了流星，见过了艳阳，见过了阴天，见过了下雨，见过了大雪，还见到了冰雹，齐了。天气预报在高原上可能会生无可恋吧,1,0,0,1572078000000
5655250886,只管喜乐,今天顾医生来宠粉了关注顾医生@顾魏 转发这条微博并艾特三个好友26、27、28连续三天送三位小可爱南京音乐会门票中奖的小可爱再送5000大洋不用花一分钱，顾医生给你全包了PS1：28号那天送的门票是内场的PS2：记得拍照回来给顾医生看哦 ,0,0,2,1572077640000
,老鼠皇帝首席村妇,:一会儿雨，一会儿冰雹，动不动秀出一条彩虹给你，而风一直都在嚣张大啸。苏格兰高地的美，不温婉，也和柔弱无关，它是粗砺带着棱角的，让人深切地感受到：风雨之后见彩虹，生命的质感需要苦难的打磨。老鼠皇帝首席村妇在遥远的天空岛问你一声：朋友，早安,5,0,2,1572077160000
,我们叁32,:老二大呼小叫非得让妈妈下楼看。数不清是今天的第几场了。几年来最大的一次冰雹。 ,0,0,0,1572073080000
,小萤火虫丫,:艹突然下起了冰雹…… 澳大利亚·墨尔本 ,0,0,0,1572072960000
7172374473,syy二的六次方,:1944年遭到轰炸，1958年花窗玻璃被冰雹击碎，这教堂太惨了 ,3,0,0,1572069480000
,程小远胖够了,:喜迎今天的第五场冰雹😂😂#昨天35度今天8度#老天爷时时给惊喜#早上风下午雨就是不给你跑步 澳大利亚·吉朗 程小远胖够了的微博视频 ,3,0,1,1572069240000
,唯美之飘香,:#簌TK栎#加拿大网友近日拍到的夸张一幕：窗外电闪雷鸣、狂风大作、暴雨夹杂着超大颗的冰雹不断砸向窗子，仿佛电影大片里的特效场景....,0,0,0,1572067680000
6504391160,雨阳小童鞋,:《蚂蚁搬回来一盒方糖，待产的蚁后只吃了一口，就像下冰雹一样产卵》蚂蚁搬回来一盒方糖，待产的蚁后只吃了一口，就像下冰雹一样产卵http://t.cn/Ai15WZ07 ,0,0,0,1572066660000
,阿糖糖糖糖糖糖糖糖糖糖,:下了studio在学校各处拍拍拍📸去happy hour蹭吃🌮🍺IMA射箭🏹小达克吃撑,8,0,4,1572066480000
3265755940,上海优橙贸易有限公司,:#啊晕兴#网友在室内记录了猛烈的冰雹袭击玻璃的过程，这景象真的刺激…  胡椒视频的微博视频 ,0,0,0,1572065400000
,coffeehounds,:下面插播墨尔本天气要闻。昨日墨尔本气温高开低走，最低气温刷新近2周新低，重挫70%，据市场预报员称，建议羽绒服等装备继续持有，高抛低收。今日早晨，风速距离历史低位已不到4%，最低气温报10摄氏度，体感温度接近8，并伴有冰雹。气温有风险，晒衣需谨慎。#CoffeehoundsAtMelbourne##猎狗在墨尔本# ,3,1,1,1572065340000
6221532972,艺海洋,:本以为住山上就可以过着神仙的日子，没想到经历的狂风暴雨一点儿也不比山下的人少……昨天艳阳高照，今天风雨冰雹齐来，老天爷，明天您能赏个好脸儿吗？……,2,0,0,1572064800000
6457394165,黒沢一番,:就刚刚经历了一场冰雹………我的车还停在楼下 刚下去看了一下还好没啥 ,0,0,0,1572064620000
5196667807,Moo_快快快刀斩乱麻,:下午岁月静好 晚上开始疯狂冰雹,0,0,0,1572064500000
3951864875,仅____,:大前天热到人凌晨四点才睡着 今天就不打招呼下冰雹,0,0,0,1572064140000
2351561267,胖胖小脂肪,刨冰系列🍧🍧转 圈 2位小伙伴  一周后平台chou一位 song刨冰三种各一只（做耳环或耳夹都可）谢谢喜欢😘  抽奖详情 ,0,0,0,1572063900000
6754590222,予忱_,:西雅图真是神奇的天,2,0,0,1572063660000
5018835695,养晚,:早上六点睁开眼 看到老妈群里说墨尔本下冰雹了 很冷 问我天气让我多加衣 老姐说今天的“大事”推到下个月 等等我们 突然想家啦 我这个老年人 十月 一家五口 三个大洲 五个城市…大概就是年轻要走很多路 以后只想留在家里 瑞士·韦吉斯 ,0,0,0,1572062940000
6374256456,FM-799,:美丽西雅图 快乐冰雹,1,0,1,1572062520000
5311583083,用户1798052300,:南方孩子第一次体验到了冰雹砸窗的感觉 ,1,0,0,1572062160000
7314879551,A菜籽奶,:从小张一山演技就爆表一句我叫下冰雹，不笑都不行下冰雹看一次笑一次好想再看一遍家有儿女超喜欢张一山的。 A菜籽奶的微博视频 ,3,0,0,1572061320000
,吴鞑靼,:夏末出生的鸭子挺惨，得在秋天学游泳。抬头是冰雹，低头是冰湖。 ,83,7,1,1572061020000
7283952948,领航-Facebook,:,2,0,0,1572060000000
7314048717,哈哈哈嘻呀,:家有儿女里边的看点太多啦，印象最深刻的有，我叫夏雪，我叫夏雨，我叫下冰雹,0,0,0,1572056400000
5960164268,今天迪克翘臀格雷森回来了吗,:半天下来吉村已经经过了大风，冰雹，大雨和晴天,1,0,1,1572055860000
5072848780,aboluo168,:狂风暴雨冰雹，吹的感觉房子要倒了,0,0,0,1572055560000
5803370925,慘綠青年蕊蕊,:做梦梦到和小学同学手拉手去上学，天还在下冰雹，太勇了，艰难了走了好久然后放晴了，还高兴的拉着对方的手说我有对象了,0,0,1,1572054840000
2174213501,-QYDYCMBS-,:管院老师：我们十二月就实验一个星期不耽误你们。体育老师：今天下冰雹你们也得体测。,2,0,0,1572054660000
,晶晶Violaaaaaa,:#华晨宇[超话]# 1、选哪都是他为了让我们尽快回家；2、商业价值人家偌大一个公司就没我们这些非专业人士懂？3、下雨就下雨，他为了开这个演唱会付出了多少，只要他会出来唱，下冰雹我都去看。说好的随yu而安、为了他不顾一切呢？4、都在说北方路人盘，要是现在你哥就是放弃路人盘只为了让我们回家呢，站在道德制高点指责这个指责那个有什么意思？5、短时间内把一个大型演唱会整个搬到另一个城市有多难我们不是gzs不是ddym更不是hcy本人，天知道里面得投入多少人力物力财力，不管改址改期改到哪我相信都已经是眼下最好的安排。你哥有多疼歌迷你们自己没点数么？6、别去艾特这个人那个人地骂，没必要，决策永远不可能是一个人作出来的。最后：今年的演唱会不管在哪开我都当作是他送给我们最大的礼物，我都会怀着最虔诚的心去接受并且享受。我只希望他开心快乐地完成这个“每年最重要的约会”，而不是遗憾内疚👌🏻,33,1,10,1572053820000
6649765194,网瘾少女郁,:饥荒的雨声很真实很舒服！风季快乐捡冰雹,0,0,3,1572052140000
5234808874,JYJ吧_CommodityHut,:当你独自去淋了一场冰雨冰雹之后，你就能戒掉一切的依赖心和玻璃心。 ,0,0,0,1572051120000
1039197400,关耳草容66,:冰雹中前行 澳大利亚·奥特韦树顶漫步 关耳草容66的微博视频 ,0,0,0,1572049020000
2694713101,-Lee-mY-99,:嗯，是秋天的味道，不怕晒黑不会出汗即不热也不冷没下暴雨也没冰雹不用添衣也不用吹空调。 ,0,0,0,1572049020000
1039197400,关耳草容66,:大洋路之奥特威树顶漫步竟然下起冰雹 澳大利亚·奥特韦树顶漫步 关耳草容66的微博视频 ,0,0,0,1572048900000
,蓟飞,:冰雹砸了棉花棵尽光棍；全是光棍 ,0,0,0,1572047400000
3928899468,骑着牛找对象,:冰雹砸了棉花棵尽光棍；全是光棍 ,0,0,0,1572047100000
3741394932,墨莲hcy,:#华晨宇[超话]#有些人想趁机会制造矛盾，打压花，打压哦et。花火感情让他们嫉妒，花的才华和成绩让他们疯狂！所以，亲爱的火火们，把握好自己的节奏，不管外面是狂风暴雨还是雷霆冰雹，屏蔽，紧紧跟着花，走自己的路！官宣前，请闭麦，打榜，做数据，用最好的环境迎接大魔王的归来，接我们回家！ ,8,0,1,1572047100000
3937280153,庆哲茵,:冰雹砸了棉花棵尽光棍；全是光棍 ,0,0,0,1572046920000
,JackMoji,:#OR日记#  第25连，险象环生。冰丫头出场率低主要是因为不用冰雹我心里没底，而冰雹占一个回合又有点碍事。 JackMoji的微博视频 ,0,0,0,1572046440000
