2644596481,紫东兄弟,:1米的海啸有多恐怖？原本毫不在意的日本网友知道真相后惊呆了 http://t.cn/Ai0i6bvu ,0,0,0,1561910340000
3045324982,zzxiaon,:你路过时 我内心一阵海啸 梅州·梅州万达广场 ,34,0,19,1561909860000
,mynameislizhiqin,【台湾地震中心：台湾沿海发生5.7级地震】据台湾地震中心发布的消息，6月30日台湾沿海一带发生5.7级地震。http://t.cn/Ai0MLuz7 ,0,0,0,1561909620000
5828800966,KarryxRoy,#追星女孩圆梦大赛#少年时代永不完结。@QQ阅读 ,0,0,0,1561909260000
2962902004,Mmiro舆坚定的眼神,:#圣所2.0##林俊杰#   等到黑夜翻面之后会是新的白昼等到海啸退去之后只是潮起潮落 ❤ ,1,0,2,1561909200000
3027816774,CC_棒棒冰,:那一刻你心里有场海啸，可你静静站着，没有让任何人知道。 ,1,0,0,1561909200000
,Vinny要变excelsior,#童年时期的荷兰弟# 姨母笑根本就停不下来,0,0,0,1561909140000
,是你B1ack_,:那一刻 我心里有场海啸 可我静静站着 没人知道. 微博视频 ,0,1,0,1561909140000
,蛐宝嘤,:@音乐人前男友 @吴海啸Tsunami 就怕rapper说情话//不做你共同好友 长春·音浪 ,23,0,20,1561909080000
3123665347,遂心琐慾,:#邹市明战无止境# “喂，如果明天地球毁灭我就嫁给你”…“恩”…“喂，如果明天地中海海啸我就嫁给你”…“恩”…“喂，如果明天2012我就嫁给你”…“恩，脚抬起来，我要拖椅子下面了”…“喂，你给点反应好不好，我说我要嫁给你耶”…“在中国立同性婚姻法前，就算哥斯拉登陆都没用，好了，今天该你? ,0,0,0,1561908720000
5537805335,荔枝腰很好,:我太喜欢你了，以致常常凋零在夜里。黎明有信天翁一声，我就化作海啸。 ,0,0,0,1561908660000
,ve_fng7,:心里有场海啸nite ,1,0,0,1561908360000
2678075394,過期便利店,:“暗恋是风喜欢是海啸爱是海” ,0,0,0,1561908240000
5101781982,用户kppj0bhkoa,:#成语天下# 地震，海啸，疾病，战乱，都不能阻挡爱的声音和力量，只要我们在一起，就永远不是世界末日。 ,0,0,0,1561908180000
7008645426,摆渡僧侣,:生活的苦恼根本不值一提 心里的富足才是拥有 那一刻你心里有场海啸 可你静静站着 不让任何人知道 ,1,0,0,1561908120000
,容颜迟暮时,:#刘宇宁的小娇妻[超话]# 当你经过的时候， 感觉好像有一场海啸路过， 我知道那是爱情的声音 ,0,0,0,1561907880000
2258315764,王王王多多,:今天的发型怎么肥四？？？我发出海啸 ,3,0,13,1561907820000
5539456520,嗳在520可儿,:我就处于这种阶段，往前走 没结果，往后退 感觉心里要经历一场海啸，在一起快4年了，感觉就像家人一样，离别太难受，莫有勇气， 明知没有结果的爱情，你会选择吗？ ,0,0,0,1561907640000
2044412303,BeautifulYue-,:等到黑夜翻面之后 会是新的白昼 等到海啸退去之后 只是潮起潮落 别到最后你才发觉 心里头的野兽 还没到最终就已经罢休 心脏没有那么脆弱 总还会有执着 人生不会只有收获 总难免有伤口 不要害怕生命中 不完美的角落 阳光在每个裂缝中散落   #裂缝中的阳光[音乐]# @林俊杰 http://t.cn/8FUT6ze,1,0,0,1561907640000
,覃秋筠,:海啸来了快跑,0,0,1,1561907580000
5598271460,凡轻尘,:#朱一龙井然# ,4,0,1,1561907520000
6124277119,一句感心的爱,:那一刻你心里有场海啸，可你静静站着，没有让任何人知道。 . ,0,0,0,1561907340000
5327297247,Nong女孩,:JJ啊啊啊💜 💜 💜 💜  等待黑夜翻面之后会是新的白昼💜       等到海啸退去之后只是潮起潮落💜 @林俊杰 @林俊杰国际歌友会 #林俊杰# 💜 💜 💜 哈尔滨·哈尔滨师范大学 Nong女孩的秒拍视频 ,3,1,0,1561907280000
5782606776,Pearce桐,:#@大冰 致大冰叔叔：  嗨~大冰叔叔，我是一名来自西安的17岁女书迷，学渣一枚，文笔不好，请不要见怪啊😂 😂 虽然这三本书出版的时间较早，但内容仍不陈旧，今晚准时九点读完了《乖，摸摸头》的最后一个字，怎么说呢…感触很深。  《我不》这本书读的时间早了，或许就是在我现在坐的课桌前读完的吧，哈哈哈。其次是《阿弥陀佛么么哒》就在上一周，上课时间，数学课看的，要不是这本书新奇的内容支柱着我，我可能就睡过去了，数学简直是玄学…《乖，摸摸头》呢…最近期末考试刚结束，也没有什么事就翻开了第一页，没有想到越看越入迷，甚至熬夜到凌晨两点，都觉得乐此不疲。你在每一本书后面都会这样说：既然大家爱看我的书，那干脆我们一起来制造一个故事好了：如果你读完了我的书，请在微博上@我，不论你躲在这个世界上的哪个角落，只要抽中你，我会背起吉他送你一顿烛光晚餐。不论山崩海啸还是天涯海角，我必赴约。我也不奢求那一顿烛光晚餐，赴约与否也算是缘分一场吧…我只想让你能看到我的感想，对于你来说也算是一种写作的动力吧。  第一次知道你的时候，是听了你唱的一首歌--《陪我到可可西里去看海》歌词里可以看出你是一个神秘且有故事的人，所以我就走进了你的世界，干下了那碗浓烈苦涩的江湖黄连汤，我看到了你笔下那些和不幸的命运抗争勇敢说出“我不！”二字的人，那一幕幕就像在我眼前，当厄运降临时，内心多了一份酸楚，眼眶红润，最触动的并不是这些不好的命运，而是每一分每一秒的坚持即使他们最后选择了离开，选择了放手…  还有那十二个传奇故事，我印象最深刻的是小芸豆…我第一感觉就是她是个狼人吧(比狠人多一点)她的每一件事让我嘴巴一次比一次张得大，都可以塞下一头鲸鱼🐳 (哈哈哈，开玩笑)我也很喜欢她，“五毒俱全”的女人不一般啊…独立的处世观价值观，独立判断思辨能力，独特的人格魅力，独特的生活方式。或许这就是每一个人独特的地方吧…“担心”二字笔画少，但从另外一个角度去看，你未必能说出来什么…毛毛和木头的爱情故事，啧啧啧看到一半的时候都替木头感到心疼，付出的努力和回报之间竟然是反比！！！但功夫不负有心人，那一瞬间的动心以及肯定“就是她了，娶她娶她！”这让我实名酸了一波🙃 🙃 嗯…对~还有昌宝隔着十万八千里都能感觉到蠢萌蠢萌的气息，因为我个人比较喜欢狗狗🐶 更何况还是一只二哈(有意思啊~)它的一举一动甚至一个微妙的歪头杀都能让我笑的咯咯咯~  还有两句话给了我巨大的动力：1⃣ 是啊，你我都是普通人，知事、定性、追梦、历劫、遇人、择城、静心、认命…嗖嗖嗖，一辈子普普通通地过去。普通人就没机会成为传奇吗？你想不想用普通人的方式活成一个传奇？2⃣ 人人都希望在平凡的人生里捕获惊喜和壮丽，为此，人们一而再再而三地做着多项选择，且马不停蹄。可许多人臆想中的惊天动地，大都不过是烟花一样仓促收场的自我感动而已，想得到一份传奇没那么容易。归根结底，就是为了自己的初心再搏一次。十二个主人公，条件比我差无数倍，但是他们还是成功了呀…无论再怎么平凡的人，只要我有那个野心，哪怕摔得粉身碎骨，撞得头破血流，从头来过，成功与否到后来都不怎么重要了，起码我敢自豪并且无憾的说：“我努力过！”老谢确实挺让人心疼的，离自己的目标只差一步之遥，但是朋友第一啊，哪怕我重新来过，我有的是时间、精力、机会还有那一份坚持，年龄不是借口！  缘深缘浅，缘分聚缘散，惜缘随缘莫攀缘。  忽晴忽雨的江湖，祝你有梦为马，随处可栖。  已经迫不及待想看你其他三本书啦，努力攒钱ing…  总之，百年修得同渡船，你我书聚一场，仿如共舟，今朝靠岸，就此别过，临行稽首，于此百拜。有缘他日江湖再见…  蟹蟹你~大冰叔叔❤ ❤                                                                                                                                                                 Teresa Pearce                                                                                                                                                                      (小不点)                                                                                                                                                             于2019/6/30晚11点,3,0,0,1561907220000
5315582597,爱小橘的小橘妹亽,:#林彦俊[超话]#我喜欢你是那种一想到你的名字心里动辄海啸山鸣的喜欢晚安@林彦俊 梦里见#林彦俊LANVIN男装秀##林彦俊巴黎男装周# ,0,0,0,1561907100000
,IEW_7,:闭眼下注 压中一个吴海啸 🤲 @吴海啸Tsunami #tsunami吴海啸#  真的！太！帅！了！ 做稳大佬的livegirl了🤳 ,4,0,0,1561906980000
,每日一句心情签名,:那一刻你心里有场海啸，可你静静站着，没有让任何人知道。 . ,37,29,1,1561906920000
,纪实频道,:【正在直播】惊险救援：乘客们被困在一辆即将被沸水灌满的汽车里；皮艇在瀑布中搁浅；一辆汽车被山体滑坡吞没，旅客们惊险逃脱；六名游客在冰山崩塌中侥幸生还。恐怖海啸：装载有毒物质的火车撞上了被困的卡车；一位丈夫为妻子送上生日大礼，却不料因为飞机引擎故障，让好事变成了坏事；一群游客遭遇致命的海啸。【此刻正在播出】《真实一刻：惊险救援+恐怖海啸》 http://t.cn/Ai0iymSQ,2,0,1,1561906800000
5575058187,袁宝弟弟的日常,:带着两岁的娃来水世界真的好作啊啊啊  看不懂海啸，玩不明白滑梯 对一地的拖鞋感兴趣，还有池子里的海洋球,1,0,2,1561906440000
5658729647,Mlh7果M,#男生和女生眼中的蜘蛛侠# 哈哈哈哈哈哈哈好真实,1,0,0,1561906380000
5531821533,xuezhiqian欣,:海啸虽来过，但樱花还是开了 ,0,0,0,1561906140000
6352027166,遇见你的那天好暖,:,1,0,0,1561906140000
5672876094,恺甲i丶,:#成语天下# 紧急通知：预计今天晚上日本将有强烈地震，明天早上我国沿海地区将有大量日本女尤被海啸冲过来，请广大男屌丝做好接收工作，数量有限，先到先得哟！ ,0,0,0,1561905960000
2111297183,ty婷宝贝,:#阳光海岸水世界#阳光明媚，心情很好～表示这次去发现变漂亮了很多，海啸跟海浪玩的很开心～ 合肥 ,1,0,0,1561905900000
5584474082,是蝈蝈儿阿-,:那一刻心里真的有一场海啸 ,0,0,0,1561905840000
5046190928,MING在这里,:那时我的心里有一场海啸可我静静地站着没有人知道 ,2,0,0,1561905720000
,秧鸡_最后的心跳,:#TomHolland[超话]# 沉迷小荷无法自拔...N刷《海啸奇迹》2012年的电影，那么小，超有灵气啊啊啊——害怕、悲伤、痛苦都演绎的那么到位😭😭😭没看过的朋友们一定要去看一下。 ,48,0,3,1561905480000
,验证码输入无能星人,:忽然发现当年《海啸奇迹》里让我惊叹演技的小盆友，是荷兰弟啊！ ,2,0,0,1561905360000
,Cxonekiss,#童年时期的荷兰弟# 姨母笑根本就停不下来,0,0,0,1561904880000
3248727294,胖胖鸭要变瘦,:我心里有场海啸 但我静静地 没有让任何人知道 ,0,0,0,1561904880000
2057306927,二胖儿你可别吃了,:今天作为男方的伴娘 我的任务就是在典礼进行时站在延伸舞台的一侧 朝着他们撒花这可能是我第一次见刘天焯这么紧张 紧张到送完捧花之后手都不知道是应该怎么放从他走向延伸舞台的那一刻我眼泪就一直流一直哭到连宴席都散场 还是止不住第一次当伴娘 即使穿的礼服和以前在学校演出时的没两样但感觉完全不同的兴奋好像那短短的10几米要由我来守护 守护我最最好的朋友与他的爱人共同走向人生的另一个阶段激动 开心 也羡慕 好像我也有了些向往高频率的闪光灯恍得我出神想起我也有过想要勇敢的那个时候简单的情绪中开始有了点难过还好有另一个伴娘也在哭 不知道她是不是也触景生情 但是幸亏有她才显得我不是那么突兀那一刻我的心里有山崩有海啸，我静静地站在那里希望没有任何人知道。6月30祝我最好最好的朋友怼怼新婚快乐 永远快乐！,4,0,0,1561904700000
6729378632,用户3288953789,#你好2019# ❤️#元气爱豆的日常# 6月的最后一天了，先预告点撒～ 微博视频 ,0,0,0,1561904640000
1762823085,Qian至上,#日本重新开始商业捕鲸#【#日本正式退出国际捕鲸委员会# 时隔32年将重启商业捕鲸】当地时间6月30日，日本正式退出国际捕鲸委员会（IWC），停止在南极和太平洋北部用于“科学目的”的捕鲸活动，并将于7月1日开始进行鲸鱼的商业捕捞。7月1日，由“日新丸”号等3艘船组成的船队将从日本山口县下关市港口出发，开展近海捕捞。http://t.cn/Ai0Ic8Fs,0,0,0,1561904280000
5190871427,潘吖依個唯,:那一刻我心里有场海啸可我静静站着 没有让任何人知道 ,4,1,9,1561904100000
3518339551,-PUZZLE-,#地震快讯#【刚刚！娄底双峰县发生3.0级地震！】中国地震台网正式测定：06月30日21时44分在湖南娄底市双峰县（北纬27.56度，东经112.10度）发生3.0级地震，震源深度6千米。（via: @中国地震台网 ）#娄底双峰县地震# 长沙 ,0,0,0,1561903860000
5490439053,影子啦_,:#tsunami吴海啸[超话]# 第二站，沈阳站……说实话：预算够建议买vip票，因为小吴值得！ ,2,0,1,1561903860000
6415679485,开森4964,:#邓伦# 邓伦#邓伦笑# 伦哥，你发了一个笑，引起了一次海啸，震懵了灯芯们,4,0,1,1561903740000
6065974726,辉锅侃球,:#新浪看点# 海啸组合永不倒！库里将联手迈尔斯，将KD带回勇士海啸组合永不倒！库里将联手迈尔斯，将KD带回勇士 ,0,0,0,1561903740000
,慵懶的百利甜o,:那一刻你心里有场海啸 可你静静站着 没有任何人知道 ,4,0,0,1561903680000
3887961347,屿森三木,:#朱一龙[超话]##朱一龙代言可口可乐# [憧憬]#可口可乐反转瓶# 你是恢弘诗章，是海啸中鲸鱼的脊梁。是夜色将至时微光，让人甘愿披荆斩棘前往。来瓶可口可乐，和朱一龙一起度过畅爽夏日～@朱一龙  来自井然好帅的小尾巴 ,0,0,2,1561903620000
6421566664,今天小蛙喝可乐了吗,:今晚，黄衣服哥哥超🉑 🉑 🉑 ，隔着衣服能看出来胸肌巨帅，没脱衣服真的可惜，录了一大半的歌一听我都在跟着唱没法发了呜呜呜，没来得及合影我哭了@吴海啸Tsunami @音乐人前男友 @Whizzh 爱你萌 ,3,0,0,1561903620000
2677969120,龙龙的兔子w_,《复联4》释出片场幕后，荷兰弟的哭戏让人超心疼,0,0,0,1561903500000
6437344160,Alohanz,:看完发个截图!!!小孩太可爱了呜呜呜 他现在估计过着挺不错的日子吧,19,0,3,1561903440000
5867790763,Wasted-Days,小蜘蛛是个恋爱脑啊哈哈哈🕷️ ,0,0,0,1561903440000
1025757982,当时我就忘记吃药了,《复联4》释出片场幕后，荷兰弟的哭戏让人超心疼,0,0,2,1561903440000
6195123281,洞若观火佛若圆寂,:#人间小天使海啸[超话]#我仍未知今天这只鄙视我的猫的名字 ,1,0,2,1561903260000
,赵鱼酱,:开心开心海啸池整的跟夜店似的 太嗨了 洛阳·中赫梦幻水世界 ,3,0,8,1561903140000
7034939068,关于杜兰特,:海啸三兄弟这连线什么水平？一定要这么秀吗？,8,1,2,1561903080000
2185534544,ColorJuneKing,《复联4》释出片场幕后，荷兰弟的哭戏让人超心疼,0,1,0,1561902840000
7090999855,屁桃沉沉,:#管栎[超话]#🌙#正能量偶像管栎# 管栎 我喜欢你，是那种一想到你的名字，心里动辄海啸山鸣的喜欢。@UNINE_管栎 ,0,0,0,1561902420000
6421566664,今天小蛙喝可乐了吗,:@吴海啸Tsunami ！今晚超🉑🉑🉑🉑🉑🉑 ,0,0,0,1561902360000
5913701800,小伟一的,:“那一刻你的心里有一场海啸，你安静地站在那里，没有人知道。” ,6,0,0,1561902180000
6048013909,华丽电子羊,#皇后乐队[超话]#我也只会哈哈哈哈哈哈哈哈了（注意音量） 新栗奈川的秒拍视频 ,0,0,0,1561901940000
2204667107,最爱心肝宝贝儿王甜甜,#王一博[超话]# WYB #王一博陈情令#        “归隐江湖”多时，好巧不巧，耐不住“逢乱必出”。[喵喵]        滴水不漏的表达方式很多，这次选择直抒胸臆。一路关注并看到了@UNIQ-王一博 基于自身天赋和后天努力的惊人成长，人间不值得，王一博值得！ ,0,0,0,1561901580000
5425936280,香草味的摩卡,:第28天感冒愈发严重，病毒在体内肆虐，头疼如海啸般涌来，但是依旧不能阻挡我看了一天的书。晚上去找小宝贝，正好楼下篮球场5缺1，于是上场打了会，真的是老了胖了，跳不动了，以前的追风少年已经阵亡。感冒好了以后一定要继续锻炼了，不然真的要胖死了，虽然胖了还是一样的帅,2,0,0,1561901460000
5648424688,赵一波实盘,:人类生活在这个世界上，都会遇到一些大自然灾害的，不过灾害也是有严重和不严重的，像一些人所在 在地震海啸中，为什么很多佛像屹立不倒，难道都是巧合吗？ http://t.cn/Ai0MyZ3x ,0,0,0,1561901340000
5113901806,速写布丁,《复联4》释出片场幕后，荷兰弟的哭戏让人超心疼,7,1,0,1561900680000
3062882414,小超人省钱,:据媒体报道，越来越多的内部人士认为，湖人现在才是猛龙续约卡哇伊的真正威胁。在今早的报道中，帕金斯发文表示若莱昂纳德离开猛龙，会选择加盟快船而不是湖人。随后，帕金斯对此言论表示反悔：“我收回我最后上一条推文，湖人有很大的机会得到卡哇伊。”帕森斯突然改口，媒体突然又说湖人才是猛龙续约小卡最大的威胁，肯定是收到什么内幕消息了。多方消息显示：小卡真的要来湖人了，NBA历史上最可怕的锋线组合即将诞生。想想小卡老詹和浓眉的锋线组合，防守将是窒息的，进攻将是毁灭的，放眼联盟，没有任何组合足以抵挡住这个三人组，即便杜兰特留守，勇士的海啸兄弟依然会在对位时处于明显劣势。对于小卡来说，目前没有什么比拿了冠军还能赚钱更重要了，忠诚也好，情怀也罢，他已经有两个戒指两个FMVP了，已经无需再证明自己了，只需要健康，然后就是多赚钱。想想字母哥那么年轻都有了签名球鞋了，小卡难道不想要？他现在最缺的就是曝光率，这样才会有商家找你，因为有了曝光你才能给商家创造更多价值，没有哪个球馆比拥有詹姆斯的斯台普斯更吸引眼球了！留猛龙是有可能多得一个冠军，可球员生涯毕竟是短暂的，赚更多的钱无疑才是更重要的，小卡离开马刺也综合考虑了这个因素。詹姆斯去湖人也有这方面的考虑---LA商业中心，湖人的吸睛度等，什么报团，联盟大结局，对不对住谁等舆论都不在考虑范围。对待媒体非议可以参考杜兰特到勇士两连冠，勇士的收益、杜兰特自己的收益，如果杜兰特不是受伤了，他和勇士的收益都将是巅峰的。勇士三冠赞助费用、转播费用、股价，杜兰特超级顶薪、超级球鞋合同、超级广告合同。商业联盟，只会越抱团越强越赚钱。猛龙比不了湖人，小卡选择湖人是非常正确的。@湖人之声 @湖人最前线 @球爹Big-Baller @湖帮 @湖人官网 @洛杉矶湖人吧 @我爱科比论坛,3,0,1,1561900620000
2864209164,今天的外卖不好吃,:欢乐水魔方。里面的项目名字太复杂，记不住，我喜欢这个水上蹦迪，学名：疯狂海啸 今天的外卖不好吃的秒拍视频 ,0,1,0,1561900320000
3631031421,是杨家栋的赵啊,:那时候你心里有一场海啸，但你静静地没有让人知道。wanan,12,0,4,1561899660000
1714447680,辣椒多放·,:心里有一场海啸，没让任何人知道。 ,11,0,0,1561899420000
2313979367,-婷小六-,:2012年《海啸奇迹》里的荷兰弟～一部让我在电影院哭肿眼的电影～ ,1,0,1,1561899240000
,Chenchen辰辰,:#姚璇辰辰[超话]# 海嘯出門去練舞吧[太開心] #这就是街舞# ,107,1,44,1561899240000
5327465592,千萤加依宝贝,#荷兰弟变拽了#毕竟咱荷兰弟的确是电影明星呢,0,0,0,1561899000000
3880023653,双双_双人旁,:那一刻你心里有场海啸可你静静站着没有让任何人知道 ,6,0,0,1561898760000
5249963383,495233-,#库里[超话]# 结束亚洲行马不停蹄飞往纽约招募杜兰特留下来！！！不如我们从头来过#NBA吐槽大会##NBA自由市场# ,1,0,0,1561898160000
5903956264,豆豆小花儿lindan,受到SK-II的邀请。翻唱一首由John Legend创作的主题曲《Oh Pitera》。你们能不能听到甜蜜发酵的感觉呢。 接下来。听我唱。和我一起遇见生命中的“神仙水”。 Oh Pitera ,0,0,0,1561898160000
2190541194,學術張,#麦的垛[超话]# 麦的垛朱尼尔的微博视频 ,0,0,0,1561897740000
6228067363,橘普eleven,:“我是风暴 是海啸 是手持刀刃的孤单勇士我还是鲜花 是小羊 是卧在你腿上读书的少年” ,1,0,2,1561897680000
3954048399,能改名么,《复联4》释出片场幕后，荷兰弟的哭戏让人超心疼,0,0,0,1561897680000
5662623219,给你的橘子酱,:等到黑夜翻面之后会是新的白昼，等到海啸退去之后只是潮起潮落 ,1,0,0,1561897140000
3873775868,IT科技互联网,:很久以前有一个老汉带着他孙子出海捕鱼，没想到碰上了海啸，孙子很担心，就对他爷爷说：“爷爷要刮大风了，我们回去吧。”，可是他爷爷不答应：“乖孙啊，爷爷什么风浪没见过，一定会没事的。”话音刚落，一个巨浪打来，把划船的桨打断了。于是爷爷说：“乖孙啊，桨完了（讲完了）。” ,0,0,0,1561896600000
5236920432,不想上班君,:在耶穌基督和眾先知留下的話語中，可以看到他們的靈是如此完整，他們行走在確定無疑的真理中，也就不會失眠。多數時候，他們的行動微不足道，卻如海嘯，不能妥協，沒有商量，于無形間，席捲大地。 ,0,0,0,1561896540000
5289086684,莉子0412,:那一刻，我心里有一场海啸我静静的站着，轻轻的笑着没有让任何人知道…… 三门峡·三门峡南站 ,3,0,4,1561896300000
1830008212,土豆那个皮芽子,:水花不散，海啸不散,2,0,0,1561896240000
6624412768,千灯愿201808,:#朱一龙代言可口可乐# ,1,0,0,1561896180000
6026712713,笙笙嫚嫚,#荷兰弟变拽了#毕竟咱荷兰弟的确是电影明星呢,0,0,0,1561896120000
5967551805,胖喵喵爱说说,:#小说推荐[超话]#《我的老公是地球》💫完结爽文         世界🔖 舒乐💌️和世界恋爱之后每天都在拯救他呢💌内容标签： 情有独钟 穿越时空 甜文 爽文 文案舒乐是一个普普通通的女孩子，某天她在回家途中捡到一个神秘男子，从此便过上了幸福快乐的生活.......舒乐(╯‵□′)╯︵┻━┻幸福快乐个毛线，你见过谁家男朋友生气=火山爆发，愤怒=八级地震，抑郁=台风海啸，不开心=冰河世纪的！！！某天，舒乐和公司同事吃了一顿饭，当天傍晚各大新闻台便开始播放关于美国黄石公园火山有爆发迹象的新闻。舒乐：“大佬我错了！！！！”和世界恋爱之后每天都在拯救他呢,0,0,0,1561895580000
2487817927,忘忧草吴小玲,:今天玩的项目：畅玩玛雅海啸、蟒蛇滑道、超级漩涡、云霄滑板、极限穿越、飓风喇叭、急速飞毯、尖峰时刻、梦幻水城等 ,0,0,0,1561895580000
1883175683,拿铁和美式,:“海啸毁了你，去要精神损失费”“可是它已经垮了” ,0,0,2,1561895520000
2725653421,郭小旺o,#日本重新开始商业捕鲸#【#日本正式退出国际捕鲸委员会# 时隔32年将重启商业捕鲸】当地时间6月30日，日本正式退出国际捕鲸委员会（IWC），停止在南极和太平洋北部用于“科学目的”的捕鲸活动，并将于7月1日开始进行鲸鱼的商业捕捞。7月1日，由“日新丸”号等3艘船组成的船队将从日本山口县下关市港口出发，开展近海捕捞。http://t.cn/Ai0Ic8Fs,0,0,0,1561895160000
5530702809,知心惟有月_,:#朱一龙代言可口可乐# ,38,3,207,1561895040000
2367551133,黄山女孩品茶阁,":职场女性精心打扮，时刻注意自己的仪容，让自己更加赏心悦目，非但不肤浅，还是一件相当实用的事情。在金融海啸一登陆时,就有着大批的华尔街女人涌进理发店，美容院。 ",0,0,0,1561894980000
5963863985,Lonelycharm,:#成语天下# 青年忧心忡忡问禅师：“大师，核污染、全球变暖、地震、海啸等自然灾害不断，人类将何去何从？”禅师拿出一个生鸭蛋一个咸鸭蛋，将蛋砸在青年头上。问青年：“哪个比较疼？”青年答：“咸的蛋疼！”禅师道：“闲的蛋疼就找正事做去！” ,0,0,0,1561894620000
2323116927,浅浅的小雪球,:海啸来了也不怕,0,0,0,1561894620000
5252038825,羽生结弦的4A啊,:#NBA自由市场将开启#水花不散，海啸不散 ,16,0,2,1561894380000
7093513776,洛阳失恋博物馆,:有的时候你心里有场海啸 可你静静站着 没有任何人知道#洛阳失恋博物馆# 洛阳·洛阳 失恋博物馆 ,0,0,0,1561894320000
,杨东辉,:大型金融海啸，一些城商破产并不意外#腾讯新闻# 利息收不抵支、资金资产两头承压，这些城商行想换个活法利息收不抵支、资金资产两头承压，这些城商行想换 个活法 来自@腾讯新闻 ,79,13,10,1561894140000
5938618388,MD-摩登诗诗,受到SK-II的邀请。翻唱一首由John Legend创作的主题曲《Oh Pitera》。你们能不能听到甜蜜发酵的感觉呢。 接下来。听我唱。和我一起遇见生命中的“神仙水”。 Oh Pitera ,0,0,0,1561894020000
1940143152,嘘到我来说,:惊魂午睡一小时 睡醒药没看到 怒爬一千楼大家号都没了 内心受到了海啸激荡 我离死就差那么一小步 太可怕了还好有群 网络两线牵珍惜这段缘 ,0,0,0,1561893780000
6623957198,我劝你可爱ya,#日本重新开始商业捕鲸#【日本30日正式退出国际捕鲸委员会 次日重新开始商业捕鲸】日本30日正式退出国际捕鲸委员会，定于7月1日时隔31年恢复商业捕鲸，捕捞范围限于日本领海和专属经济区。国际捕鲸委员会1982年决定暂停商业捕鲸，日本随后一直要求恢复商业捕鲸，没有成功。日本1951年加入这一国际组织，1988年被迫结束商业捕鲸，转而以“科学研究”为名在西北太平洋、南极附近海域等从事所谓“调查捕鲸”。反捕鲸人士指认日本打着“科研”幌子商业捕鲸。http://t.cn/Ai0IRdvw,0,0,0,1561893240000
5108753894,丿亅丶王足各,:那一刻你的心底有一场海啸 而你静静的站着没有让任何人知道 ,7,0,0,1561892880000
3339315520,G-oodzoeyQinni7,:那个瞬间我的心里有一场海啸但我静静站着不动声色没有让谁知道 分享单曲 You Are a Lover (@网易云音乐) ,0,0,0,1561892520000
5977019061,谁偷吃了我的芒果_,:那一刻你心里有场海啸 可你静静地 没有让任何人知道 ,2,0,3,1561892340000
1159385904,紫气东来_返璞归真,:保护好地球早已是迫在眉睫，不时发生的地震，不时出现的天坑，不时出现的细菌病毒…这是上天发给人类的一封封警 告信。地球未来可能面临重重危机：气候变化，病毒流行，火山爆发，地震海啸洪水等等。我们能做的就是尽力洒净烟供，净化大地空气，另一方面救度无形众生，消弭他们的痛苦与怨气，进而减少天灾人祸。（转自微 博:灵芝师姐）#刚果金东北部埃博拉疫情#,8,0,0,1561892220000
3894839792,晓而不语369,看图：本人在克商年研究领域第一次提出一个观点：利簋铭“岁鼎”是指“岁星鼎立”——岁星的位置既处在大周天的朱鸟宫鹑火之次的中央“七星之宿”，又处在小周天东升西落轨迹的中点“南中天”（子午线）。就是河南土语所谓的“中”（发音念第三声“种”）——二个“中”。这个星象反映出的“中”与考古人何努和 @考古人许宏 反复唠叨的“地中”、“中国”的概念绝对有关。,0,0,0,1561892220000
3949668875,dht1025旧址,:#成语天下# 还记得今年刚到的春天，那时的日本正开始地震，来了海啸来了火灾，还有那24小时辐射的慌，可那时的我是那么紧张，家中的咸盐竟然吃光，在市场在小店在超市中，为着那咸盐勇敢前冲，如果有一天我无盐可依，请把我放在在那辐射里，如果有一天我被咸的离去，请把我埋在这盐堆里… ,0,0,0,1561892100000
5617705681,艺术人的秘密1980,:1米的海啸有多恐怖？原本毫不在意的日本网友知道真相后惊呆了 http://t.cn/Ai0xmYFa ,0,0,0,1561891680000
5764581188,今天小王喝星冰乐了吗,:@吴海啸Tsunami 今天小王喝星冰乐了吗的秒拍视频 ,1,0,0,1561891680000
6321433309,吟风沥月,:羽化成风 岁央月恋梦魇游记 资可天涯名声噪起 不魔戒咒杨帆气航 渡海淘沙身影渐潜 云雨不断今已入海 海啸将在今在云里 云滚天翻驻行人间 万物皆殁 ,4,0,2,1561891560000
,Ps_蘇咑水,#日本重新开始商业捕鲸#【日本30日正式退出国际捕鲸委员会 次日重新开始商业捕鲸】日本30日正式退出国际捕鲸委员会，定于7月1日时隔31年恢复商业捕鲸，捕捞范围限于日本领海和专属经济区。国际捕鲸委员会1982年决定暂停商业捕鲸，日本随后一直要求恢复商业捕鲸，没有成功。日本1951年加入这一国际组织，1988年被迫结束商业捕鲸，转而以“科学研究”为名在西北太平洋、南极附近海域等从事所谓“调查捕鲸”。反捕鲸人士指认日本打着“科研”幌子商业捕鲸。http://t.cn/Ai0IRdvw,0,0,0,1561891260000
6047056062,发呆的逗逗,:一场惊涛骇浪 一场暴雨 一场龙卷风 一场海啸 最后趋于平静 我什么也做不了 什么也不能做 ,0,0,0,1561891260000
6859916852,珍珠奶茶去冰冰,:#日本重新开始商业捕鲸#愿地震倾覆东京塔，愿海啸淹没富士山,0,0,0,1561891200000
,风的背上化叶为砂,:尊重你的决定   但还是超级期待海啸兄弟！和勇士们站上球场  披荆斩棘 #杜兰特# ,3,0,1,1561890720000
6427144356,今天NN开心了吗,:你以为你只是随便说了一句话那一刻我脸上云淡风轻内心却发起一场海啸有些话从亲密的人嘴里说出来像米饭里吃到硌牙的沙粒伤害来了，防不胜防不是开不起玩笑是有些玩笑根本不好笑 ,5,2,0,1561890360000
3071883975,_毛线团儿,:最近的海啸来得反反复复 ,2,0,2,1561889760000
2458855732,好想爱这个世界的丝儿啊,:等到黑夜翻面之后 会是新的白昼☀️等到海啸退去之后 只是潮起潮落🌊 海西蒙古族藏族自治州·茶卡盐湖景区 ,3,0,4,1561889340000
5526592993,冒牌东方朔,:#中国古代名塔#  #70年看新江苏# 第六十五座，江苏北固山铁塔，又名卫公塔，位于江苏省镇江市北固山上的甘露寺。在唐代时，由曾三次任润州刺史的宰相李德裕于宝历元年，即825年上报创建，最初是一座石塔。可惜的是，石塔在唐代乾符年间被毁，到了北宋元丰元年，即公元1078年，改建为铁塔，铁塔原为9 级，在明代万历年间海啸，上部的7级被毁，重修时改为7级。到了近代鸦片战争时期，英国侵略军企图盗走铁塔，未能得逞。而在清光绪年间又遭到了雷击，上部5级被毁，就只剩下了两级。建国后，文物部门在复原时将残存的明代复制品的第4、第5两级加叠上去，现存铁塔仅为四级。1960年，在整修铁塔基础时，出土了两千多件文物，为李德裕建塔时埋藏的小巧精致的金棺银椁，里面藏有从金陵长千寺移来的舍利子若干。,5,2,0,1561888800000
3876174997,读史知天下,":#读史知天下# 【曹操雄才武略，共生了25个儿子，为何个个都是短命鬼？】古代英明神武的帝王，往往都有个特点，就是特能生孩子，这个方面曹操也不遑多让，而且曹操喜欢别人家的媳妇，也就是经过别人甄选过一次，所以这样的女人生孩子自然更加得心应手，而曹操也非常卖力，一共生了25个儿子。曹操所有儿子中，广为人知的当属曹丕、曹植、曹彰，每个人都十分优秀，后来曹操选谁当继承人都想不清楚，其实一开始曹操不用想的，因为他有长子曹昂，曹昂是曹操的重点培养对象，在远征张绣时，曹操带着曹昂和曹丕去锻炼，不料却发生意外，曹昂战死了。曹昂的死责任全在曹操自己，确切的说是他好色引起的，硬要召张绣的婶婶来侍寝，一共战死的还有侄儿曹安民和爱将典韦，尽管曹操事后说儿子死了并不可惜，最可惜的是典韦，其实这个跟刘备摔阿斗一样，曹操失去长子，内心的痛自然不言而喻了。曹昂去世后，曹丕虽然悲痛，但内心也有一阵狂喜，因为哥哥去世了，自己就成了接班人，然而就在曹昂去世的同年，曹操又得了一个儿子，即曹冲，谁也没料到这个是个神童，五六岁就会称象了，曹操把他当成重点来培养，曹丕顿时又被浇了冷水。然而天妒英才，曹冲虽然聪明绝顶，可惜13岁就因病去世了，也就是赤壁大战前夕，尽管痛失爱子，曹操仍旧挥军南下攻打孙刘，由于情绪激动指挥失误，导致大败而归，赤壁兵败之后，曹操终于要用心考虑继承人的问题了，因为自己已经老了。曹操问毒士贾诩，到底该立谁呢？贾诩却左顾右盼言其他，故意说：""我正在想袁绍和刘表的事情。""袁绍和刘表都是废长立幼，结果导致内部紊乱，最终被曹操击败的，曹操听得明白，终于确定立曹丕为世子，曹操去世之后，曹丕就篡汉，曹丕跟父亲一样，同样英明神武。顺便说一下，中国古代的七言律诗是曹丕开创的，这份功劳在文学史上当真不小，尽管曹丕也是天纵奇才，然而他也是个短命鬼，只活到39岁，细看曹操的25个儿子中，基本都不长命，有12个没成年就夭折了，大多数只活到30多岁，曹植算是活得长的了，活到40岁，为什么会这样呢？根据生物遗传学来说，曹操可能家族基因不太好，曹操自己患有头风，用他自己的话来讲，一旦犯病痛起来，如山呼海啸、刀砍斧劈，实在令人难以忍受，这种病很可能就是遗传来的，所以关于曹操儿子短命的问题，应该交给达尔文来回答，你觉得呢？",32,13,13,1561888680000
5644563474,霆妹子_,:好像心里有一场海啸   静静的不想让任何人知道。 ,6,1,0,1561888500000
6297054124,Caishiyan·,:那一刻你心里有场海啸，可你静静站着，没有让任何人知道 深圳 ,2,0,0,1561888380000
1246667445,侠家军--陈小毛,:我免费围观了 @涨涨麻麻 的回答，问题价值 68.00 元，快来一起围观~ 微博问答:请问妈妈，2018年股市会暴跌吗？十年一个轮回的金融海啸是否已悄然而至？ ,1,0,0,1561888320000
7048987756,Nk的定5_,:#摩登兄弟[超话]#mdxd摩登兄弟lyn刘宇宁😍😍我喜欢你，是那种一想到你的名字，心里动辄海啸山鸣的喜欢。Oh Pitera@MD_摩登兄弟 ,1,0,0,1561887780000
,金陵客2010,看图：本人在克商年研究领域第一次提出一个观点：利簋铭“岁鼎”是指“岁星鼎立”——岁星的位置既处在大周天的朱鸟宫鹑火之次的中央“七星之宿”，又处在小周天东升西落轨迹的中点“南中天”（子午线）。就是河南土语所谓的“中”（发音念第三声“种”）——二个“中”。这个星象反映出的“中”与考古人何努和 @考古人许宏 反复唠叨的“地中”、“中国”的概念绝对有关。,0,0,0,1561887720000
6198390519,清欢人生哈,:你说你很难受，现在的种种又让你想起了从前。就像俗话所说“一朝被蛇咬，十年怕井绳”，别人的一个小小动作就能在你心里引起一场海啸，一场灾难。然后你将自己封闭，生怕再次受到伤害，你想起了很久很久以前，那些让人难以熬过的时间，你最后也有过来。成长是人生必经的溃烂。而我正在溃烂，最终我也会被自己治愈，那就这样吧，总会好起来的，那些熬不过去的时候都会过去的,0,0,0,1561887660000
6605420948,美短不掉毛,:【神犬小七3 #姜潮# 宋妍霏】海啸来袭，小七显神通！ 热剧看我的的微博视频 ,0,0,0,1561887600000
,mrmanor,看图：本人在克商年研究领域第一次提出一个观点：利簋铭“岁鼎”是指“岁星鼎立”——岁星的位置既处在大周天的朱鸟宫鹑火之次的中央“七星之宿”，又处在小周天东升西落轨迹的中点“南中天”（子午线）。就是河南土语所谓的“中”（发音念第三声“种”）——二个“中”。这个星象反映出的“中”与考古人何努和 @考古人许宏 反复唠叨的“地中”、“中国”的概念绝对有关。,1,2,0,1561887420000
5161321730,超爱浩浩鸭,#孤影[超话]# #哪家主播粉丝强# 感谢陪伴，路还很长，[爱你]一起成长。 厌世小孤影的微博视频 ,0,0,0,1561886880000
,镇雄韩美口腔医院,:用了电动牙刷，牙齿会「自动」变干净？这一次，我们要来讲讲电动牙刷。经常有病人强调自己：我平时都是用电动牙刷刷牙的！……言下之意是要突出自己用的牙刷已经是「高级货」了，牙齿肯定刷得很干净。可是，我经常会反问：「难道你用了电动牙刷，牙齿就会（自动）变得干净吗？」 其实我也是电动牙刷的忠实拥趸，甚至觉得就像数码相机逐渐取代了胶片相机一样，电动牙刷总有一天会取代手动的牙刷。从 5年前，我第一次使用电动牙刷到现在，市面上的电动牙刷选择越来越多，而身边的人也渐渐用起了这个解放双手的「神器」！01当我们刷牙的时候在刷什么？为什么要刷牙，这个问题看上去很简单，但是如果大白随手抓一个人问，得到的答案很可能是：因为吃过东西，牙齿上面不干净啊！这个回答只对了一小部分，其实很不全面。因为它没有办法解答「为什么晚上没有吃东西，但是睡觉醒来还要刷牙？」这个（世纪）难题。所以当我们刷牙的时候，我们在刷什么？牙菌斑口腔环境里充满了细菌所需要的各种「食物」——细菌的食物也就是我们的「食物残渣」。但是口腔里也充满了各种对于细菌来说相当险恶的生活条件——比如口水。 口水一天到晚，源源不断分泌。对于细菌来说，口水就像是惊涛骇浪、一场海啸！很容易就把细菌冲走，直接卷入食管、胃——最终被胃中的胃酸消灭。 但是总有一些机智的细菌，它们可以分泌出多种蛋白质，把自己牢牢黏附在牙齿上面，任凭水流怎么冲刷都无济于事。成千上万的细菌就这样黏附在牙齿、牙龈表面，连接成片，就成为了一种叫做「牙菌斑」的东西。「牙菌斑」中的细菌们安居乐业，不担心被冲走，然后就开始对它所黏附的牙齿表面进行腐蚀，最终导致蛀牙的发生。 牙菌斑虽然不能被流水冲走，但是！它可以被牙刷、牙线这种强大的机械力量清除。这就回答了「为什么夜里不吃东西，早上起来还要刷牙」的问题——因为即便没有进食，牙菌斑无时不刻不在形成，每天至少两次刷牙、至少一次使用牙线就是这个原因。02用正确的刷牙方法刷牙才管用所以，现在大家都有了一个共识：我们刷牙的目的是清除牙齿上面的牙菌斑。 所以，不管是用电动牙刷还是手动牙刷，正确刷牙才是最管用的。只是在某种程度上，电动牙刷更容易达到「正确刷牙」的标准。如果没有电动，我们就只好让自己的手快速颤动起来，超高的手速很难让我们坚持到刷遍所有的牙齿。在刷了不到一半的牙齿之后，很可能会出现动作变形，比如开始「拉大锯」刷牙、又比如开始一带而过……要解决这个问题，小编有一个小小的建议：从不顺手的一侧开始刷，并且心里默念——专心、专心、专心！03为什么电动牙刷能够替代手动牙刷？我并不认为手动牙刷无法达到可靠的刷牙效果，但是电动牙刷可以更轻易达到完美的刷牙效果。但是，因为人们懒啊……我总结了一下电动牙刷相对于手动牙刷的优势，或者说是电动牙刷能够取代手动牙刷的几个理由： ➊ 更精确 用了电动牙刷，你不需要关注「小幅度颤动」该怎么「颤」，你只要让牙刷缓慢地在牙列上移动。 ➋ 更省力 妈妈再也不用担心我刷牙的时候只刷一半就精疲力竭，「省力」是使用电动牙刷之后最多人的反馈。 ➌ 更安全 有的人总觉得电动牙刷是「机器」，会不会用力过猛？其实恰恰相反，电动牙刷的震动幅度更小，对于牙齿的磨损比起手动刷牙来说往往更小。 不少电动牙刷还有很多刷牙模式，还适合更多特殊人群来使用，儿童、牙周病人、正畸病人都是电动牙刷的受益者哦！04从来没用过电动牙刷，我该怎么选？现在大家再打开各种电商网站，就会发现电动牙刷的选择不要太多哦！各个价位的电动牙刷彻底激发了大家的选择困难症。 所以对于第一次使用电动牙刷的小白来说，应该如何选择呢？ ➊ 牙刷刷头现在市面上的牙刷主要包括「摆动式」的圆形刷头和「声波式」的常规外形刷头。这两种电动牙刷形式都还是在「颤动」，刷牙效率来说差别不大。但是从自己的经验上来说，传统外形的「声波牙刷」更适合那些刚刚从传统手动牙刷向电动牙刷转变的小白。➋ 震动模式 经常有一些小白用户刚刚开始使用电动牙刷，太高的频率会导致牙龈损伤，还会出血。所以电动牙刷如果有不同的模式选择，从轻到重，慢慢适应，会是更好的选择。➌ 牙刷的握持感 一把握持感良好的牙刷就像是一件趁手的兵器，拿着不重、不累是最低要求。要不然还是会让人用到没耐心。 ➍ 其他性能 好看的外观和耐用的电池同样重要。虽然电动牙刷虽然绝大多数时候都是自己在家里洗漱间使用——但是越来越多的机会我们会带着它旅行，谁不喜欢高颜值的？#电动牙刷# #再不用电动牙刷你就out啦#,2,0,0,1561886820000
6543744749,星光急诊室,走进去的时候爹爹直接张开手自动接过冬坨，翻来覆去的瞅，然后很可爱的皱了皱脸。我捏着mini冬说：If you dont mind... 爹：put on……（说着小心翼翼捏着mini冬摆上自己帽檐），目光还跟着向上看看。哈哈哈。拍好之后仍然小心捏着mini冬想要还给我，结果手滑差点掉掉，我刚想去接，爹迅速捞了两把，妥妥捞进自己手心然后放在大冬坨背上，最后还给我啦。@嗑包典 典语：这次我抓住你了【感觉他和Chicago的时候相比脸瘦了好多hhh】 http://t.cn/R2r3W07,0,0,0,1561886520000
5590840549,陈赤__zzy,:#日本重新开始商业捕鲸#所以说 日本再地震海啸我都不会去浪费我的同情心 ,31,0,0,1561886520000
2531484322,希希希希希児,:#李之繁[超话]#当你出现在我视线里的时候我内心掀起了一场海啸 ,0,1,0,1561885980000
1862687144,你的尘埃sunny,:#朱一龙代言可口可乐# 💪#可口可乐新朋友# 『朱一龙』你是恢弘诗章，你是星辉晴朗，你是海啸中鲸鱼的脊梁。你是夜色将至时微光，让人甘愿披荆斩棘前往。@朱一龙可口可乐可口可乐的秒拍视频 ,0,0,5,1561885860000
,信芽叔不用很麻烦很累就可以作死,#日本重新开始商业捕鲸#【日本30日正式退出国际捕鲸委员会 次日重新开始商业捕鲸】日本30日正式退出国际捕鲸委员会，定于7月1日时隔31年恢复商业捕鲸，捕捞范围限于日本领海和专属经济区。国际捕鲸委员会1982年决定暂停商业捕鲸，日本随后一直要求恢复商业捕鲸，没有成功。日本1951年加入这一国际组织，1988年被迫结束商业捕鲸，转而以“科学研究”为名在西北太平洋、南极附近海域等从事所谓“调查捕鲸”。反捕鲸人士指认日本打着“科研”幌子商业捕鲸。http://t.cn/Ai0IRdvw,6,0,2,1561885860000
5677078764,映元仙道,:妈妈的子宫是世界上最不安全的地方！人类生命开始于受孕之时，胚胎再小，也是一个生命，而每年有多少人命因堕胎被断送？触目惊心的堕胎数据据世界卫生组织保守估计，全球每天有十五万人堕胎，全球每年的堕胎人数超过五千万。每年堕胎五千万，比历史上死伤最为惨烈的第二次世界大战死亡的人还要多。即使是历史上最严重的自然灾害，其杀伤力都不及堕胎严重。发生于二００四年的印尼大海啸，最严重的那天造成了二十五万人死亡，但是全球因为堕胎而死亡的人数，两天就达到了三十万。也就是说，仅仅考虑堕胎一项因素，就已经相当于让地球每时每刻都处于战争、自然灾害之中了。在中国，堕胎的严重程度更是已经达到了最危急的时刻，我国都以高达一年1300万的堕胎人数高居全球各国之首，这就是说，我国每年可以「灭掉」一个大都会东京，或者失去一个柬埔寨！这样触目惊心的情况，能不让我们提起警觉、坐言起行挽救世风吗？婴灵的生存状态婴灵，既不属于人，也不属于鬼，属于一种中阴性之物，存在于阴间与阳间之间。因没有被超度，魂魄无依，无法往生，既做不得鬼，又无法飞升上天。婴灵产生之时，便具有了怨气，怨气会随着时间的流逝，越来越重。随着怨气的成长，开始对人的运势做一切的阻碍。那么，婴灵靠什么而存在?自婴灵产生之时，便识得母体气场，依存于母体的气场之中。最初之时，靠吸食母体的元气来生存，等到后来，母体的元神慢慢变得虚弱，不足以让婴灵生存之时。便会开始依据血缘关系，吸食母体身边亲近之人的元气，诸如丈夫、子女、父母等。婴灵连个孤魂野鬼都算不上，也弱小的很，便只能任由阴间任何之鬼魂来欺负。面对欺负，婴灵做不出任何反抗，起初婴灵会以为有母体气场保护，慢慢就会发现，没有任何人保护它。到了后来，也就只能任由欺负，慢慢的，婴灵也就积累了更多的怨气。,1,0,0,1561885020000
6163443037,MD_4528仰望天空,:#摩登兄弟[超话]#当你经过的时候， 感觉好像有一场海啸路过， 我知道那是爱情的声音@MD_摩登兄弟 Oh Pitera ,4,0,7,1561884660000
6430335745,陆止于此海始于斯2,Shams ：库里计划回到美国后与总经理迈尔斯一起前往纽约拜访KD。据悉，勇士会给杜兰特提供5年2.21亿顶薪合同。另外，两百斤也会通过Facetime视频通话加入群聊 ,0,0,0,1561884660000
6138149061,素华之爱,:#成语天下# 16岁那年，我对着天空撸了一炮，以为强Jian了整个世界，然后下了一场雨，我以为全世界都高潮了。后来地震了，我以为世界高潮抽搐了。之后打雷了，我以为世界在yin叫。再后来海啸了，我以为世界潮喷了。最后望着天空没有滴血，突然间内心沮丧，哎，全世界都没个处。。 ,0,0,0,1561884600000
5694805365,请念我锦鲤,#日本重新开始商业捕鲸#日本人到底要干什么？为了口腹之欲大肆捕杀鲸鱼？？当年海豚湾的画面还历历在目！如今又轮到鲸鱼了吗,0,0,0,1561884180000
5124267095,mnonun,#日本重新开始商业捕鲸#【#日本正式退出国际捕鲸委员会# 时隔32年将重启商业捕鲸】当地时间6月30日，日本正式退出国际捕鲸委员会（IWC），停止在南极和太平洋北部用于“科学目的”的捕鲸活动，并将于7月1日开始进行鲸鱼的商业捕捞。7月1日，由“日新丸”号等3艘船组成的船队将从日本山口县下关市港口出发，开展近海捕捞。http://t.cn/Ai0Ic8Fs,0,0,0,1561884180000
,___Miss_Lee,#日本重新开始商业捕鲸#【#日本正式退出国际捕鲸委员会# 时隔32年将重启商业捕鲸】当地时间6月30日，日本正式退出国际捕鲸委员会（IWC），停止在南极和太平洋北部用于“科学目的”的捕鲸活动，并将于7月1日开始进行鲸鱼的商业捕捞。7月1日，由“日新丸”号等3艘船组成的船队将从日本山口县下关市港口出发，开展近海捕捞。http://t.cn/Ai0Ic8Fs,0,0,0,1561883940000
6315550658,我把心事寄流年2,:第一次遇见你，心里有一场海啸，可我静静的站着，没有让任何人知道。 西安 ,1,0,1,1561883520000
,Sanny怒那是童星控,《复联4》释出片场幕后，荷兰弟的哭戏让人超心疼,0,0,0,1561883520000
1743881813,波波猫世界,"#日本重新开始商业捕鲸# 日本本来就从来没有停止过捕鲸，之前只不过是挂了个""科学目的""名头，市场上的鲸肉从来都没停止过流通，日本人不止捕鲸，海豚他们也捕，《海豚湾》中一整片海域都被染红、海豚无助哀鸣的镜头挥之不去，垃圾分类完不要的扔海里的是他们，任由核污染废水流入太平洋的也是他们。 ",0,0,0,1561883220000
2159832637,L_Linhang,#日本明日重新开始商业捕鲸#【日本30日正式退出国际捕鲸委员会，次日重新开始商业捕鲸】新华社6月30日消息，日本30日正式退出国际捕鲸委员会，定于7月1日重新开始商业捕鲸。捕捞范围限于日本领海和专属经济区，山口县下关市、北海道钏路市当天将分别派出多艘捕鲸船，开始商业捕鲸。共同社认定日本政府这一决定“极不寻常”，将招致反捕鲸国家和环境保护团体更多批评。http://t.cn/Ai0fcLDR,3,0,0,1561883160000
5525373007,快乐时光机100,:#成语天下# 89年出生的人 尴尬的年份，赶不上80后也及不到90后，刚上小学就金融风暴，小学毕业又911，准备中考就来了个非典，高考又来个汶川大地震，好不容易上了大学却突然一个金融海啸加甲流！当了十几年教育改革的白老鼠，终于准备告别校园，迎接社会，你却告诉我大学毕业那年2012世界末日。 ,0,0,0,1561882980000
5852202474,27号呀,:#日本重新开始商业捕鲸#还是大自然对它的惩罚还不够多，地震海啸啥的还得找上门来，直到最后小岛连影子也找不到 ,3,0,0,1561882980000
6477715453,唯爱一生唯你不可v1,#日本重新开始商业捕鲸#【#日本正式退出国际捕鲸委员会# 时隔32年将重启商业捕鲸】当地时间6月30日，日本正式退出国际捕鲸委员会（IWC），停止在南极和太平洋北部用于“科学目的”的捕鲸活动，并将于7月1日开始进行鲸鱼的商业捕捞。7月1日，由“日新丸”号等3艘船组成的船队将从日本山口县下关市港口出发，开展近海捕捞。http://t.cn/Ai0Ic8Fs,0,0,0,1561882560000
7204367063,夏秋相遇凯源,#追星女孩圆梦大赛#少年时代永不完结。@QQ阅读 ,0,0,0,1561882440000
2741081674,肖梅ony,:此时，我内心有一股海啸，但我安静得不让任何人知道。（预告图） ,7,0,4,1561882260000
,马海建,:#日本重新开始商业捕鲸#没有买卖就没有杀害！重新开始商业捕鲸是商业链运作的行为，说到底还是有需求，是供给给游客或者本国国民食用。微博里的人大多都不知道世界捕鲸最多的国家是挪威和冰岛，请对事别对人，捕鲸是本身是错误的，但什么讲海啸地震顺带几颗原子弹的就太那个了，这几个国家当地也是有很多人也是反对捕鲸的，讲真光靠口头反对捕鲸本质上没什么卵用。 ,10,0,0,1561882080000
2731363622,褒贬是买主,:《车与辙》：小虫轻声叫，可能引海啸，蜈蚣怒气吼，甚至山河摇，外在是表象，内因来主报，人间万千事，皆于笑中闹。 ,1,0,0,1561881840000
6399010628,不加糖的鹿,#日本重新开始商业捕鲸#【#日本正式退出国际捕鲸委员会# 时隔32年将重启商业捕鲸】当地时间6月30日，日本正式退出国际捕鲸委员会（IWC），停止在南极和太平洋北部用于“科学目的”的捕鲸活动，并将于7月1日开始进行鲸鱼的商业捕捞。7月1日，由“日新丸”号等3艘船组成的船队将从日本山口县下关市港口出发，开展近海捕捞。http://t.cn/Ai0Ic8Fs,0,0,0,1561881780000
3046910803,dxwn14,我还在那个，怎么他的风浪来得这样早，一句“乘风破浪”成了谶语了。我以为是寻常风浪，没想到是泥地里打滚，暗夜里点灯。 ,0,0,1,1561881660000
,日常黑化的晓瓶,#日本重新开始商业捕鲸#【#日本正式退出国际捕鲸委员会# 时隔32年将重启商业捕鲸】当地时间6月30日，日本正式退出国际捕鲸委员会（IWC），停止在南极和太平洋北部用于“科学目的”的捕鲸活动，并将于7月1日开始进行鲸鱼的商业捕捞。7月1日，由“日新丸”号等3艘船组成的船队将从日本山口县下关市港口出发，开展近海捕捞。http://t.cn/Ai0Ic8Fs,0,0,0,1561881540000
7053807949,ennffkk,:在亲近的人面前反而越尖锐，因为太过在乎所以就算你只小小震动一下翅膀，都能在我这引起一场台风海啸。我就像一只蜜蜂，把你狠狠蛰伤之后，自己也奄奄一息油尽灯枯。杀敌一千自损一千。 ,0,0,0,1561881480000
5822807427,月落诗不落,我还在那个，怎么他的风浪来得这样早，一句“乘风破浪”成了谶语了。我以为是寻常风浪，没想到是泥地里打滚，暗夜里点灯。 ,1,1,0,1561881420000
3880361196,你真可可笑,#日本重新开始商业捕鲸#【#日本正式退出国际捕鲸委员会# 时隔32年将重启商业捕鲸】当地时间6月30日，日本正式退出国际捕鲸委员会（IWC），停止在南极和太平洋北部用于“科学目的”的捕鲸活动，并将于7月1日开始进行鲸鱼的商业捕捞。7月1日，由“日新丸”号等3艘船组成的船队将从日本山口县下关市港口出发，开展近海捕捞。http://t.cn/Ai0Ic8Fs,0,0,0,1561881420000
2507464800,毛毛的恋空,:自己吃素了 再来谈商业捕鲸吧诅咒 海啸地震核辐射的 seriously？ ,0,0,0,1561881360000
1739591360,微笑的小波,#日本明日重新开始商业捕鲸#【日本30日正式退出国际捕鲸委员会，次日重新开始商业捕鲸】新华社6月30日消息，日本30日正式退出国际捕鲸委员会，定于7月1日重新开始商业捕鲸。捕捞范围限于日本领海和专属经济区，山口县下关市、北海道钏路市当天将分别派出多艘捕鲸船，开始商业捕鲸。共同社认定日本政府这一决定“极不寻常”，将招致反捕鲸国家和环境保护团体更多批评。http://t.cn/Ai0fcLDR,0,0,0,1561881180000
3919055648,多肉动物小陈,:好喜欢Mr.的这个版本,1,0,0,1561881120000
7132787866,秦雨阳阳阳,:那一刻我的心里有一场海啸，但我静静站着，没让任何人知道。 ,1,0,0,1561881060000
1184756984,曹子啸,#日本明日重新开始商业捕鲸#【日本30日正式退出国际捕鲸委员会，次日重新开始商业捕鲸】新华社6月30日消息，日本30日正式退出国际捕鲸委员会，定于7月1日重新开始商业捕鲸。捕捞范围限于日本领海和专属经济区，山口县下关市、北海道钏路市当天将分别派出多艘捕鲸船，开始商业捕鲸。共同社认定日本政府这一决定“极不寻常”，将招致反捕鲸国家和环境保护团体更多批评。http://t.cn/Ai0fcLDR,0,0,0,1561880760000
6463048254,上选呜呜怪,:我的肚子里有海啸 但是我静静的坐在这里 没让任何人知道 ,0,0,3,1561880640000
5611301867,Threeyears茉莉,【日本3.11海啸全纪录】回顾2011年311日本大地震，生命在自然灾害面前显得如此脆弱地面开裂，房屋倒塌，警笛四起，伴随着人们的惊叫声，地震引发海啸惊人的破坏力……宛如末日 http://t.cn/AipXgPr0 http://t.cn/RDWCiN7 ,0,0,0,1561880580000
3973342708,青山春气暖,#设计美学[超话]##知名设计美学[超话]##枫儿福利# ,0,0,0,1561880580000
6141907673,刘阿久不是大耳牛,:#日本重新开始商业捕鲸#讲道理，微博里的人大多都不知道世界捕鲸最多的国家是挪威和冰岛，骂日本可以，但是请对事再对人，捕鲸是错误的，什么讲海啸地震的不知道是什么心态，这几个国家当地很多人也是反对捕鲸的，这完全是商业链运作的后果。 ,45,0,5,1561880460000
1973708137,陈甜甜的奶香小酒窝,#陈伟霆[超话]# 风暴舞探班“𝒕𝒂𝒌𝒆 𝒎𝒆 𝒕𝒐 𝒕𝒉𝒆 𝒘𝒐𝒏𝒅𝒆𝒓𝒍𝒂𝒏𝒅”🏔#陈伟霆风暴舞##陈伟霆CHANEL品牌形象大使##陈伟霆Tempo得宝品牌代言人##陈伟霆舒适达首席品牌大使# ,0,0,0,1561880040000
1793249692,Zoe冲鸦,《复联4》释出片场幕后，荷兰弟的哭戏让人超心疼,0,0,2,1561880040000
5677295281,今天也要少吃一块肉啊,:不知道这个世界上哪里发生了海啸，哪里又发生了地震，只知道这几天我胃里的海啸停停涨涨，脑子里尚存的一点点知识储备也被夏天的热浪给震得模模糊糊。真讨厌考试周。 ,4,0,10,1561879980000
6866623838,之卿_Wild,:#手控##简约##壁纸# 成年人心里的海啸 静静地没让别人知道 ,5,1,9,1561879860000
5167484748,吴牛喘月洪水泛滥干旱无水,:吴牛喘月之无数之无时无刻无动于衷安居乐业精益求精传宗接代搞大之无数大之外宇宙和宇宙之银河系之太阳系之地月系之一滴水皆是水上搞乎 无时无刻 无搞无 吴牛喘月乎无时无刻无搞无“无时无刻特洛伊木马搞由降水量蒸发量如抽地下水发地面升降地震海啸乎无搞无风调雨顺无搞无五谷丰登无搞无国泰民安搞无乎,0,0,0,1561879560000
5834738029,李梅雨Lily,【梵高名画成真？美国女子拍下罕见“海啸云”】近日，美国女子杭特在美国弗吉尼亚州拍到史密斯山上方浮现一幅罕见奇景。当她仰望天际时，惊见一排波浪型的卷云在天空浮现，美如图画。据了解，这种独特的现象俗称“海啸云”，有人说，印象派大师梵高的著名画作《星空》，创作灵感即可能来自“海啸云”。#微·奇观##气象♥生活#  http://t.cn/AipMlyVj,0,0,0,1561879500000
6002000489,巴啦啦小波特,#日本恢复商业捕鲸#【日本正式退出国际捕鲸委员会 7月1日恢复商业捕鲸】日本30日正式退出国际捕鲸委员会，定于7月1日时隔31年恢复商业捕鲸，捕捞范围限于日本领海和专属经济区。共同社认定日本政府这一决定“极不寻常”，将招致反捕鲸国家和环境保护团体更多批评。不过，共同社报道，日本国内鲸肉消费规模缩小，重新启动商业捕鲸前景不明朗。#日本重新开始商业捕鲸# http://t.cn/Ai0IVRHl,0,0,0,1561879380000
5267909462,深海里的星星xxxf,#动漫悬崖上的金鱼姬#波妞变成人，想要去找宗介，却没想到引发海啸！ ACGN那个圈的微博视频 ,0,0,0,1561879320000
5849690488,Belitita,#日本重新开始商业捕鲸#【#日本正式退出国际捕鲸委员会# 时隔32年将重启商业捕鲸】当地时间6月30日，日本正式退出国际捕鲸委员会（IWC），停止在南极和太平洋北部用于“科学目的”的捕鲸活动，并将于7月1日开始进行鲸鱼的商业捕捞。7月1日，由“日新丸”号等3艘船组成的船队将从日本山口县下关市港口出发，开展近海捕捞。http://t.cn/Ai0Ic8Fs,0,0,0,1561879260000
6739660164,dhgfghhysiyiGGJEYCSHOdyikux,#日本重新开始商业捕鲸#【日本30日正式退出国际捕鲸委员会 次日重新开始商业捕鲸】日本30日正式退出国际捕鲸委员会，定于7月1日时隔31年恢复商业捕鲸，捕捞范围限于日本领海和专属经济区。国际捕鲸委员会1982年决定暂停商业捕鲸，日本随后一直要求恢复商业捕鲸，没有成功。日本1951年加入这一国际组织，1988年被迫结束商业捕鲸，转而以“科学研究”为名在西北太平洋、南极附近海域等从事所谓“调查捕鲸”。反捕鲸人士指认日本打着“科研”幌子商业捕鲸。http://t.cn/Ai0IRdvw,1,0,0,1561879140000
2732788715,霸道小总裁啊,:#日本重新开始商业捕鲸#狗改不了吃屎，说句不好听的，海啸就该淹了日本 ,7,0,0,1561879080000
5834834006,喝奶醋的精怪,,0,0,0,1561878900000
5855802774,阿伦跟屁虫,:#日本重新开始商业捕鲸#不是我心狠我祈祷一场海啸🌊 ,21,0,2,1561878840000
,郭希彬,:【洋以莲】人类生活在这个世界上，都会遇到一些大自然灾害的，不过灾害也是有严重和不严重的，像一些人所在 在地震海啸中，为什么很多佛像屹立不倒，难道都是巧合吗？ http://t.cn/Ai0MyZ3x ,0,0,0,1561878780000
7095346774,倾心所爱丶cutexue,":#旅行#日本比地震海啸还可怕的噩耗,做梦也想不到,大危机即将来临!#趣闻# 倾心所爱丶cutexue的微博视频 ",0,0,0,1561878360000
6310716516,巨怕唥,:@吴海啸Tsunami ,1,0,0,1561878120000
5320173808,真我永恒,:守护地球早已是迫在眉睫，不时发生的地震，不时出现的天坑，不时出现的病毒…这是上天发给人类的一封封警 告信。地球未来可能面临重重危机：气候变化，病毒流行，火山爆发，地震海啸等等。我们能做的就是尽力洒净烟供，净化大地空气，另一方面救度无形众生，消弭他们的痛苦与怨气，进而减少天灾人祸。（转自灵芝师姐微博）#长宁地震救援人员开始撤离#,6,0,0,1561878000000
2339955893,萱霏小朋友,:那一刻我心里有场海啸 但我静静的没让任何人知道#现在的爱情有多短##孤独症患者##狮子座# 萱霏小朋友的微博视频 ,2,0,0,1561878000000
6620681324,在下命之狐1111,:成年人的崩溃确实是无声的。内心沙尘暴卷走了一座又一座城市，残垣断壁又被海啸冲刷，心碎成了沙子，就算捡起来都根本没法拼。溺水了以后又被鲨鱼吞掉，等了三夜都没有等到天明。无人生还。这种程度。说出来的却是，没什么啊，怎么了？ ,0,0,0,1561878000000
6310716516,巨怕唥,:@吴海啸Tsunami  微博视频 ,1,1,0,1561877940000
,老叟看资讯,:据台湾地震中心发布的消息，6月30日#台湾沿海一带发生5.7级地震#。地震发生在当地时间3时44分，位于台湾岛东南水域，距位于台湾岛东南部的台东县140公里。震源深度为44.5公里。目前没有关于伤亡和损失的报道，也未发布海啸预警。 ,2,0,0,1561876860000
5985549044,源味薄荷糖糖糖糖糖,:#唯爱王源[超话]##中华牙膏品牌代言人王源##王源我是唱作人##2019中国青年论坛青春合伙人王源# (jfhp)我遇见你恰若春风，你遇见我风平浪静，我心有海啸，你波澜不惊@TFBOYS-王源 ,6,0,22,1561876500000
6889910559,外热内冷孤独患者,:真搞笑伦纳德不能等杜兰特勇士一定能等，海啸比杜卡好多了,1,0,0,1561876380000
2656784243,ONLY刘某某,:想不看风景，不闻世事的，幸福盲目的活下去。毕竟，荒唐也需要天分，任性更是福分。在心境的松弛中领悟世事的多变，情绪的无常。任风厉任海啸，舟不动，岛不移。#宝宝的少女心# ,0,0,1,1561875120000
1937193921,如盆W,:月底反馈涨涨落落的体重，虽然可以达到目标数但一吃多马上就能飙升2斤,0,0,1,1561875000000
1856106860,Shiney莎囡,:百度了一下才发现荷兰弟就是#海啸奇迹# 这个可爱的儿子呀～～～天呐！我看了三遍还没意识到啊,2,0,0,1561874760000
5458544925,用户5458544925,":重庆渝中区亲子鉴定首选四川中信司法鉴定中心四川亲子鉴定中心,重庆亲子鉴定中心，成都做亲子鉴定在什么地方？镇上有做亲子鉴定的地方么028-87679921给上户口的那种亲子鉴定我们需要什么 样的手续和东西? 地址费用出结果时间。                   四川中信司法鉴定中心权威机构联系地址：四川省成都市金牛区花牌坊街168号花都财富大厦7楼   司法亲子鉴定遗产继承纠纷要确定是否亲生；强奸犯的认定；认领被拐卖儿童；未婚先育落户，超生落户、无法提供出生证明；遇难者（空难、海啸等）身份无法辨认；抚养权纠纷；       个人亲子鉴定怀疑子女不是亲生；怀疑医院产房或育婴室调换新生儿；失散的家庭成员认亲；亲子鉴定还包括：亲缘鉴定（父系或母系），移民鉴定等根据鉴定目的的不同，亲子鉴定可以分为司法鉴定和个人鉴定。",0,0,0,1561874160000
7170633959,火星来的橘十,:我喜欢你，是那种一想到你的名字，心里动辄海啸山鸣的喜欢 ,0,0,0,1561873980000
7211623226,犯愁丶心囚,:#黄子韬冲浪专区[超话]##好时品牌代言人黄子韬# [兔子]#Z.TAO的MV合伙人# ,4,0,20,1561873320000
5436649047,why岁月长衣裳薄,:#伦纳德杜兰特商讨加盟同队#海啸兄弟👬如果不在一起 我希望是快船。芦苇和贝弗利挺好的 ,1,0,0,1561872480000
5851063730,竹马之交岁月静好,#追星女孩圆梦大赛#少年时代永不完结。@QQ阅读 ,0,0,0,1561872240000
7187213329,ins_头像壁纸辑,:你不能要求一个大海不再有海啸，可爱女生头像因为痛苦和磨难是人生的一部分，没有风暴的大海不是海，玩网女头是一潭死水。做一件事情要像第一次或者最后御姐头像一次那样对待他，小清新头像这样你的日子就会充满希望。短发女生头像人的灵魂所需要的东西是不能用钱买来的。如果你像天气一样总是对我忽冷忽热，我不能选择隐忍，爱情就像泡沫，脆弱的一触即破。#头像[超话]##短发#,0,0,0,1561872120000
5458544925,用户5458544925,":重庆石柱县亲子鉴定到四川信司法鉴定中心正规四川亲子鉴定中心,重庆亲子鉴定中心，成都做亲子鉴定在什么地方？镇上有做亲子鉴定的地方么028-87679921给上户口的那种亲子鉴定我们需要什么 样的手续和东西? 地址费用出结果时间。                   四川中信司法鉴定中心权威机构联系地址：四川省成都市金牛区花牌坊街168号花都财富大厦7楼   司法亲子鉴定遗产继承纠纷要确定是否亲生；强奸犯的认定；认领被拐卖儿童；未婚先育落户，超生落户、无法提供出生证明；遇难者（空难、海啸等）身份无法辨认；抚养权纠纷；       个人亲子鉴定怀疑子女不是亲生；怀疑医院产房或育婴室调换新生儿；失散的家庭成员认亲；亲子鉴定还包括：亲缘鉴定（父系或母系），移民鉴定等根据鉴定目的的不同，亲子鉴定可以分为司法鉴定和个人鉴定。",0,0,0,1561872060000
5458544925,用户5458544925,":重庆巫溪县上户口亲子鉴定到四川中信司法鉴定中心现在四川,重庆【哪里可以做亲子鉴定】请 拨打咨询电话 028-87679921四川中信司法鉴定中心              联系地址：四川省成都市金牛区花牌坊街168号花都财富大厦7楼司法亲子鉴定遗产继承纠纷要确定是否亲生；强奸犯的认定；认领被拐卖儿童；未婚先育落户，超生落户、无法提供出生证明；遇难者（空难、海啸等）身份无法辨认；抚养权纠纷；个人亲子鉴定怀疑子女不是亲生；怀疑医院产房或育婴室调换新生儿；失散的家庭成员认亲；亲子鉴定还包括：亲缘鉴定（父系或母系），移民鉴定等根据鉴定目的的不同，亲子鉴定可以分为司法鉴定和个人鉴定。",0,0,0,1561872000000
7140658182,用户7140658182,":海啸来临,一群人还在傻傻看着,到了眼前才发现来不及了 用户7140658182的秒拍视频 ",0,0,0,1561871520000
6195989871,被汤饭杀害了,:@海嘯實驗室映像 ,1,0,1,1561870320000
6806343022,六月莲花SQ,:🇨🇳 如何扭转乾坤 🎉   ❤ ❤ ❤ 今社会，地震、海啸、泥石流、水灾、旱灾、饥荒、瘟疫、车祸、身体、癌症等各种频发的事件，菩萨让我们知道，这个世界世事无常，尤其是在末法时期，只有修心修出一颗谦卑慈悲的心，才能让我们能够躲过很多的天灾人祸啊。全世界每天因为各种原因死亡的人是1万8千人，我们每天在不知不觉中心里承受着各种各样巨大的压力，担心自己的家庭、担心自己的单位、生意，担心自己碰到坏人和一切灾难，我们还承受着外界带来的一切灾难。现在全世界因为害怕、恐惧、得忧郁症的人是3亿4千万，每一年自杀的人是100万，几乎每天有3千人自杀。所以，想要寻求心灵的解脱，首先要学会善良，要学会为别人着想，好好学佛，👉 慈悲能够化解一切冤结。🇨🇳 中华传统文化🎈 讲，一善解百灾。施人与善，广种福田，施人与恶，报应连连。所以，以善心处世为人，他会发大爱无疆，善会在他的生命和事业当中蔓延，所以，他的事业会顺利，他的身体会健康。👉 要记住，心宽的人会有智慧的安静，心正的人拥有浩然正气的正大光明。,0,0,0,1561869840000
3870954202,海南吃喝玩乐榜,:很久很久以前，有一个老渔夫带着他孙子出海捕鱼，没想到碰上了海啸，孙子很担心，就对他爷爷说：“爷爷要刮大风了，我们回去吧。”可是他爷爷不答应：“乖孙啊，爷爷什么风浪没见过，一定会没事的。”话音刚落，一个巨浪打来，把划船的桨打断了。于是爷爷说：“乖孙啊，桨完了。” ,0,0,0,1561869660000
,南瓜子的花,:喜欢是海啸，爱是海，人是孤岛… ,0,0,0,1561869600000
6708795627,Astronaut52,:#青春奋斗暂别离，梦想不息绽芳华# 人生需要勇气，哪怕海啸扑面，也应面不改色；人生需要豪气，哪怕泰山压顶，也应挺腰不弯；人生需要正气，哪怕强权压身，也应立志不改。勇气、豪气和正气，“三气”盼你多多“吸”，愿你人生有喜气！@江西理工大学团委 @江西理工大学资环学院团委 @江理资环采矿172班团支部 http://t.cn/R2WxjYe,0,0,0,1561869480000



5621016109,少男杀手艺,:#邓伦[超话]#尽全力去喜欢你♡哪怕山崩海啸，哪怕这一生孤独终老，也愿有那样的时光，最美的悸动，也有你迷人的浅笑，今生为你驻足在此，只为追寻你的气息，走过你曾走过的沧海浮华，愿此生在你的身后默默相伴，一段距离，一场来自属于你的心动.惊鸿一瞥皆是你♡你的眼睛里好似有着这世间最美的风景，我想用一生去凝视你的目光，想将世间所有的情话都诉说与你，也想拼尽全力去保护你，即便青丝白发，遍体鳞伤，因为你值得拥有世间所有的美好，因为你是我心尖上的那个他文|邓伦部落_沫沫,10,0,5,1561869120000
5249164399,纯粹同事关系,#追星女孩圆梦大赛# “愿终点把我们照亮。”你们是彼此独一无二的光。@QQ阅读 ,0,0,0,1561869060000
2950039410,Cheneneu,:那一刻你的心里有一场海啸，可你静静的没让任何人知道。,2,0,2,1561868940000
6025643579,等待凯源合唱呀,#追星女孩圆梦大赛#少年时代永不完结。@QQ阅读 ,0,0,0,1561868700000
2033566123,皂阿皂,:那一刻你心里有场海啸，可你静静站着，没有让任何人知道。 ,1,0,3,1561868640000
2904519830,一只白色的大熊,Woj: 杜兰特和小卡已商讨过联手加入同队。阿杜新球馆还在等着你呢,0,0,0,1561868220000
,晓宏哥,:《货币战争》是2007年6月中信出版社出版发行的图书，作者用货币战争来描述了一场看不见的经济战争。自1694年英格兰银行成立以来的300年间，几乎每一场世界重大变故背后，都能看到国际金融资本势力的身影。他们通过左右一国的经济命脉掌握国家的政治命运，通过煽动政治事件、诱发经济危机，控制着世界财富的流向与分配。可以说，一部世界金融史，就是一部谋求主宰人类财富的阴谋史。通过描摹国际金融集团及其代言人在世界金融史上翻云覆雨的过程，本书揭示了对金钱的角逐如何主导着西方历史的发展与国家财富的分配，通过再现统治世界的精英俱乐部在政治与经济领域不断掀起金融战役的手段与结果，本书旨在告诫人们警惕潜在的金融打击，为迎接一场“不流血”的战争做好准备。随着中国金融的全面开放，国际银行家将大举深入中国的金融腹地。昨天发生在西方的故事，今天会在中国重演吗？作者宋鸿兵，世界金融历史学者，著有《货币战争》系列丛书，长期高居中国财经图书畅销榜榜首。宋鸿兵因在书中成功预测了2007年美国次贷危机和2008年全球金融海啸而备受关注，在国内和国际上引起了巨大反响，曾被世界30多个国家和地区的媒体广泛报道，2009年宋鸿兵被全球销量第一的美国商业杂志《商业周刊》评为“中国最具影响力的40人”。2010年之后，宋鸿兵首创的“货币战争”一词已成为世界各国政要和媒体普遍使用的国际热门用语，最早提出的“剪羊毛”、“次贷地震”、“金融海啸”、“金融高边疆”、“中国大妈”等词汇皆成社会流行词汇。《货币战争》系列丛书已被翻译成繁字体版、法文版、俄语版、波兰语、韩文版、日语版、越南语版等多种语种持续畅销海外。,1,0,0,1561868160000
6354779801,厌夏,素颜的肖战 脆弱而美丽 ,2,0,0,1561867800000
5513025760,jiao糖豆儿,:我没想到  为了你我能疯狂到山盟海啸,2,0,0,1561867380000
5580541949,明言章理说体育,:#新浪看点# 虽然无海啸不勇士，但老板不承诺大出血，库里跑这一趟将毫无意义虽然无海啸不勇士，但老板不承诺大出血，库里跑这一趟将毫无意义 ,0,0,0,1561867320000
6839708809,硬件工匠,:你们见过冰海啸吗！？大自然的力量真是太可怕了！@油兔不二字幕组 硬件工匠的微博视频 ,0,0,0,1561867200000
7168027764,越跑越精彩8879,#印尼班达海7.6级地震#据中国地震台网自动测定：06月24日10时53分在印尼班达海附近（南纬6.51度，东经129.23度）发生7.6级左右地震，最终结果以正式速报为准。遭遇海啸时，这些方法可能救你一命！↓↓http://t.cn/EP1ErgQ ,0,0,0,1561866900000
3383344534,WANG_DaZhuang,:分享单曲光年之外 (电影《太空旅客》中文主题曲)（@网易云音乐）山崩海啸 没有你 根本不想逃。 ,0,0,0,1561866900000
5258370590,nicole___nana,:那一刻你心里有场海啸 可你静静地 没有让任何人知道 ,0,0,0,1561866840000
6029730161,一米阳光zcc,:去年冬天耳机里一遍一遍反复的 “ 等到黑夜翻面之后会是新的白昼，等到海啸褪去之后只是潮起潮落”  没想到#林俊杰哈尔滨演唱会# 能亲耳听到，感谢那段日子的陪伴和鼓励，第一次体会到这样的震撼，希望能不只陪我们长大，也要和我们一起变老。#JJ林俊杰圣所世界巡回演唱会# ,4,0,0,1561866540000
,海嘯實驗室映像,:海嘯實驗劇場首次广州行🎊看CultFilm，抽烟，喝酒，撸串，谈恋爱，蹦！这里有贴心的主理人小姐姐，有男模给你烤的串，还有字母圈人士现场提问交流 ，以后每月一次不要错过，不一样的体验，在这里享受属于的周末，找到属于你的同伴！这个夏天不只是乐队的！#海啸实验室[超话]##海嘯實驗劇場##CultFilm##广州#,151,16,84,1561866360000
5836440005,幸运来袭LUCY,#易烊千玺质疑#《这就是街舞》@TFBOYS-易烊千玺 在battle完舞蹈之后，提出对方在跳舞时压过了舞台的中线，导致队员不能够完整的发挥，并且安全受到影响。淡定理智的态度可以说是非常得体了,1,0,4,1561866120000
3878268936,李一鹤儿,:那一刻你心里有场海啸 可你静静站着 没有人知道 ,0,0,0,1561866000000
5081544849,科技研究团,:所谓的恋物，想来每个人都会有一点。奇怪的是我不是一定要获得，不，我要的就是不获得。只需站在那里，感觉到心里缓缓有海啸发生，继而变成温热潮汐，它们涌过身体某个神秘部分，整个人因此变得柔软妥帖。——沈熹微《在人群中消失的日子》 ,0,0,0,1561865760000
5684056714,wztt77,#动漫悬崖上的金鱼姬#波妞变成人，想要去找宗介，却没想到引发海啸！ ACGN那个圈的微博视频 ,4,0,0,1561865700000
5800020864,为人类的好朋友发声,#日本明日重新开始商业捕鲸#【日本30日正式退出国际捕鲸委员会，次日重新开始商业捕鲸】新华社6月30日消息，日本30日正式退出国际捕鲸委员会，定于7月1日重新开始商业捕鲸。捕捞范围限于日本领海和专属经济区，山口县下关市、北海道钏路市当天将分别派出多艘捕鲸船，开始商业捕鲸。共同社认定日本政府这一决定“极不寻常”，将招致反捕鲸国家和环境保护团体更多批评。http://t.cn/Ai0fcLDR,0,0,0,1561865460000
6314753946,如果你懂wo,:我喜欢你，是那种一想到你的名字，心里动辄海啸山鸣的喜欢。#音乐##音乐[超话]# 如果你懂wo的微博视频 ,1,0,1,1561865340000
,summer的连衣裙VV,:可爱宝贝！,576,137,84,1561864680000
6851380403,今天珂珂做梦了吗,:做梦了第一个梦梦见一个新月圆弧形岛，围着一个圆形小岛，由一座桥链接。小岛上住着一个神，岛上住着人，人供奉神。我住在两个岛上。我预知到有巨大地震和海啸来临，岛会被毁灭，而小岛因为比岛高，所以没事，而且我也只能保住小岛那么大的地方。我劝所有人离开岛，有一部分人相信了，有的人却开始怀疑和攻击我。我就只带走了部分人。在海啸真的来临的时候，攻击我的人也有部分开始上桥，但是来不及了，我救了离小岛比较近的部分人，我保住了小岛，我掉下去死了。死前我在想，为什么我会死啊。因为我有坏心了，我想着不相信我那就自己死在岛上去吧，关我屁事。所以我变成普通人啦。第二个梦梦见我喜欢一个男生，我和他和他的朋友和一个小朋友一起逃避某种东西的追杀。他一直和他朋友玩，没怎么搭理我。路过一个电玩城，他们要进去，我就买了十块钱币，递给小朋友说“抓娃娃吗？”小朋友很开心，然后问我抓什么。我说我要那个七彩的马。小朋友就开始帮我抓，我就站他后面头靠他肩膀上看。小朋友大概十七八岁。然后男生本来在和朋友玩投篮机，就过来了，我们没抓到，我就说再来。男生就说，来什么来，我们是来玩的吗？走了。我就很生气，但是还是拉着小朋友走，路过一个架子，上面摆满了果酱，我想买一瓶草莓的，但是他们走很快，我又怕跟不上，在快要走完的时候，我就很生气地想，大不了分开走，他们想进电玩城就进，想出就出，凭什么我要跟着。我就放开小朋友，停下来开始选果酱。当时想的是，我就算死也要吃草莓果酱吐司。#珂珂今天做梦了#,1,0,0,1561864200000
2140758332,广东广西猫狗的人间地狱2015,#日本明日重新开始商业捕鲸#【日本30日正式退出国际捕鲸委员会，次日重新开始商业捕鲸】新华社6月30日消息，日本30日正式退出国际捕鲸委员会，定于7月1日重新开始商业捕鲸。捕捞范围限于日本领海和专属经济区，山口县下关市、北海道钏路市当天将分别派出多艘捕鲸船，开始商业捕鲸。共同社认定日本政府这一决定“极不寻常”，将招致反捕鲸国家和环境保护团体更多批评。http://t.cn/Ai0fcLDR,1,1,0,1561863960000
5579257444,我还是你的楷撒文仔啊,:#汤普森续约勇士#水花大旗永不倒，希望克莱明年能满血归来杜兰特仍在考虑（不太明白阿杜在犹豫什么，勇士队氛围那么好，阿杜也很开心），就目前来看，勇士给出的报价应该是最高的了吧，五年后仍然可以拿5000多万，之前还担心勇士会不近人情，现在感觉这个商业联盟似乎也不是那么无情。下赛季阿杜打不了，回来之后的状态谁也不好说，勇士仍然给出五年顶薪，算是对阿杜的弥补了吧。还是希望海啸能在一起，即使阿杜要离开，客观来说，对勇士也不一定是坏事，这样有大量的资金空间来补强板凳，下赛季仍非常有希望。不管阿杜在哪，都支持你，因为小帅是金州的英雄（并且也是颜值担当,2,0,1,1561863840000
6381427897,用户frankyyan,:牛熊週期股市理論一般會相信股市以牛熊（即上升週期，以及下跌週期）交替出現，而內裡再依次序：牛一、牛二、牛三，然後到熊一、熊二、熊三這樣走，雖然市場人士經常估計股市身處那一期，以預估往後的發展，但要正確估算到其實不易，而很多時人們都是等時期已經過去了，才能確認到所身處的是那一期。而我們可簡單理解到，以下是典型牛熊各時期的特徵：牛市一、二、三期的狀態：懷疑、樂觀、狂熱熊市一、二、三期的狀態：失望、悲觀、絕望--愈明顯愈易作決定--由於牛一、牛二、熊一、熊二要正確知道是那一期未必容易，因此憑判斷到這時期而去作出投資決定的，往往不是易事。而很多時，投資者（包括本人）真正有大動作的，就只有狂熱階段（牛三），以及絕望階段（熊三），作為沽出或買入股票的時機，而其他時候，就不會執著於要分析到是那種市況，亦不會作出太多投資決定。當然，這些不明顯的時期都會有投資決定，但就不會出現盡入或盡沽這些情況，而只會作分段買入或沽出，又或小注投資這類決策。簡單來說，就是在絕望時期，即熊三最恐慌卻最平宜的時候大量買入，然後就是等待，等待熊市轉成小牛，再等待其慢慢成長，牛一、牛二、牛三，到了牛三就是長線投資者的收成期。--牛三是收成期--因此對長線投資者來說，進入牛三時應該已持有足夠的貨，善價而沽，當然，這時都會有買賣的動作，但大方向往往會採用沽多過買的策略。雖然對夠貨者來說是收成期，是等位放的時期，但牛三往往是一個不短的時期，而且牛三的開始期與頂點期，回報可以相差非常大，因為狂熱期的頂點是極度瘋狂，價位升到你唔信，而何時沽出就相當考投資者的功力。對於實力一般的投資者，若已有一定貨進入牛三，那除了採用沽多於入的策略外，最好就是用分段沽出，慢慢沽貨，不用心急。又或用升一倍放一半的策略，沽一半後如同收回本金，餘下的是賺多少的問題，就算不放也無問題。而對於較有實力的投資者而言，必然是已持有充足的貨進入牛三，或許這些持貨已有數年，必定是等待最佳機會，善價而沽。不過，有經驗的投資者明白，不可能賺到盡，正如巴菲特在$1.6買中石油，然後等了幾年，到2007年全民皆股時$12才沽出，不過其後中石油升到近$20，可見他亦無法賺盡，但在不久，金融海嘯就出現，並令中石油的股價亦跌至$5以下。--不要等足頂峰--因此，投資者會在牛市去到最頂點前的一段時間，已經沽貨離場，因為他們明白，在頂點的，正是牛熊的終極對決，而牛三接下來的，就是熊一，而當股市到達最瘋狂的一刻，最頂點後就是一個可怕的方式去完結，股災。這是有實力投資者都明白的，因此他們會等待牛三，再等待當中的瘋狂，但卻不會等到最後一刻，而是會在眾人的瘋狂中悄悄離場。「牛市於悲觀失望中誕生，在充滿懷疑中成長，於樂觀積極中成熟，最後在幸福愉悅中滅亡。」--鄧普頓（John Templeton）,0,0,0,1561863840000
5538608320,道远不重,:等到黑夜翻面之后 会是新的白昼等到海啸退去之后 只是潮起潮落 ,0,1,0,1561863780000
5895876433,原来是名名噢,:#音乐[超话]#[米奇比心]#音乐# ,6,1,2,1561863720000
2649208917,7号小太阳,推上大家都在疯狂讨论杜卡联手，WOJ说大家不要过分解读。,0,0,0,1561863720000
3200272271,勇士篮球,:Shams ：库里计划回到美国后与总经理迈尔斯一起前往纽约拜访KD。据悉，勇士会给杜兰特提供5年2.21亿顶薪合同。另外，两百斤也会通过Facetime视频通话加入群聊 ,324,10,53,1561863660000
3317894037,虹膜异色症重症患者,《复联4》释出片场幕后，荷兰弟的哭戏让人超心疼,2,0,0,1561863660000
6086199423,杰克猫mm,:#朱一龙代言可口可乐# 🍉#朱一龙井然# ,3,1,8,1561863540000
5536184796,一只凶巴巴的小狮子,:#汤普森续约勇士#把水花兄弟锁死后，我想把海啸兄弟锁死 ,3,1,1,1561863480000
1980382367,岳芽芽今天开心了吗,《复联4》释出片场幕后，荷兰弟的哭戏让人超心疼,0,0,0,1561863360000
5043762757,__doll_77_,:#汤普森续约勇士#水花给我🔒死。希望海啸也一直都在。 ,1,0,0,1561863240000
3481855717,张米兔兔,:#汤普森续约勇士# 水花已经来了，海啸还会远吗,3,0,0,1561863180000
1818547684,不想更新微博了难受,:现在的我，已经不再回想过去的事情了。青春之所以美好不是因为留有遗憾，而是在于在那段期间充满了无限的可能性，而回忆就像黑洞一样，稍有不慎就会被吸进去，连光都逃不出去。可是，即便过了这么久，当第一缕阳光射进窗前时，我还是回到了遇见你的那个遥远的下午。所有的记忆如海啸般扑来。 ,1,0,0,1561863000000
,桃成蹊的黄药师1,#汤普森续约勇士# 把老板打到跪下的恶霸,0,0,0,1561862940000
1799846162,ColdPaprika,《复联4》释出片场幕后，荷兰弟的哭戏让人超心疼,0,0,0,1561862940000
,番小茄_,《复联4》释出片场幕后，荷兰弟的哭戏让人超心疼,0,0,0,1561862820000
5504354572,唔彦祖,【关于杜兰特消息最新汇总】-MT & Shams：库里计划回国后与迈尔斯一起前往纽约看望杜兰特！！另外因伤行动不便的克莱，到时候也会和KD进行视频通话！-Marc：目前所有迹象都表明，勇士会给杜兰特提供5年2.21亿顶薪。-Woj：伦纳德和杜兰特已商讨过加盟同队并联手。目前只有尼克斯和快船有这样的资薪空间。#NBA吐槽大会#,0,0,0,1561862820000
2141507784,Another_I__14,:#汤普森续约勇士#就等阿杜了，海啸兄弟一生一起走啊！！！！！ ,0,0,0,1561862700000
2380537331,热血梦瑶,:#汤普森续约勇士#水花大旗扛起来,2,0,5,1561862640000
5834447965,LSDegenerate,:#晨艺[超话]# wcy  #未来可期王晨艺# 我喜欢你是那种一想到你的名字，心里动辄海啸山鸣的喜欢。@晨艺 ,29,1,30,1561862580000
2785209225,Stephen_ltp,:水花在，就是争冠球队，但只有海啸兄弟都在，才是王朝球队。 ,1,0,0,1561862520000
6110995794,用户6110995794,:这一刻你心里有场海啸，可你静静站着，没有让任何人知道 南宁·广西水电工程局综合楼 ,0,0,0,1561862520000
7212144886,用户7212144886,#孤影[超话]# #哪家主播粉丝强# 感谢陪伴，路还很长，[爱你]一起成长。 厌世小孤影的微博视频 ,0,0,0,1561862220000
,贝克街电影档案员,:《复联4》释出片场幕后，荷兰弟的哭戏让人超心疼,2220,960,120,1561862160000
,所谓梨雪胖,:早上说睡懒觉...楼下装修小朋友把我踢醒,1,0,5,1561862040000
6113269244,用户20000526,:水花不倒！！！！（虽然还私心希望海啸也别散） ,0,0,0,1561861980000
5063525906,M柒言M,👑✨ ,0,0,0,1561861800000
5167484748,吴牛喘月洪水泛滥干旱无水,:吴牛喘月之无数之无时无刻无动于衷安居乐业精益求精传宗接代搞大之无数大之外宇宙和宇宙之银河系之太阳系之地月系之一滴水皆是水上搞乎 无时无刻 无搞无 吴牛喘月乎无时无刻无搞无“无时无刻特洛伊木马搞由降水量蒸发量如抽地下水发地面升降地震海啸乎无搞无风调雨顺无搞无五谷丰登无搞无国泰民安搞无乎,0,0,0,1561861740000
1034387990,迷妹儿么,:我的心里有一场海啸 可我静静的站着没让任何人知道 ,5,0,3,1561861740000
2139594902,黄夹心的juju且,:#韩国总统送特朗普EXO专辑#  哈哈哈哈哈哈哈哈哈哈 泰海啸了！ ,2,0,0,1561861680000
3537827137,竡里茈錵,:#汤普森续约勇士#水花大旗摇起来,8,0,2,1561861260000
3759961583,Ty_curry,:#汤普森续约勇士#不用考虑我都知道阿汤会留！水花一起走！！阿杜再回来，我们海啸一起走！！ ,1,0,0,1561860780000
,叻叻35,:一觉醒来，汤神4年1.9亿顶薪留勇士成定局勇士还计划给死神5年的顶薪合同，但我觉得是kd受伤后的舆论压力让勇士开出的报价，估计会另有行情。若是这样子，kd续约，那勇士明年交的税都超别的队全部人工资好多倍了。但还是想海啸兄弟卷土重来，勇士老板又不是没钱。小卡和kd居然有联手的想法？要炸天了吧湖人有意库里，是塞斯库里。欧文篮网，蜗壳绿军的米饭也八成熟了。,2,0,0,1561860600000
7150758093,NirvanaSuede,:江城/读书真的是个奇妙的事情啊……前几天在大太阳底下练科二 旁边是教练的武汉口音轰炸（我觉得我现在武汉话听力水平又提高了等的时候无比漫长 不想看手机了 就看从杨那里找的一套漫画 自己找了本小说可能很久没有很认真地看书了吧 忽然一种久违的亲切感。书就是很奇妙 能把人跟这个世界暂时拉开一段距离 但你又好像离这个世界更近了一点。说到远 我一个人无聊地刷手机我才认为是最令人空虚而感到遥远的事当你进入一本书的时候 脑子有一场风暴一场海啸 在酷暑中触碰到了大漠和冰冷的海水 感到兴奋。手脚冰凉 隐隐冒汗 而在外界看来你又是最平静的样子 不急躁也不慌张。读书令人有一种不平静的平静。,3,0,9,1561860480000
6060693013,牛牛6060693013,抱歉，作者已设置仅展示半年内微博，此微博已不可见。 ,0,0,0,1561860360000
6113239239,18的gugu豪,Marc Stein：种种迹象显示勇士在跟KD会面的时候，会开出5年2.21亿美金的顶薪合同。MTII：库里在UA亚洲行结束过后会飞往纽约和总经理Bob会合，一起和KD会面。届时会议上，汤汤也会通过Facetime视频通话参与进来。 同时提到休赛期开始后追梦已经在纽约见过KD了。 NBCS ps了一张图，想象届时会面时候的画面,0,0,0,1561860360000
6351836355,银基国际旅游度假区,:#郑州的夏天# 200架无人机编队表演，独家！ 炫酷水上飞人秀，独家！ 绚烂水上烟花秀，独家！ 劲爽3.8米大海啸，独家！ 最好玩的水上乐园，最嗨的夏夜狂欢，就在银基乐海水世界！ 郑州·银基国际旅游度假区 ,3,0,0,1561860300000
2661563013,邪了呼啦,:这段时间我的心情起起伏伏，感受到了工作的压力、熙熙的成长带来的巨大压力。因此，我把心情焦虑和压力排解的出口放在了zq身上，横看不顺眼，竖看不顺眼，然后他并不能理解，更不会为此做出一些缓解的动作，而我内心的暗涌就变成了海啸。最让我控制不住的是，我把这种不良情绪带给了熙熙，唉 http://t.cn/z85CR3f,0,0,0,1561860240000
5869987152,乐儿9999,:那一刻你心里有场海啸，可你静静站着，没有让任何人知道 西安 ,3,2,1,1561860180000
5539636051,AI我的名字,:#黄子韬[超话]#迭代2.4终于到了 厚厚的一本是他24岁之前的所思所想 我原本以为吸引我的会是精美的照片 但其实是那慢慢倾诉的字里行间让我一遍遍的驻足 感受着他的喜怒哀乐                                                                                              ,16,1,13,1561860060000
5244206772,張泊文,Woj：克莱汤普森与勇士计划达成5年1.9亿续约合同！！！水花一起终老勇士吧！！！ #NBA吐槽大会# ,0,0,0,1561859880000
5209397848,甜橘豆包,:#朱一龙井然#  ,3,0,26,1561859820000
5568749007,ThrillxxxxN_,#荷兰弟变拽了#毕竟咱荷兰弟的确是电影明星呢,0,0,0,1561859760000
,少年王破,你们见过最毁三观的事情是什么？ ,0,0,1,1561859760000
,晕觅渡,:“ 那一刻你心里有场海啸  可你静静站着  没有让任何人知道 ” ,2,0,1,1561859700000
3191696320,KOBE丶小浩,Shams ：库里计划回到美国后与鲍勃迈尔斯一起前往纽约拜访杜兰特。据悉，勇士会给杜兰特提供5年2.21亿顶薪合同。值得一提的是，在库里与杜兰特见面时，汤普森也会通过Facetime视频通话加入群聊。于是，到时候的场面会是配图这样的,0,0,0,1561859700000
6765142321,m1n2ha0,Shams：汤普森与勇士计划达成5年1.9亿美金的续约合同！水花大旗永不倒！#汤普森续约勇士# #NBA吐槽大会# ,0,0,0,1561859340000
2380537331,热血梦瑶,#汤普森续约勇士# 把老板打到跪下的恶霸,0,0,0,1561858680000
2463699153,娱少年郎,:死月就像血，三个孩子的花朵都出生了，它们被砸碎了。折叠昨天的凄凉，在阴影中干燥故事，痛苦地尖叫，摇曳。海啸卷起一片沙子，吞噬着星空的早晨阳光，在夜晚，一种纸的风格，#极限挑战# ,0,0,0,1561858560000
5061381357,Seven-抒,Woj：克莱汤普森与勇士计划达成5年1.9亿续约合同！！！水花一起终老勇士吧！！！ #NBA吐槽大会# ,0,0,0,1561858560000
,满分豆,:早上好！我很怕突然听懂一首歌的感觉，这回我听明白了《氧气》。写得多好啊，女孩到底是女孩，男孩不会懂得的。分享给女孩们，愿你们能在爱里重生，在爱里得救。昨天，我的世界发生了一场地震，受灾资产暂且无法统计，伤亡人数0.5人。地震又引起了一场海啸，受灾资产暂且无法统计，伤亡人数0.5人。两次灾难共计伤亡一人。大地说它很无辜，大海也是。它们说这是自然现象，是地壳运动，是无可厚非的。它们一同向亡者表示遗憾和悼念，但是亡者已经死亡，又会在意什么对得起对不起的呢？昨天我的眼泪已经为亡者流干了，今早只觉得眼睛涩涩的。走进闸机口，回了三次头，没流一滴眼泪。我不知道这种情绪应该怎么准确表达，是惊诧还是悲伤。实际行动告诉我，应该是愤怒更多一点，因为我又双叒在公共场合骂人了。一群人围在电梯口，也不下去，也不让开，就那么堵着。好多人在小小声议论、轻轻推搡，后面的人很快就会越来越多。我大吼了一句“不要堵在这里，要走就走，不走就让开。”只看文字感觉还好，但话一出口，我都被自己的语气惊到了，暗暗感叹：确实是个当老师的好苗子，中气足声音大口气凶。我一吼完，他们马上让到一边。这个世界说到底还是欺软怕硬。走我前面的一个大兄弟回头看了我好几眼，眼神有点不可思议。在前面一个小姐姐也是，好像有一点害怕，但愿是我想多了。我不会经常分享生活了，我的生活就是个虚幻的泡影，连我自己也不知道孰真孰假。我选择了单纯，选择了为我爱的事物奋不顾身，选择了相信这个世界的美好，但是世界一次次用它丑陋的面目来伤害我。再这样下去，我也不知道那么热血的我，还能坚持多久了。每一次深夜的诳语，现在看来都是那么可笑。我真诚而莽撞地去爱，巴不得把胸膛撕开把心脏拿出来，能知道这颗真心的又有谁呢？好人有好报吗？善恶终有果吗？我们走着看吧。担心了那么久，不舍了那么久，终于要回家了。爸爸妈妈永远不会伤害我，我也要更爱自己一点了。重庆不值得留念，但是我值得更好的未来，所以还是要努力。一起加油哦！考研的小伙伴们！ http://t.cn/Ai0VNsCe,9,0,3,1561857840000
5341990668,小乔公子爱乔叔,:http://t.cn/AiCecEjy,0,0,0,1561857720000
7174311127,凌晨mua,:#邓伦# |#邓伦郝泽宇# http://t.cn/Eb8XjhU 一路走来见证了你的艰辛与奋斗很开心你能够做自己也很期待未来的你我喜欢你是那种一想到你的名字心里动辄海啸山鸣的喜欢我喜欢你没有任何的附加条件我喜欢你就是如此的简单我喜欢每个剧中的你可我更喜欢现实中的你喜欢你的执着与坚持拼命与努力我喜欢你笨拙而热烈一无所有却又倾尽所有我不懂心动只是看到你好看的眉眼就好像看过了万水千山所以 照顾好自己@邓伦 ,102,24,115,1561857600000
5498443969,北北北阿a,:#邓伦郝泽宇# ,28,3,57,1561857600000
,小希在日本,:大家周末早~刚看新闻，由于大雨的影响熊本县发出了避难警告。暴雨台风，海啸地震，入夏以后感觉天灾越来越频繁，大家注意安全！ ,8,2,2,1561856700000
1965050810,蜜糖纤维,彼得一激灵,0,0,0,1561856520000
5381859388,zzzi刚刚好,【库里将带队去纽约会面杜兰特】库里最近刚刚完成亚洲之行的活动。返回美国之后，库里计划直接前往纽约与杜兰特会面，勇士队总裁鲍勃-梅耶斯也会同行。此外，汤神会通过视频的方式参加与会面。 ,0,0,0,1561856160000
6578619745,我就去睡咯,:#朱一龙井然# ,5,0,17,1561854420000
6023476670,宅神瑛子,:此刻心里而场海啸，但我静静的没有让任何人知道,1,0,0,1561854300000
5124188842,_lynn_xiao,:坐等海啸归位！ ,0,0,0,1561853940000
6150147294,Aries木又惠童脾气超差,:等到黑夜翻面之后会是新的白昼，等到海啸退去之后只是潮起潮落 大同 ,2,0,0,1561853640000
5241592009,双门洞朴南政,勇士记者马修斯汤普森说库里计划与鲍勃一同去纽约。 ,0,0,0,1561853220000
6613586839,一只坏猫猫,:暗恋是风 喜欢是海啸爱是大海 可人是孤岛 湖州 ,1,0,5,1561852680000
5571145296,BlushZzzz,:本年使用度已达50%，每一个月都被拉伸得无比漫长，物理上的看很多东西都变慢了，拓海的老爸说这是因为太快了，我觉得还有心境上的变化。就像我们去劝小室友的那样，总不能去死吧？成年没有那么黑白分明，能力提高的同时，也给予能力不足者牺牲的能力，办不到的事情牺牲自己小孩子的一部分就能做到，很多人都因这样做而站到了高峰，振臂一呼是响应者百万。可是我觉得最重要的还是一颗赤子之心，它并非是单属于小孩的部分，因为它真正考验的是在激流之中人们对于它的取舍，有的人被浪打个趔趄就早早交牌，有的人海啸来临也要抱着它在尖尖上冲浪。我仍以好坏来判断一个人，我又不以好坏来单纯决定我的态度，这就是一种灰色。我仍在坚持每一个我下的决定，绝不改变就是我认为的心。,0,0,0,1561852560000
5751939893,1口1个月亮,Marcus Thompson:库里计划在杜兰特自由球员决定前和经理迈尔斯一起去看望他 ,0,0,0,1561852500000
5894927112,青青青子衿520,Marcus Thompson:库里计划在杜兰特自由球员决定前和经理迈尔斯一起去看望他 ,1,0,0,1561852500000
5684991570,小管不要加芥末o,:先是汤汤，后来KD，水花大旗勇不倒。海啸兄弟士不跑。#勇士# ,5,0,0,1561851840000
6362096795,ZCY紫罗兰,:有聚有散，有来有往才是人生，愿你心中的海啸，总有一天，风平浪静，阳光明朗！#微博贴纸# 临沂 ,0,0,0,1561851780000
5946011543,小透明的蜕变之旅,👑✨ ,0,0,0,1561851540000
5242676718,就是王茜皮,:滴水之恩 当海啸相报分享单曲Die MF Die（@网易云音乐） ,1,0,2,1561851180000
,饶州府小阿放,:#妈妈污# 每两个人在一起都是不同的化学反应。而容墩和狗辉一旦会面，总会擦出抽疯的火花，,1,0,0,1561851000000
,醣签签,:成年人心里的海啸 静静地没让别人知道 ,0,0,0,1561850640000
1845014494,吾各各匡匡三姨母,Shams消息出来了，克莱基本留下了，水花兄弟永不分离,0,0,0,1561850340000
3287597123,麻耶耶耶耶耶耶耶,荷兰真的嫩，年过20演16岁毫无违和感，而要问16岁的荷兰长啥样，那就要看这部13年的how i live now了。12年拍摄时荷兰和ffh的小蜘蛛一样16岁，简直奶到人昏倒。 ,0,0,0,1561850280000
1976593302,MAY莱,Marcus Thompson:库里计划在杜兰特自由球员决定前和经理迈尔斯一起去看望他 ,0,0,0,1561849260000
5890777173,m_lh77cl,👑✨ ,0,0,0,1561848960000
6128081571,橘味月亮,👑✨ ,0,0,0,1561848180000
5159319569,CancelU,Marcus Thompson:库里计划在杜兰特自由球员决定前和经理迈尔斯一起去看望他 ,1,0,0,1561847160000
6580934089,夏天的小荷静,#Liensa小乖乖的碎碎念# 夏日炎炎，最适合玩水啦！记录车厘子第一次水上乐园玩耍～恐龙园附近真的已经是很成熟的度假村了，昨天打卡中华恐龙园，现在打卡侏罗纪水上世界！旁边还有俱乐部，还有冰雪世界，这次来不及了，留着遗憾下次再来打卡！#带着微博去旅行# 常州·侏罗纪水世界 ,0,0,0,1561845420000
7189557895,周小欧2019,:最爱的看过无数次的片段就是max第一次见到1900，两人在乌云海啸中弹琴的片段，如果你难过，看看他，就会好受一点。 ,0,0,0,1561845360000
5167484748,吴牛喘月洪水泛滥干旱无水,:吴牛喘月之无数之无时无刻无动于衷安居乐业精益求精传宗接代搞大之无数大之外宇宙和宇宙之银河系之太阳系之地月系之一滴水皆是水上搞乎 无时无刻 无搞无 吴牛喘月乎无时无刻无搞无“无时无刻特洛伊木马搞由降水量蒸发量如抽地下水发地面升降地震海啸乎无搞无风调雨顺无搞无五谷丰登无搞无国泰民安搞无乎,0,0,0,1561844700000
6087380243,遇见16岁的我,:那一刻你心里有场海啸可你静静站着没有让任何人知道 ,0,0,1,1561843680000
7189443047,超想恋爱的九,:#海啸奇迹[电影]# 心疼我宝[泪] ,0,0,0,1561841040000
3229112512,马戏团的马戏人,:那一刻你的心里有一场海啸，但你静静坐着，没有让任何人知道 ,0,0,0,1561840200000
3150948447,科技头条资讯,:【IBM组建新部门发展人工智能业务】10月7日，IBM已经组建了一个新的业务部门，希望利用最近以来人工智能（AI）海啸般迅猛发展的势头扩大自身业务。 ,0,0,0,1561838820000
5129423976,说给十八,Marcus Thompson:库里计划在杜兰特自由球员决定前和经理迈尔斯一起去看望他 ,1,0,1,1561836120000
2569908815,beauty_lua,:一场海啸 ,0,0,0,1561835520000
6524694746,专业逗笑员,:你们见过冰海啸吗！？大自然的力量真是太可怕了！@油兔不二字幕组 专业逗笑员的微博视频 ,0,0,0,1561834800000
6524417594,笑出来别怕,:你们见过冰海啸吗！？大自然的力量真是太可怕了！@油兔不二字幕组 笑出来别怕的微博视频 ,0,0,0,1561834800000
2111091940,甜茶的秘密花园,所有迹象表明，勇士将给杜兰特5年2.21亿美元的顶薪合同。 ,0,0,0,1561834440000
,小鱼儿-579,:本来已经躺在床上准备睡觉，还是没能忍住起来把视频剪完。大四一整年有意无意地拍了一些很短小的片段，但为时已晚，没能记录到所有人。但还是有拍到上学期山崩海啸后的互助班会和留下遗憾的足球赛，更多是的毕业相关。本来用的BGM是逝去的歌，剪了一会发现会情绪崩溃剪不下去就换了歌。逝去的人不曾走远，也再也回不来。  http://t.cn/Ai0cAXwe,24,1,3,1561834140000
5511416856,UNWO_RTHY,:”那一刻你的心里有一场海啸，可你静静地，没有人知道” ,2,0,0,1561833480000
1805143213,Neveruseitbye,:等到海啸过去之后 只是潮起潮落别到最后你才发觉 心里头的野兽还没到最终就已经罢休. ,3,0,3,1561833480000
,库里之家,:#金州勇士[超话]#Stein：勇士将给杜兰特5年2.21亿美元的顶薪合同接下来要看阿杜怎么想的了，如果海啸三兄弟能整整齐齐那就最好啦[嘻嘻]#NBA吐槽大会# ,13,0,5,1561832460000
6354272201,哈哈原来是你样,:@海啸Studio #咸鱼# 我只是个无名的受害者——对你来说其实发这篇微博的时候是想了的，本来看见你一走了之的态度和不负责任的性格时，是想着算了吧，我是真的无语，网购这么久真的还是第一次被骗，怪自己咯！但是时隔一个月看到你的微博又发商品的时候，又在做宣传的时候，我就在想不能这么忍下去，这样子又会有无辜的人被骗，可能你并不是以诈骗来维持生活，只是我运气不好正好碰到了你事业的低谷，但是你这种逃避、不负责的样子恰恰说明了你不适合当商人为什么要跑？为什么不回信息？为什么把我们受害者的微信微博屏蔽？你给个回复一下会＊吗？又不是不理解你，又不是不可以协商，交流都没有怎么可能解决问题呢？反正看到这篇的人，反正证据已经被删了你们也看不到了，买东西之前想想吧，有可能之后也是这个结果……最后，已经过了大概两个月了，你看了有感受吗？没有的话我也没什么了，如果你觉得是这样子的话，请回我微信,0,0,0,1561832220000
,一朵漂亮的花朵,#SNH48燃烧吧团魂#  #SNH48[超话]# GROUP X @咪咕音乐 《燃烧吧！团魂》大型团队现场综艺秀巅峰之夜精彩继续[威武]，由 #BEJ48TeamB[超话]#的@BEJ48-段艺璇 小姐姐带来的《深海之声》，“ 深海中的神庙，海岸线的女妖 ，美人鱼在浪中飘 ，听不见的海啸 ，有梦有泪有笑。” 深情婉转的声音令人震撼，用心诠释每一次感动，用多样的肢体语言，将自身的魅力展露无遗[给你小心心]！戳：http://t.cn/AipuqJtb 观看直播！更多精彩内容戳：http://t.cn/Eo0xQdY  一起为少女偶像们助力加油！#来咪咕音乐，守护snh48#   @BEJ48-段艺璇应援会 http://t.cn/Ai05f6Tt,0,0,0,1561832100000
5527668628,Iktsuarpok04,:我生命的虚假平静就像巨大海啸过后的涟漪 ,1,0,0,1561831140000
5900037911,kathylin_z,#黄子韬[超话]# ,1,0,0,1561830600000
,格洛吴邪,:温布利这边到底谁的演唱会 人潮像海啸一样我都不知道伦敦有这么多人,0,0,0,1561830420000
2957150517,Aybttu,:整场电影都在提醒我托尼史塔克死了，走了，不在了。他在的时候干了好多大事，可是没几个人好好夸过他。小蜘蛛觉得自己没有能力去接管伊迪斯，而把眼镜交给神秘客的时候，我强憋着眼泪，又酸又苦。只是一个防御系统，就那么多人虎视眈眈。托尼他以前是怎么把所有事都扛在身上的呢。原来在托尼史塔克身上风轻云淡的事情，对旁人而言是海啸啊。而托尼说把这个给彼得帕克。没给猎鹰，没给黑豹。那么多人能力强于这个高中生，可是为什么偏偏给了他呢？小蜘蛛唤醒伊迪丝后问了一句：你也是为我设计的吗？可爱的他以为这是跟“战衣小姐“一样的“眼镜小姐”，却不知道，托尼史塔克现在觉得他不仅仅是个好邻居蜘蛛侠了。,2,0,2,1561830360000
6436081454,爱笑的晓晓吖_,:#tsunami吴海啸[超话]#晚安呀海啸 ,0,0,0,1561830300000
6363030287,某呆今天也是护哀狂魔,荷兰真的嫩，年过20演16岁毫无违和感，而要问16岁的荷兰长啥样，那就要看这部13年的how i live now了。12年拍摄时荷兰和ffh的小蜘蛛一样16岁，简直奶到人昏倒。 ,0,0,0,1561830060000
6363030287,某呆今天也是护哀狂魔,#荷兰弟变拽了#毕竟咱荷兰弟的确是电影明星呢,0,0,0,1561830060000
3866771998,四季奶青去冰三分甜加奶盖波霸,:“等到黑夜翻面之后会是新的白昼等到海啸退去之后只是潮起潮落”🐰 ⋆ 🐚  🎀  𝒿𝒾𝒶 𝓎  🎀  🐚 ⋆ 🐰我们都加油 没有什么过不去的 别去在意别人的想法 活好自己就行啦微博视频 ,6,0,0,1561829940000
6524832584,CallMe1900Witch,:情绪爆发是慢慢积累的过程通常不是单独某种原因造成的，只是通常压垮骆驼的最后一根稻草通常被误以为主因。我在度过一段充满绝望迷茫不知所措的日子并且长期持续的维持这样的状态，在大多数时候我心里有一场海啸只是安静站着无人知晓。理智难得是因为人不懂在更近时要退，而分寸用拿捏形容，也因于指尖的松弛用力尽是考虑。,1,0,0,1561829820000
6399941029,周獳,:晚上睡觉失眠了好办，躺着别动，一下都别动，眼珠子都别转一下，坚持十分钟，铁定睡着，亲试。注意，被蚊子咬了也要忍住，不然之前坚持的几分钟就白费了，还得从头再来。管他地震台风还是海啸，都要坚持住别动，不能白白浪费自己已经坚持的几分钟。 ,0,0,0,1561829580000
,西瓜欧巴,:我喜欢你是那种一想到你名字心里动辄海啸山鸣的喜欢#宿迁 · 韩山镇[地点]# ,140,5,110,1561828980000
6493944368,我好像是个菜鸟喔,Shams：迈尔斯本周末去纽约拜访杜兰特 ,0,0,0,1561828860000
1774836453,请叫我何大高个儿,:#林俊杰哈尔滨演唱会# 等到黑夜翻面之后会是新的白昼等到海啸退去之后只是潮起潮落别到最后你才发觉心里头的野兽还没到最终就已经罢休@林俊杰   我的青春    爱死你了 ,1,0,4,1561828860000
5559550516,宫崎骏的小龙猫Totoro呢,:oh，不，为什么前一秒看着汤汤留下，高兴的不得了，下一秒就看到有报道说小帅要和卡哇伊联手去选择一个球队，离开勇士,0,0,0,1561828680000
,初见尓,:△       成年人心里的海啸，静静地没让别人知道。🖤 沈阳·沈阳师范大学 ,3,1,2,1561828380000
3875874513,品惜,:“那一刻，我心里有一场海啸，可我静静地，没有让任何人知道。” ,10,0,0,1561827960000
1961302397,_Vicky栾雅乔,:今日份的吴海啸. 沈阳·DARK ROOM暗示 _Vicky栾雅乔的微博视频 ,11,0,2,1561827660000
1789561750,像傲寒一样·,Shams：你汤计划5年1.9亿续约勇士#等你回莱##NBA吐槽大会# ,1,0,0,1561827600000
2295325852,程度,:那一刻你的心里有一场海啸，可你静静的没让任何人知道。 ,17,0,6,1561827480000
5054329763,BlackTea涩,:等到黑夜翻面之后       会是新的白昼等到海啸退去之后       只是潮起潮落星河滚烫，你是人间理想 ,0,0,0,1561827420000
5967121153,蓦兰11,:大半夜的打开虎扑…我勇这是要凉的节奏吗,0,0,0,1561826220000
6314331356,芝士烧烤羊肉串-,:#朱正廷女友[超话]#我没想到 为了你 我能疯狂到，山崩海啸 没有你 根本不想逃，我的大脑 为了你 已经疯狂到，脉搏心跳 没有你 根本不重要。 ,0,0,0,1561826100000
,SUZUKI_DAS,日本11年311大地震！实拍海啸全过程！从风平浪静到水漫金山，这汽车可惜了！#日本地震##宜宾地震为天然地震# 何天恩的微博视频 ,0,0,0,1561826040000
5198273955,-HaHan-,👑✨ ,1,0,0,1561825440000
5122019029,不加糖的彐彐,:其实我很容易满足，很容易心动，在那一瞬间我心里有场海啸，但是没人知道。 ,2,0,0,1561825080000
5448133050,今天也好想你啊,:那一刻我心里有场海啸 可我静静的 没有让任何人知道 滨州 ,6,0,2,1561824900000
5138092183,旧店,:海啸虽来过 但樱花还是开了 ,2,0,0,1561824720000
5836676875,昭和少女吃芋圆,👑✨ ,0,0,0,1561824540000
6242166968,我会魔法哦biu,:那一刻你心里有场海啸，可你静静的，没有让任何人知道。 ,0,0,0,1561824540000
5819937846,社恐中期,#综艺里的意外事故# 综艺里的意外笑点合集第二弹来了这次是综艺里的意外事故合集在不能播的边缘疯狂试探哈哈哈哈哈哈哈今天我们继续笑到颧骨飞天！ 饭圈安利鹅的微博视频 ,0,0,0,1561824180000
,咪咕爱豆,:#SNH48燃烧吧团魂#《燃烧吧！团魂》大型团队现场综艺秀巅峰之夜精彩继续，由 BEJ48TeamB的@BEJ48-段艺璇 小姐姐带来的《深海之声》，“ 深海中的神庙，海岸线的女妖 ，美人鱼在浪中飘 ，听不见的海啸 ，有梦有泪有笑。” 深情婉转的声音令人震撼，用心诠释每一次感动，用多样的肢体语言，将自身的魅力展露无遗！ http://t.cn/Ai0t4QFT,4,0,0,1561823940000
3850432166,MD_元元,受到SK-II的邀请。翻唱一首由John Legend创作的主题曲《Oh Pitera》。你们能不能听到甜蜜发酵的感觉呢。 接下来。听我唱。和我一起遇见生命中的“神仙水”。 Oh Pitera ,0,0,0,1561823760000
5315163887,娃娃菜d贝吉塔,:成年人心里的海啸，静静地没让别人知道。,0,0,1,1561823640000
5662553773,洛OwO,:那一刻你心里有场海啸，可你静静站着，没有让任何人知道。 ,0,0,0,1561823520000
3251615500,桃樂絲露娜,👑✨ ,9,5,0,1561823460000
5967240100,大卷201403,":那一刻你心里有场海啸可你静静站着没有让任何人知道"" ",0,0,0,1561823220000
6373300103,视嫌,:我预言：日本鬼子被海啸搞定！世界终于恢复和平！ ,0,0,0,1561822920000
6576473846,Tiger_WuSi,:#最强卡点# 地震和海啸 微博视频 #最强卡点# ,1,1,0,1561822800000
5695933220,小小辛雨Daring,:那一刻 我的心里有一场海啸 但我静静站着 没让任何人知道 ,0,0,0,1561822500000
7071579556,我是一只小排骨,:发动地震和海啸 微博视频 ,0,0,0,1561822380000
1875307020,BibiSm-,:#海啸奇迹[电影]#重温了一遍海啸奇迹，还是好感人啊[失望] ,1,1,0,1561822380000
3229503645,Xiao颖_18825,:我没想到 为了你 我能疯狂到山崩海啸 没有你 根本不想逃我的大脑 为了你 已经疯狂到脉搏心跳 没有你 根本不重要 ,1,0,3,1561822380000
5133980468,娜个小方,:那一刻你心里有场海啸，可你静静站着，没有任何人知道… 南宁·霖峰壹号 ,1,0,0,1561822200000
7167401271,杨真真love,:成年人心里的海啸，静静地没让别人知道。,0,0,0,1561821960000
5754494969,省u-,这段台词醍醐灌顶 ,0,0,0,1561821780000
6407267972,一个茶猫,:我没想到为了你我能疯狂到，山崩海啸没有你根本不想逃；我的大脑为了你已经疯狂到，脉搏心跳没有你根本不重要@SNH48-黄婷婷 ,0,0,0,1561821660000
,刺青師-壹萬,:一直向吳海嘯默念看我看我今日份的幸運 意外可愛@吴海啸Tsunami 沈阳 溯洄刺青-壹萬的秒拍视频 ,17,2,8,1561821660000
6191858821,空5522,#炎亚纶[超话]##全明星吐槽# 棒棒糖甜，龍井茶鹹，炎亞綸____。#炎亚纶请赐我一双翅膀# 炎亞綸_AaronYan的秒拍视频 ,0,0,0,1561821300000
,塞班岛婚纱照-千遇旅拍-摄影婚礼,:#塞班岛婚纱照# 摄影，我喜欢你，是那种一想到你的名字，心里动辄海啸山鸣的喜欢。 ,14,0,0,1561821300000
6049680441,樯樯的,:海啸的时候没有任何一滴水是无辜的. 松原·隆昌家园 ,0,0,0,1561821120000
5860503628,救世主是我_,:那一刻你的心里有场海啸 你没让任何人知道 ,4,0,1,1561821060000
2277263395,付宇琦琦琦,:等到黑夜翻面之后 会是新的白昼 等到海啸退去之后 只剩潮起潮落 哈尔滨·哈尔滨国际会展体育中心 ,1,0,1,1561821000000
5566668593,涂火羽白熠,:#杨桐[超话]#[给你小心心]#向全世界安利杨桐# 我没想到，为了你我能疯狂到山崩海啸，没有你根本不想逃@杨桐Y （唱起来,0,0,0,1561820640000
5947665400,抹茶牛奶味的小饼干_,:妈呀 我到现在才知道荷兰弟演过海啸奇迹   海啸奇迹这个电影我看了七八遍真的是太喜欢了  而且三个儿子都超级可爱帅气  ,0,0,1,1561820460000
1223785061,鹿浇寿,:那一刻你的心里有场海啸可你静静站着没有让任何人知道 北京·铸诚大厦 ,2,0,7,1561820280000
1961302397,_Vicky栾雅乔,:#tsunami吴海啸[超话]#今日份的@吴海啸Tsunami . 沈阳·DARK ROOM暗示 ,4,0,0,1561820160000
6067221343,卷土不再重来,:实拍日本311特大海啸全过程，5秒钟抹平整个城市，场面不忍直视！#深夜大明白# 卷土不再重来的微博视频 ,1,0,1,1561819980000
7201083013,萤火虫的秘密后花园,:第八天。我也不知道怎么说。我们之间似乎少了什么东西，若要具体问什么似乎也没有什么？是太快了吗？那来一次海啸一般的爱情不好吗？换个角度思考。我们不缺什么？我们似乎缺的仅仅就是我在你身边的陪伴而已！其他的我们都有了，虽然说了喜欢我还是会偷偷的默默的害羞的喜欢你。虽然我们现在不知道聊啥，你总是顾虑多疑。但是你不要否定自己，没有人是一开始这样，永远都是一样。青春期的喜欢怎么能和成年比较？经历的东西不就是为了更好的享受美好？？这些不是道理。是我经历的告诉我。所以我遇见了美好——就是你！！！我们需要坦诚的面对自己的感情，喜欢就是喜欢好好喜欢，努力爱！不喜欢就是不喜欢！怎么都不行！没有一时冲动。也没有头晕脑胀！！！互相即为港湾,0,0,0,1561819260000
6404204283,echo是大头,:是不是永远都不能和爸爸真正和解今晚就像海啸来袭摧毁了所有的希望和努力那就这样吧都归零了我认输撕心裂肺的痛谁又能理解 ,0,0,0,1561818660000
6938347426,星呀07,:成年人心里的海啸，静静地没让别人知道 石家庄 ,2,0,0,1561818600000
5831073425,不眠星河,:你怎么能这么温柔阿!!!!像小奶猫舔舐手心的温度，不经意融化了多少支冰淇淋。柔软到星河流淌眼泪，美梦也起了一场白雾。你低眉浅笑的瞬间，兵荒马乱的心脏在山崩海啸。每一次的挥手道别，都变成甜蜜暴击。哥哥，你要多笑笑阿。今夜不关心人类，我只爱你@TFBOYS-王俊凯 ,6,0,5,1561818480000
,乔振宇贴吧,:#乔振宇[超话]#想到你的名字，心里便海啸山鸣晚安[月亮] ,48,2,4,1561818420000
1673088581,Reson羊羊,:唉这个综艺啊，这街也好，新说唱也好，只要一到后期观众投票，海啸必然就来了,4,0,0,1561817880000
7210642563,用户7210642563,:我没想到为了你我能疯狂到山崩海啸没有你根本不想逃 通辽 ,1,0,0,1561817700000
2917756852,MD_桐桐典典,受到SK-II的邀请。翻唱一首由John Legend创作的主题曲《Oh Pitera》。你们能不能听到甜蜜发酵的感觉呢。 接下来。听我唱。和我一起遇见生命中的“神仙水”。 Oh Pitera ,0,0,0,1561817640000
7124514987,用户7124514987,:值不值得买，要看买的是不是时候，或牢固否。海啸以后还有没有？ 临深海景房，不到一万的单价值不值得买？ ,0,0,0,1561817520000
,ColaQueenie,:《海啸奇迹》的小男孩长大啦，荷兰弟还是有两下子的,2,0,0,1561817220000
1997663624,一语致死杨九妹,夸夸我呗，最近好背。车专抽一位送我身上同款裤子冲冲喜！月底开#御座的黄山[超话]#  抽奖详情 ,0,0,0,1561816680000
,粉色小KAI猪,:我没想到 为了你我能疯狂到山崩海啸 没有你根本不想逃我突然get到这两句的浪漫 好感动 ,0,0,0,1561816680000
6067221343,卷土不再重来,:已知的全球最大地震！引发海啸横扫太平洋，让数十万人无家可归！#你啥看法# 卷土不再重来的微博视频 ,1,0,0,1561816380000
5783173628,美丽的小花朵Y,:我心里有一场海啸，但我静静地站着，没让任何人知道,3,0,0,1561816320000
5201378253,不是十,":""暗恋是风喜欢是海啸爱是海可人 是孤岛"" ",1,0,1,1561816260000
6069817852,PLAYBOY收管所,:我要变成雨，所有的痛苦破碎成水滴，落在我爱的土地，人们在我的身体里跑过，站定时用纸张拂去我身体残留的渣滓，像逃离一场浩荡的海啸降临 ,9,0,2,1561815780000
,薛潇珺,:小蜘蛛真的看得我母爱如海啸般泛滥！“弟弟还是个孩子为什么要承受这么多”、“弟弟别哭姐姐抱抱你”、“弟弟长大了好欣慰嘤嘤嘤”、“弟弟还没成年你不要亲他！”...#突然有一丝丝理解恶婆婆的心情# ,0,0,0,1561815600000
2654756905,爱穿裙子的小舒,:等到黑夜翻面之后会是新的白昼等到海啸退去之后只是潮起潮落有些失败不只是因为自己的原因，所以不要气馁，不要自卑，更不要难过 ,2,0,3,1561815600000
5991111799,四月不静好,:#蜘蛛侠吻戏#小时候就看过他演的海啸奇迹，就感觉这个小哥哥演技好好，后来前两年注意到Tom，才想起来我小时候看过他演的戏，妈妈呀，怎么肥事，怎么就接吻戏啦啊啊啊啊啊啊啊啊啊,1,0,0,1561815360000
2371400413,甜甜甜甜甜不甜,:傍晚在龙潭湖看落日，坐在小亭子边上，吹着河风，呆呆的看着天边低沉的云彩，感觉心都静下来了。一不小心注意到旁边坐着的小姐姐也在盯着天空看，但是眼泪充满眼眶，余光还察觉到在用手擦流下来的眼泪。每个人都有烦心的事情啊，这样静静的流泪真是让人心疼。不知道自己的海啸能不能在明天结束，满怀期待的迎接美好的七月。哎，跑完步回来，发现本命年特地戴的小猪耳钉丢了一个，今天早上还有，现在就没了，这霉运能不能结束了！！！！,1,0,11,1561815060000
2302894777,无菇朋友,#麦的垛[超话]# 麦的垛朱尼尔的微博视频 ,0,0,0,1561814760000
,高祥守候站,:#高祥[超话]##主持人高祥##高祥粉丝会#长江后浪推前浪，疲惫死在祝福上，忧愁海啸里荡漾，烦恼撞在大坝上，愉悦直冒幸福光，开心翻在沙滩上，你的笑声掀笑浪，读完短信心花放，愿你乐乐呵呵入梦乡，晚安好梦到天亮！,0,0,0,1561814400000
6171107393,大块头孙楚珺8911,日本11年311大地震！实拍海啸全过程！从风平浪静到水漫金山，这汽车可惜了！ 泰沉默的微博视频 ,0,0,0,1561814340000
3597988533,兔兔酱的旅行日常,:【马来西亚-沙巴】沙巴-“风下之乡”有一个地方被上帝精心打造过却又被世间的喧闹遗忘，那里终年没有海啸、台风这些灾害，那里被称作“风下之乡”。 ,0,0,0,1561814280000
3801955023,娱乐破事,:#正能量的娱乐搞笑[超话]#【鲸的叫声好恐怖，像恐龙的叫声】来自洪荒莽古的声音 令人敬畏！ 这么美丽的精灵日本鬼子怎么下得了手 终有一天你们会被大海一个海啸抹平！！ 娱乐破事的微博视频 ,71,7,7,1561814220000
,良心评,:开车的朋友强烈建议上这个保障。每年1800，交10年保30年（10年总共交了1万8），所有交通工具内发生身故全残赔100万，九大自然灾害（地震、泥石流、海啸、龙卷风等等）发生身故全残赔200万，一般意外身故全残赔10万。全球保障，保障期间内未发生理赔1.2倍返还保费。经常坐飞机的朋友也强烈建议上这个险，投两份每次的航空意外险基本上都不用买了，还能起到更全面的保障。这是解决身故责任的，就算意外了也给家人留下一笔财富，让活着的人可以更好的生活，而不只是悲伤。保障是一种责任。扫最后一张图找我建立保障。,2,3,2,1561813860000
,西部最具影响评论邵旭峰视界,:#新浪看点# 日本要在海啸多发区部署陆基“宙斯盾”反导系统日本要在海啸多发区部署陆基“宙斯盾”反导系统 ,0,0,0,1561813680000
3983603864,JustAllin-,":又是一年夏天了，记得去年这时候因为管乐写下什么""我不敢想象明年这时候""，没想到这传说中的""明年这时候""也过去了。昨晚这时候冒着生命危险从班里跑出来，在漆黑的操场上转来转去，也不知道心里是平静还是有海啸，只想说时间太快了 快到哭个三天三夜都不够认识的人高考都失手了，唉怕是自己明年也得挂吧，一本线太高了 考不上大学了，不念了爱咋咋吧hhhh""你上次说，有个大事，是啥啊?""""emm今天这场合不适合，先不说了。""行吧，不说当然行，以后也就别说了吧，我也不想听了，爱和谁说和谁说吧，不期待了，遗憾有就有吧，陈粒还唱""人生不能太过圆满求而不得未必是遗憾""呢，思来想去的，日子过的也是将来啊，江湖有梦，我更精彩哈哈哈哈期末语数英估计又要杀我了，晚上拍什么晚霞也没拍到。夏天白昼好长啊，长到比冬天还绝望。唉什么时候我能按时看完每月的国家地理啊，什么时候妈妈的腰能不要那么疼啊，什么时候你才会和我重逢啊，在没有黑暗的地方。/2019.6.29晚",0,0,7,1561813320000
2613170971,王予之楠,:如果说妇产科和儿科是头脑风暴 那大内科和大外科就是海啸.. ,0,0,0,1561813200000
6025643579,等待凯源合唱呀,#追星女孩圆梦大赛#少年时代永不完结。@QQ阅读 ,0,0,0,1561813140000
1682103304,干了这碗_恒河水,#邓紫棋 稳# #邓紫棋中分# 邓紫棋@GEM鄧紫棋 在第30届 #金曲奖# 中作为表演嘉宾串烧演唱了《不为谁而作的歌》《我的歌声里》《小幸运》《那些年》《演员》《以后别做朋友》《告白气球》《痴情玫瑰花》《飘向北方》《光年之外》，现场很稳！#边看边聊# 微博综艺的微博视频 ,0,0,0,1561813080000
5655454729,一茶一茬,:减什么肥！滑蛋饭那么好吃！！！甜心！！！！,0,0,0,1561812960000
5097646367,夏的风吹落了秋的叶,:哪怕山崩海啸，哪怕这一生孤独终老，也愿有那样的时光，最美的悸动，也有你迷人的浅笑，今生为你驻足在此，只为追寻你的气息，走过你曾走过的沧海浮华，愿此生在你的身后默默相伴，一段距离，一场来自属于你的心动.惊鸿一瞥皆是你♡ 夏的风吹落了秋的叶的微博视频 ,1,0,0,1561812600000
6048134811,午后阳光里的喵,:心里有一场海啸 但我静静的站着 没让任何人知道... 吉林省·延边朝鲜族自治州 ,0,0,0,1561811880000
5650496474,倪瑾怡_lifelong,:#青石巷-魏琮霏-1[音乐]#那一刻你心里有场海啸，可你静静地，没有让任何人知道。 ,5,0,0,1561810980000
7149675180,南蜜蜜Nanmimi,:W问我脸色为何苍白的时候，恍恍惚惚中我想抓住他的臂膀，不管一切不顾后果地倒下去。可我没有，穿着高跟鞋忍着痛宛如什么都没发生的样子回到办公室，换电脑，背包。提前下班回到家，脱掉满身是血的裙子，换上睡衣，在光影交错的阳台上，静静地站着。那一刻，我心里有场海啸。而我静静地，没让任何人知道。,0,0,0,1561810740000
2272162560,路爷爷有泪痣无呆毛,dat ass ,0,0,0,1561810740000
6806343022,六月莲花SQ,:🇨🇳 如何扭转乾坤 🎉   ❤ ❤ ❤ 今社会，地震、海啸、泥石流、水灾、旱灾、饥荒、瘟疫、车祸、身体、癌症等各种频发的事件，菩萨让我们知道，这个世界世事无常，尤其是在末法时期，只有修心修出一颗谦卑慈悲的心，才能让我们能够躲过很多的天灾人祸啊。全世界每天因为各种原因死亡的人是1万8千人，我们每天在不知不觉中心里承受着各种各样巨大的压力，担心自己的家庭、担心自己的单位、生意，担心自己碰到坏人和一切灾难，我们还承受着外界带来的一切灾难。现在全世界因为害怕、恐惧、得忧郁症的人是3亿4千万，每一年自杀的人是100万，几乎每天有3千人自杀。所以，想要寻求心灵的解脱，首先要学会善良，要学会为别人着想，好好学佛，👉 慈悲能够化解一切冤结。🇨🇳 中华传统文化🎈 讲，一善解百灾。施人与善，广种福田，施人与恶，报应连连。所以，以善心处世为人，他会发大爱无疆，善会在他的生命和事业当中蔓延，所以，他的事业会顺利，他的身体会健康。👉 要记住，心宽的人会有智慧的安静，心正的人拥有浩然正气的正大光明。,0,0,0,1561810560000
1698073233,jutauiri,:吃饱了，想起来虫在飞机上和happy的对话。虫说他想尼，我只一直眼睛酸，却没想到在虫找资料happy说他来找音乐的时候突然哭得比尼打响指的时候还伤心十倍。那一刻就像突然有一场悲伤海啸拍打着我的天灵盖把我冲飞了，然后我落在废墟里疼得动弹不得只能想着那个人然后不停淌着眼泪。我之前看到有个网友说尼死的时候她没哭，摩根说她想吃芝士汉堡的时候她忍不住在电影院里嚎啕大哭起来。“你离开了，却散落四周。”蜘蛛侠新篇开得真的挺好的，我肯定会像喜欢hp一样一直喜欢漫威下去，但那种看完后的激动可能再也没有了。我有点分不清这是二十岁进程中情感减少波动的一种体现，还是很多感情永远和钢铁侠一样停止在了一个节点。,0,0,3,1561810380000
3252935907,Vincent·Willem·vanGogh,:那一刻我心里有场海啸可我静静站着没让任何人知道 ,2,0,0,1561810320000
6512715867,夏野兔Er,:我心里有场海啸 杭州·临平 ,20,0,28,1561810200000
,nevercriedsomuchinmywholelife,漫威官方消息，重启版《蜘蛛侠》演员敲定！将由19岁的英国小鲜肉汤姆·霍兰德出演，气质还蛮符合彼得·帕克这个角色的。新版《蜘蛛侠》将于2017年7月上映。 ,0,0,0,1561810200000
,SpringChengcccc,:分享单曲：我唱情歌给你听（串烧）（Cover：吴海啸/黄雯婷） （分享自 @网易云音乐） 我唱情歌给你听（串烧）（Cover：吴海啸/黄雯婷） ,0,0,0,1561810140000
1953859771,静山涛海,:我免费围观了 @涨涨麻麻 的回答，问题价值 68.00 元，快来一起围观~ 微博问答:请问妈妈，2018年股市会暴跌吗？十年一个轮回的金融海啸是否已悄然而至？ ,0,0,0,1561809660000
,Tangbao_Mar26,#综艺里的意外事故# 综艺里的意外笑点合集第二弹来了这次是综艺里的意外事故合集在不能播的边缘疯狂试探哈哈哈哈哈哈哈今天我们继续笑到颧骨飞天！ 饭圈安利鹅的微博视频 ,1,1,2,1561809600000
6828967031,允儿201811,受到SK-II的邀请。翻唱一首由John Legend创作的主题曲《Oh Pitera》。你们能不能听到甜蜜发酵的感觉呢。 接下来。听我唱。和我一起遇见生命中的“神仙水”。 Oh Pitera ,0,0,0,1561809180000
,要说什么我只想嫁金珉锡,#综艺里的意外事故# 综艺里的意外笑点合集第二弹来了这次是综艺里的意外事故合集在不能播的边缘疯狂试探哈哈哈哈哈哈哈今天我们继续笑到颧骨飞天！ 饭圈安利鹅的微博视频 ,1,2,0,1561809120000
6365373109,蝶觅月见栖,#综艺里的意外事故# 综艺里的意外笑点合集第二弹来了这次是综艺里的意外事故合集在不能播的边缘疯狂试探哈哈哈哈哈哈哈今天我们继续笑到颧骨飞天！ 饭圈安利鹅的微博视频 ,0,3,0,1561808280000
,王叨叨本人,:/我想去看暴雨里的狂奔电闪雷鸣的火光轰隆海啸顷刻间的剧烈追场大漠的风暴比起月湖星光想来那才是世间绝美 ,1,0,0,1561808160000
,王不阔耐,:在水世界的下午，海啸来了喝了好几口水，作为不会游泳的我来说还是很可怕，玩了无数遍的大滑梯以及大喇叭，无图。           累累累 长治·太行欢乐谷 ,6,0,2,1561807200000
3196114184,我是_Becky_呀,:你变得沉默，不表于声，不形于色。可是只有你自己知道你心里的那场海啸，有多压抑，有多死撑 ,0,0,0,1561807200000
5355707324,双佳人-,:“那一刻我的心里有一场海啸可我静静地没让任何人知道” ,0,0,0,1561806900000
6524695457,科技狂风骤雨,:#科普大作战# #科普小知识#海啸原来是这么形成的，怪不得威力如此之大，看完你懂了吗？ 科技狂风骤雨的微博视频 ,0,0,0,1561806000000
5125013235,普通话不过的普通话,:♡        成年人心里的海啸        静静地没让别人知道。 银川 ,0,0,0,1561805820000
7200626263,用户7200626263,#刘宇宁的女棚友[超话]#[太开心]#摩登兄弟刘宇宁新歌#  ,0,0,0,1561805700000
6425531917,一脚撂倒嘤嘤怪,:我没想到为了你我能疯狂到山崩海啸没有你根本不想逃 ,0,0,0,1561805340000
6760213410,辣条辣不辣666,受到SK-II的邀请。翻唱一首由John Legend创作的主题曲《Oh Pitera》。你们能不能听到甜蜜发酵的感觉呢。 接下来。听我唱。和我一起遇见生命中的“神仙水”。 Oh Pitera ,0,0,0,1561805280000
5370707600,哥哥等等面面啊,:#朱一龙拨云见日未来可期[超话]# [好喜欢]#朱一龙2019相伴相守# 我没想到为了你我能疯狂到山崩海啸没有你根本不想逃我的大脑为了你已经疯狂到脉搏心跳没有你根本不重要…【朱一龙】并肩前行@朱一龙 ,8,0,2,1561805280000
5130846198,女儿叫我胖莹,:孩子们都长大了，都长成他们自己的样子了。我很高兴，他们没有被这个世界同化成一个人。当然，也是因为没到时候。          雨天的空气潮湿，我打着伞到院子里溜达。黄色的是黄瓜花，白色的是什么花？原来，茴香长成这个样子啊？饺子馅儿里的茴香我经常见，长在地里的茴香还是第一次见。我趴着窗台往屋里看，女儿低着头写作业，真想叫她出来，看看她是否认识这些菜？          我不知道，这些书本知识全部都有用吗？安排的那么多，那么满。满到我们做家长的想要带着孩子爬爬山，看看草原，去森林里采蘑菇都没有时间。更别说带男孩子体验一下野外生存，带女孩子做做手工，学学烹饪……世界那么大，将来那么长，谁知道孩子们懂得的东西什么时候就用上了呢？           关于人类的命运，大片儿一直在探讨。不知不觉的，好像《终结者》的剧情就是我们的未来“剧透”呢？比如，人工智能的来临，不用孩子们去做水电工，油漆工，快递……或许，人工智能还可以抵御地震，海啸，洪水……那么，谁来抵御人工智能呢？当某天，人类被逼到丛林，荒原中生存的时候，再从茹毛饮血的时候重新来过吗？,0,0,0,1561804920000
1917217691,盐咩儿,:我的心底有一场海啸，但我不想让任何人知道，终会风平浪静，终会雨过天晴。 ,0,0,0,1561804560000
5523428151,小野小姐xiaoye,:从来没有看漫威电影的我，今天被迫与弟弟去看电影院看蜘蛛侠英雄远征，妈呀，我迷上了荷兰弟，太可爱了，然后一百度，居然是海啸奇迹那个大儿子，我就觉得很眼熟的感觉，最重要的是我还比他大几天，妈耶，我真的老了,0,0,0,1561804560000
3276477115,Lissy_T,:当时我的心里掀起了一场海啸...... ,0,0,0,1561804440000
3125429642,六叔OX你全家,荷兰真的嫩，年过20演16岁毫无违和感，而要问16岁的荷兰长啥样，那就要看这部13年的how i live now了。12年拍摄时荷兰和ffh的小蜘蛛一样16岁，简直奶到人昏倒。 ,0,1,0,1561804440000
,一个蛋蛋地疼着的蛋蛋纸,:前段时间不是又震了吗，一想到以后说不定又会有雷暴，洪水，泥石流，海啸(恐怕有点远)，丧尸(什么鬼？)之类的突发情况会造成长时间停电，于是买了个太阳能led,1,0,3,1561804320000
6847395469,用户6847395469,:16岁那年，我对着天空撸了一炮，以为强Jian了整个世界，然后下了一场雨，我以为全世界都高潮了。后来地震了，我以为世界高潮抽搐了。之后打雷了，我以为世界在yin叫。再后来海啸了，我以为世界潮喷了。最后望着天空没有滴血，突然间内心沮丧，哎，全世界都没个处。。 ,1,0,0,1561804020000
1570757623,吾瑟_ren,有些人害怕出现地震、雪灾、海啸、瘟疫等灾难，可以大量念“南无龙自在王如来”。有些人特别怕魔、怕鬼，晚上不敢一个人上厕所，此时就念“南无日月灯如来”。还有人特别爱漂亮，渴望相貌端严，那可以长期念“南无步莲如来”。——————索达吉堪布   成都·春熙路 ,0,0,0,1561803000000
6175217264,MD-琉璃,受到SK-II的邀请。翻唱一首由John Legend创作的主题曲《Oh Pitera》。你们能不能听到甜蜜发酵的感觉呢。 接下来。听我唱。和我一起遇见生命中的“神仙水”。 Oh Pitera ,0,0,0,1561802940000
6865151128,倾成cc,受到SK-II的邀请。翻唱一首由John Legend创作的主题曲《Oh Pitera》。你们能不能听到甜蜜发酵的感觉呢。 接下来。听我唱。和我一起遇见生命中的“神仙水”。 Oh Pitera ,0,0,0,1561802940000
5631245249,向小柯-,:我心里有一场海啸，但我静静地站着，没让任何人知道 黔南布依族苗族自治州·龙城国际广场 ,10,0,1,1561802940000
7199178479,恋爱中的小甜事,:成年人心里的海啸，静静地没让别人知道。 ,1,0,0,1561802100000
5058412627,SimYeon0216,受到SK-II的邀请。翻唱一首由John Legend创作的主题曲《Oh Pitera》。你们能不能听到甜蜜发酵的感觉呢。 接下来。听我唱。和我一起遇见生命中的“神仙水”。 Oh Pitera ,0,0,0,1561801920000
2872158197,和你一起牵手看海,:#杜兰特将与四支球队会面#希望留我勇，我们的海啸,13,0,1,1561801920000
,王菲男票,:不要惹我，我现在一点即燃，马上就能引发强震及海啸 ,0,0,0,1561801860000
3040815990,韩九夫人,:今天突如其来骚想法——我他喵的疯狂想换把尤克里里“海啸般席卷而来”,0,0,0,1561801380000
6495521995,小丑王4528,受到SK-II的邀请。翻唱一首由John Legend创作的主题曲《Oh Pitera》。你们能不能听到甜蜜发酵的感觉呢。 接下来。听我唱。和我一起遇见生命中的“神仙水”。 Oh Pitera ,0,0,0,1561800840000
,evocc,#麦的垛[超话]# 麦的垛朱尼尔的微博视频 ,0,0,0,1561800840000
5508058691,偷霖,:#tsunami吴海啸[超话]#810福州的早鸟有人要吗 出一张 ,0,0,0,1561800720000
6608742244,MD_4528允儿,受到SK-II的邀请。翻唱一首由John Legend创作的主题曲《Oh Pitera》。你们能不能听到甜蜜发酵的感觉呢。 接下来。听我唱。和我一起遇见生命中的“神仙水”。 Oh Pitera ,0,0,0,1561800360000
2772925287,MD-麻麻粉,受到SK-II的邀请。翻唱一首由John Legend创作的主题曲《Oh Pitera》。你们能不能听到甜蜜发酵的感觉呢。 接下来。听我唱。和我一起遇见生命中的“神仙水”。 Oh Pitera ,0,0,0,1561800360000
6594859654,稚屿kuko,:心里动辄海啸山鸣的喜欢 贵州省·黔东南苗族侗族自治州 ,2,0,0,1561799400000
6838255031,欧美抢鲜看,:《纳尼亚传奇2：凯斯宾王子》是一部奇幻电影、奇幻片 欧美抢鲜看的微博视频 ,0,0,0,1561798800000
2174904102,神经质女,:总有那么一刻你心里有场海啸，可你静静站着，没有让任何人知道。 嘉兴 ,1,0,0,1561798080000
5167484748,吴牛喘月洪水泛滥干旱无水,:吴牛喘月之无数之无时无刻无动于衷安居乐业精益求精传宗接代搞大之无数大之外宇宙和宇宙之银河系之太阳系之地月系之一滴水皆是水上搞乎 无时无刻 无搞无 吴牛喘月乎无时无刻无搞无“无时无刻特洛伊木马搞由降水量蒸发量如抽地下水发地面升降地震海啸乎无搞无风调雨顺无搞无五谷丰登无搞无国泰民安搞无乎,0,0,0,1561797840000
7156943512,guz今天是废物嘛,:“等到黑夜翻面之后会是新的白昼等到海啸退去之后只是潮起潮落” ,0,0,2,1561797660000
6806343022,六月莲花SQ,:🇨🇳 如何扭转乾坤 🎉   ❤ ❤ ❤ 今社会，地震、海啸、泥石流、水灾、旱灾、饥荒、瘟疫、车祸、身体、癌症等各种频发的事件，菩萨让我们知道，这个世界世事无常，尤其是在末法时期，只有修心修出一颗谦卑慈悲的心，才能让我们能够躲过很多的天灾人祸啊。全世界每天因为各种原因死亡的人是1万8千人，我们每天在不知不觉中心里承受着各种各样巨大的压力，担心自己的家庭、担心自己的单位、生意，担心自己碰到坏人和一切灾难，我们还承受着外界带来的一切灾难。现在全世界因为害怕、恐惧、得忧郁症的人是3亿4千万，每一年自杀的人是100万，几乎每天有3千人自杀。所以，想要寻求心灵的解脱，首先要学会善良，要学会为别人着想，好好学佛，👉 慈悲能够化解一切冤结。🇨🇳 中华传统文化🎈 讲，一善解百灾。施人与善，广种福田，施人与恶，报应连连。所以，以善心处世为人，他会发大爱无疆，善会在他的生命和事业当中蔓延，所以，他的事业会顺利，他的身体会健康。👉 要记住，心宽的人会有智慧的安静，心正的人拥有浩然正气的正大光明。,0,0,0,1561797480000
6806343022,六月莲花SQ,:🇨🇳 如何扭转乾坤 🎉   ❤ ❤ ❤ 今社会，地震、海啸、泥石流、水灾、旱灾、饥荒、瘟疫、车祸、身体、癌症等各种频发的事件，菩萨让我们知道，这个世界世事无常，尤其是在末法时期，只有修心修出一颗谦卑慈悲的心，才能让我们能够躲过很多的天灾人祸啊。全世界每天因为各种原因死亡的人是1万8千人，我们每天在不知不觉中心里承受着各种各样巨大的压力，担心自己的家庭、担心自己的单位、生意，担心自己碰到坏人和一切灾难，我们还承受着外界带来的一切灾难。现在全世界因为害怕、恐惧、得忧郁症的人是3亿4千万，每一年自杀的人是100万，几乎每天有3千人自杀。所以，想要寻求心灵的解脱，首先要学会善良，要学会为别人着想，好好学佛，👉 慈悲能够化解一切冤结。🇨🇳 中华传统文化🎈 讲，一善解百灾。施人与善，广种福田，施人与恶，报应连连。所以，以善心处世为人，他会发大爱无疆，善会在他的生命和事业当中蔓延，所以，他的事业会顺利，他的身体会健康。👉 要记住，心宽的人会有智慧的安静，心正的人拥有浩然正气的正大光明。,0,0,0,1561797420000
1780117882,一帆HS,:我心里有一场海啸，但我静静地站着，没让任何人知道 ,0,0,0,1561796820000
2772407175,吃排骨冻,#荷兰弟变拽了#毕竟咱荷兰弟的确是电影明星呢,0,0,0,1561796100000
5913136186,贝贝家的乖乖小鬼王,#朱一龙代言可口可乐# ,1,0,0,1561796100000
6091192596,三月六的小朋友,荷兰真的嫩，年过20演16岁毫无违和感，而要问16岁的荷兰长啥样，那就要看这部13年的how i live now了。12年拍摄时荷兰和ffh的小蜘蛛一样16岁，简直奶到人昏倒。 ,0,0,0,1561796100000
3873775905,海南热门生活头条,:很久以前有一个老汉带着他孙子出海捕鱼，没想到碰上了海啸，孙子很担心，就对他爷爷说：“爷爷要刮大风了，我们回去吧。”，可是他爷爷不答应：“乖孙啊，爷爷什么风浪没见过，一定会没事的。”话音刚落，一个巨浪打来，把划船的桨打断了。于是爷爷说：“乖孙啊，桨完了（讲完了）。” ,0,0,0,1561795620000
6573837093,世界之最bot,:#天文#宇宙发生“海啸”会怎样？ 1秒推进900万公里，死亡恒星复活！ 世界之最bot的微博视频 ,0,0,0,1561795200000
,朽木自医,#荷兰弟变拽了#毕竟咱荷兰弟的确是电影明星呢,2,3,0,1561794660000
,朽木自医,荷兰真的嫩，年过20演16岁毫无违和感，而要问16岁的荷兰长啥样，那就要看这部13年的how i live now了。12年拍摄时荷兰和ffh的小蜘蛛一样16岁，简直奶到人昏倒。 ,5,4,0,1561794540000
,HINA家的肉PANDA,:昨天带啊天使菇和@goofyO 家的小宋喵见个面。在拍上面合照时，人家麻麻对着小宋喵和我家菇菇说了句:“拉着啊妹妹啦！”………………那句妹妹简直在我脑海中犹如海啸般暴击一样地在回荡！！作为一个整肃麻粉而非泥塑，明明人家养的是鹅子，都怪菇菇的肥嘟怒那@misakihe ，老是🎀 🎀和 🍊 🍊 的，把我菇养成女鹅了！！,2,0,3,1561793100000
2609855755,力源sone,“C罗评书第十二回”来啦：2004年欧洲杯C罗崭露头角，但决赛遗憾落败。19岁C罗留下了伤心的泪水，隔着眼泪看世界，整个世界都在哭。2004年年底印度尼西亚发生严重海啸，一个只有7岁的小男孩在灾难发生21天后奇迹生还，而C罗也与这个小男孩就此结缘。这一次依旧在评书当中插了很多视频资料和照片，以更好地还原C罗的故事。欢迎收看,0,0,0,1561792980000
3011603042,深圳本地生活爆料,:很久很久以前，有一个老渔夫带着他孙子出海捕鱼，没想到碰上了海啸，孙子很担心，就对他爷爷说：“爷爷要刮大风了，我们回去吧。”可是他爷爷不答应：“乖孙啊，爷爷什么风浪没见过，一定会没事的。”话音刚落，一个巨浪打来，把划船的桨打断了。于是爷爷说：“乖孙啊，桨完了。” ,0,0,0,1561792680000
5203598815,头条育儿君,:很久很久以前，有一个老渔夫带着他孙子出海捕鱼，没想到碰上了海啸，孙子很担心，就对他爷爷说：“爷爷要刮大风了，我们回去吧。”可是他爷爷不答应：“乖孙啊，爷爷什么风浪没见过，一定会没事的。”话音刚落，一个巨浪打来，把划船的桨打断了。于是爷爷说：“乖孙啊，桨完了。” ,0,0,0,1561792680000
5229852659,请叫我手游君,:很久很久以前，有一个老渔夫带着他孙子出海捕鱼，没想到碰上了海啸，孙子很担心，就对他爷爷说：“爷爷要刮大风了，我们回去吧。”可是他爷爷不答应：“乖孙啊，爷爷什么风浪没见过，一定会没事的。”话音刚落，一个巨浪打来，把划船的桨打断了。于是爷爷说：“乖孙啊，桨完了。” ,0,0,0,1561792680000
1275423792,成都生活头条新闻,:很久很久以前，有一个老渔夫带着他孙子出海捕鱼，没想到碰上了海啸，孙子很担心，就对他爷爷说：“爷爷要刮大风了，我们回去吧。”可是他爷爷不答应：“乖孙啊，爷爷什么风浪没见过，一定会没事的。”话音刚落，一个巨浪打来，把划船的桨打断了。于是爷爷说：“乖孙啊，桨完了。” ,0,0,0,1561792680000
3440087164,小华_99305,:很久很久以前，有一个老渔夫带着他孙子出海捕鱼，没想到碰上了海啸，孙子很担心，就对他爷爷说：“爷爷要刮大风了，我们回去吧。”可是他爷爷不答应：“乖孙啊，爷爷什么风浪没见过，一定会没事的。”话音刚落，一个巨浪打来，把划船的桨打断了。于是爷爷说：“乖孙啊，桨完了。” ,0,0,0,1561792680000
5203598815,头条育儿君,:很久很久以前，有一个老渔夫带着他孙子出海捕鱼，没想到碰上了海啸，孙子很担心，就对他爷爷说：“爷爷要刮大风了，我们回去吧。”可是他爷爷不答应：“乖孙啊，爷爷什么风浪没见过，一定会没事的。”话音刚落，一个巨浪打来，把划船的桨打断了。于是爷爷说：“乖孙啊，桨完了。” ,0,0,0,1561792680000
3011603042,深圳本地生活爆料,:很久很久以前，有一个老渔夫带着他孙子出海捕鱼，没想到碰上了海啸，孙子很担心，就对他爷爷说：“爷爷要刮大风了，我们回去吧。”可是他爷爷不答应：“乖孙啊，爷爷什么风浪没见过，一定会没事的。”话音刚落，一个巨浪打来，把划船的桨打断了。于是爷爷说：“乖孙啊，桨完了。” ,0,0,0,1561792680000
5224964285,头条美食酱,:很久很久以前，有一个老渔夫带着他孙子出海捕鱼，没想到碰上了海啸，孙子很担心，就对他爷爷说：“爷爷要刮大风了，我们回去吧。”可是他爷爷不答应：“乖孙啊，爷爷什么风浪没见过，一定会没事的。”话音刚落，一个巨浪打来，把划船的桨打断了。于是爷爷说：“乖孙啊，桨完了。” ,0,0,0,1561792680000
3412132144,首席健康管理师-MaLi,:很久很久以前，有一个老渔夫带着他孙子出海捕鱼，没想到碰上了海啸，孙子很担心，就对他爷爷说：“爷爷要刮大风了，我们回去吧。”可是他爷爷不答应：“乖孙啊，爷爷什么风浪没见过，一定会没事的。”话音刚落，一个巨浪打来，把划船的桨打断了。于是爷爷说：“乖孙啊，桨完了。” ,0,0,0,1561792680000
5203737687,萌宠生活头条榜,:很久很久以前，有一个老渔夫带着他孙子出海捕鱼，没想到碰上了海啸，孙子很担心，就对他爷爷说：“爷爷要刮大风了，我们回去吧。”可是他爷爷不答应：“乖孙啊，爷爷什么风浪没见过，一定会没事的。”话音刚落，一个巨浪打来，把划船的桨打断了。于是爷爷说：“乖孙啊，桨完了。” ,0,0,0,1561792680000
5210934363,时尚孕妈-美人鱼,:很久很久以前，有一个老渔夫带着他孙子出海捕鱼，没想到碰上了海啸，孙子很担心，就对他爷爷说：“爷爷要刮大风了，我们回去吧。”可是他爷爷不答应：“乖孙啊，爷爷什么风浪没见过，一定会没事的。”话音刚落，一个巨浪打来，把划船的桨打断了。于是爷爷说：“乖孙啊，桨完了。” ,0,0,0,1561792680000
1686060943,重庆曼生活,:很久很久以前，有一个老渔夫带着他孙子出海捕鱼，没想到碰上了海啸，孙子很担心，就对他爷爷说：“爷爷要刮大风了，我们回去吧。”可是他爷爷不答应：“乖孙啊，爷爷什么风浪没见过，一定会没事的。”话音刚落，一个巨浪打来，把划船的桨打断了。于是爷爷说：“乖孙啊，桨完了。” ,0,0,0,1561792680000
5216159850,头条游戏君,:很久很久以前，有一个老渔夫带着他孙子出海捕鱼，没想到碰上了海啸，孙子很担心，就对他爷爷说：“爷爷要刮大风了，我们回去吧。”可是他爷爷不答应：“乖孙啊，爷爷什么风浪没见过，一定会没事的。”话音刚落，一个巨浪打来，把划船的桨打断了。于是爷爷说：“乖孙啊，桨完了。” ,0,0,0,1561792680000
5382394323,杭州生活本地资讯,:很久很久以前，有一个老渔夫带着他孙子出海捕鱼，没想到碰上了海啸，孙子很担心，就对他爷爷说：“爷爷要刮大风了，我们回去吧。”可是他爷爷不答应：“乖孙啊，爷爷什么风浪没见过，一定会没事的。”话音刚落，一个巨浪打来，把划船的桨打断了。于是爷爷说：“乖孙啊，桨完了。” ,0,0,0,1561792680000
5071044133,_彭鹏飞,:很久很久以前，有一个老渔夫带着他孙子出海捕鱼，没想到碰上了海啸，孙子很担心，就对他爷爷说：“爷爷要刮大风了，我们回去吧。”可是他爷爷不答应：“乖孙啊，爷爷什么风浪没见过，一定会没事的。”话音刚落，一个巨浪打来，把划船的桨打断了。于是爷爷说：“乖孙啊，桨完了。” ,0,0,0,1561792680000
5522504886,IT科技老马说,:很久很久以前，有一个老渔夫带着他孙子出海捕鱼，没想到碰上了海啸，孙子很担心，就对他爷爷说：“爷爷要刮大风了，我们回去吧。”可是他爷爷不答应：“乖孙啊，爷爷什么风浪没见过，一定会没事的。”话音刚落，一个巨浪打来，把划船的桨打断了。于是爷爷说：“乖孙啊，桨完了。” ,0,0,0,1561792680000
3643846361,小鲍在韩,:很久很久以前，有一个老渔夫带着他孙子出海捕鱼，没想到碰上了海啸，孙子很担心，就对他爷爷说：“爷爷要刮大风了，我们回去吧。”可是他爷爷不答应：“乖孙啊，爷爷什么风浪没见过，一定会没事的。”话音刚落，一个巨浪打来，把划船的桨打断了。于是爷爷说：“乖孙啊，桨完了。” ,0,0,0,1561792680000
5216774866,时尚名车女王-Queen,:很久很久以前，有一个老渔夫带着他孙子出海捕鱼，没想到碰上了海啸，孙子很担心，就对他爷爷说：“爷爷要刮大风了，我们回去吧。”可是他爷爷不答应：“乖孙啊，爷爷什么风浪没见过，一定会没事的。”话音刚落，一个巨浪打来，把划船的桨打断了。于是爷爷说：“乖孙啊，桨完了。” ,0,0,0,1561792680000
3874267737,广州本地头条资讯,:很久很久以前，有一个老渔夫带着他孙子出海捕鱼，没想到碰上了海啸，孙子很担心，就对他爷爷说：“爷爷要刮大风了，我们回去吧。”可是他爷爷不答应：“乖孙啊，爷爷什么风浪没见过，一定会没事的。”话音刚落，一个巨浪打来，把划船的桨打断了。于是爷爷说：“乖孙啊，桨完了。” ,0,0,0,1561792680000
3348236314,龙泰电器_Lgf,:很久很久以前，有一个老渔夫带着他孙子出海捕鱼，没想到碰上了海啸，孙子很担心，就对他爷爷说：“爷爷要刮大风了，我们回去吧。”可是他爷爷不答应：“乖孙啊，爷爷什么风浪没见过，一定会没事的。”话音刚落，一个巨浪打来，把划船的桨打断了。于是爷爷说：“乖孙啊，桨完了。” ,0,0,1,1561792680000
5267100340,请叫我码农君,:很久很久以前，有一个老渔夫带着他孙子出海捕鱼，没想到碰上了海啸，孙子很担心，就对他爷爷说：“爷爷要刮大风了，我们回去吧。”可是他爷爷不答应：“乖孙啊，爷爷什么风浪没见过，一定会没事的。”话音刚落，一个巨浪打来，把划船的桨打断了。于是爷爷说：“乖孙啊，桨完了。” ,0,0,0,1561792680000
3716630375,孔德_Dan,:很久很久以前，有一个老渔夫带着他孙子出海捕鱼，没想到碰上了海啸，孙子很担心，就对他爷爷说：“爷爷要刮大风了，我们回去吧。”可是他爷爷不答应：“乖孙啊，爷爷什么风浪没见过，一定会没事的。”话音刚落，一个巨浪打来，把划船的桨打断了。于是爷爷说：“乖孙啊，桨完了。” ,0,0,0,1561792680000
3866466780,IT互联网分析大师,:很久很久以前，有一个老渔夫带着他孙子出海捕鱼，没想到碰上了海啸，孙子很担心，就对他爷爷说：“爷爷要刮大风了，我们回去吧。”可是他爷爷不答应：“乖孙啊，爷爷什么风浪没见过，一定会没事的。”话音刚落，一个巨浪打来，把划船的桨打断了。于是爷爷说：“乖孙啊，桨完了。” ,0,0,0,1561792680000
3863940660,育儿_码,:很久很久以前，有一个老渔夫带着他孙子出海捕鱼，没想到碰上了海啸，孙子很担心，就对他爷爷说：“爷爷要刮大风了，我们回去吧。”可是他爷爷不答应：“乖孙啊，爷爷什么风浪没见过，一定会没事的。”话音刚落，一个巨浪打来，把划船的桨打断了。于是爷爷说：“乖孙啊，桨完了。” ,0,0,0,1561792680000
1902616161,君妃影,:很久很久以前，有一个老渔夫带着他孙子出海捕鱼，没想到碰上了海啸，孙子很担心，就对他爷爷说：“爷爷要刮大风了，我们回去吧。”可是他爷爷不答应：“乖孙啊，爷爷什么风浪没见过，一定会没事的。”话音刚落，一个巨浪打来，把划船的桨打断了。于是爷爷说：“乖孙啊，桨完了。” ,0,0,0,1561792680000
5213695559,娱乐扒皮老王说,:很久很久以前，有一个老渔夫带着他孙子出海捕鱼，没想到碰上了海啸，孙子很担心，就对他爷爷说：“爷爷要刮大风了，我们回去吧。”可是他爷爷不答应：“乖孙啊，爷爷什么风浪没见过，一定会没事的。”话音刚落，一个巨浪打来，把划船的桨打断了。于是爷爷说：“乖孙啊，桨完了。” ,0,0,0,1561792680000
3820129426,在日本的每一天,:很久很久以前，有一个老渔夫带着他孙子出海捕鱼，没想到碰上了海啸，孙子很担心，就对他爷爷说：“爷爷要刮大风了，我们回去吧。”可是他爷爷不答应：“乖孙啊，爷爷什么风浪没见过，一定会没事的。”话音刚落，一个巨浪打来，把划船的桨打断了。于是爷爷说：“乖孙啊，桨完了。” ,0,0,0,1561792680000
3775458172,黑猫_mrs,:很久很久以前，有一个老渔夫带着他孙子出海捕鱼，没想到碰上了海啸，孙子很担心，就对他爷爷说：“爷爷要刮大风了，我们回去吧。”可是他爷爷不答应：“乖孙啊，爷爷什么风浪没见过，一定会没事的。”话音刚落，一个巨浪打来，把划船的桨打断了。于是爷爷说：“乖孙啊，桨完了。” ,0,0,0,1561792680000
5061811859,华中慧_Zkx,:很久很久以前，有一个老渔夫带着他孙子出海捕鱼，没想到碰上了海啸，孙子很担心，就对他爷爷说：“爷爷要刮大风了，我们回去吧。”可是他爷爷不答应：“乖孙啊，爷爷什么风浪没见过，一定会没事的。”话音刚落，一个巨浪打来，把划船的桨打断了。于是爷爷说：“乖孙啊，桨完了。” ,0,0,0,1561792680000
3665595590,德首Mr7,:很久很久以前，有一个老渔夫带着他孙子出海捕鱼，没想到碰上了海啸，孙子很担心，就对他爷爷说：“爷爷要刮大风了，我们回去吧。”可是他爷爷不答应：“乖孙啊，爷爷什么风浪没见过，一定会没事的。”话音刚落，一个巨浪打来，把划船的桨打断了。于是爷爷说：“乖孙啊，桨完了。” ,0,0,0,1561792680000
5081910679,海外装饰Mr7,:很久很久以前，有一个老渔夫带着他孙子出海捕鱼，没想到碰上了海啸，孙子很担心，就对他爷爷说：“爷爷要刮大风了，我们回去吧。”可是他爷爷不答应：“乖孙啊，爷爷什么风浪没见过，一定会没事的。”话音刚落，一个巨浪打来，把划船的桨打断了。于是爷爷说：“乖孙啊，桨完了。” ,0,0,0,1561792680000
1574271523,北京的每一天,:很久很久以前，有一个老渔夫带着他孙子出海捕鱼，没想到碰上了海啸，孙子很担心，就对他爷爷说：“爷爷要刮大风了，我们回去吧。”可是他爷爷不答应：“乖孙啊，爷爷什么风浪没见过，一定会没事的。”话音刚落，一个巨浪打来，把划船的桨打断了。于是爷爷说：“乖孙啊，桨完了。” ,0,0,0,1561792680000
5214692898,请叫我网游君,:很久很久以前，有一个老渔夫带着他孙子出海捕鱼，没想到碰上了海啸，孙子很担心，就对他爷爷说：“爷爷要刮大风了，我们回去吧。”可是他爷爷不答应：“乖孙啊，爷爷什么风浪没见过，一定会没事的。”话音刚落，一个巨浪打来，把划船的桨打断了。于是爷爷说：“乖孙啊，桨完了。” ,0,0,0,1561792680000
5233828313,晓曦小仙女呀,:很久很久以前，有一个老渔夫带着他孙子出海捕鱼，没想到碰上了海啸，孙子很担心，就对他爷爷说：“爷爷要刮大风了，我们回去吧。”可是他爷爷不答应：“乖孙啊，爷爷什么风浪没见过，一定会没事的。”话音刚落，一个巨浪打来，把划船的桨打断了。于是爷爷说：“乖孙啊，桨完了。” ,0,0,0,1561792680000
3703842167,英国生活本地资讯,:很久很久以前，有一个老渔夫带着他孙子出海捕鱼，没想到碰上了海啸，孙子很担心，就对他爷爷说：“爷爷要刮大风了，我们回去吧。”可是他爷爷不答应：“乖孙啊，爷爷什么风浪没见过，一定会没事的。”话音刚落，一个巨浪打来，把划船的桨打断了。于是爷爷说：“乖孙啊，桨完了。” ,0,0,0,1561792680000
3787558793,巨光设计Man,:很久很久以前，有一个老渔夫带着他孙子出海捕鱼，没想到碰上了海啸，孙子很担心，就对他爷爷说：“爷爷要刮大风了，我们回去吧。”可是他爷爷不答应：“乖孙啊，爷爷什么风浪没见过，一定会没事的。”话音刚落，一个巨浪打来，把划船的桨打断了。于是爷爷说：“乖孙啊，桨完了。” ,0,0,0,1561792680000
5225689856,本土美食吃货-妞妞,:很久很久以前，有一个老渔夫带着他孙子出海捕鱼，没想到碰上了海啸，孙子很担心，就对他爷爷说：“爷爷要刮大风了，我们回去吧。”可是他爷爷不答应：“乖孙啊，爷爷什么风浪没见过，一定会没事的。”话音刚落，一个巨浪打来，把划船的桨打断了。于是爷爷说：“乖孙啊，桨完了。” ,0,0,0,1561792680000
3924801344,健康资讯撰稿人,:很久很久以前，有一个老渔夫带着他孙子出海捕鱼，没想到碰上了海啸，孙子很担心，就对他爷爷说：“爷爷要刮大风了，我们回去吧。”可是他爷爷不答应：“乖孙啊，爷爷什么风浪没见过，一定会没事的。”话音刚落，一个巨浪打来，把划船的桨打断了。于是爷爷说：“乖孙啊，桨完了。” ,0,0,0,1561792680000
3566611251,广州本地生活爆料,:很久很久以前，有一个老渔夫带着他孙子出海捕鱼，没想到碰上了海啸，孙子很担心，就对他爷爷说：“爷爷要刮大风了，我们回去吧。”可是他爷爷不答应：“乖孙啊，爷爷什么风浪没见过，一定会没事的。”话音刚落，一个巨浪打来，把划船的桨打断了。于是爷爷说：“乖孙啊，桨完了。” ,0,0,0,1561792680000
1973568217,瘦小熊,:很久很久以前，有一个老渔夫带着他孙子出海捕鱼，没想到碰上了海啸，孙子很担心，就对他爷爷说：“爷爷要刮大风了，我们回去吧。”可是他爷爷不答应：“乖孙啊，爷爷什么风浪没见过，一定会没事的。”话音刚落，一个巨浪打来，把划船的桨打断了。于是爷爷说：“乖孙啊，桨完了。” ,0,0,0,1561792680000
3641722434,深圳生活吃喝玩乐,:很久很久以前，有一个老渔夫带着他孙子出海捕鱼，没想到碰上了海啸，孙子很担心，就对他爷爷说：“爷爷要刮大风了，我们回去吧。”可是他爷爷不答应：“乖孙啊，爷爷什么风浪没见过，一定会没事的。”话音刚落，一个巨浪打来，把划船的桨打断了。于是爷爷说：“乖孙啊，桨完了。” ,0,0,0,1561792680000
5205417510,热门车型试驾员-King,:很久很久以前，有一个老渔夫带着他孙子出海捕鱼，没想到碰上了海啸，孙子很担心，就对他爷爷说：“爷爷要刮大风了，我们回去吧。”可是他爷爷不答应：“乖孙啊，爷爷什么风浪没见过，一定会没事的。”话音刚落，一个巨浪打来，把划船的桨打断了。于是爷爷说：“乖孙啊，桨完了。” ,0,0,0,1561792680000
5233828313,晓曦小仙女呀,:很久很久以前，有一个老渔夫带着他孙子出海捕鱼，没想到碰上了海啸，孙子很担心，就对他爷爷说：“爷爷要刮大风了，我们回去吧。”可是他爷爷不答应：“乖孙啊，爷爷什么风浪没见过，一定会没事的。”话音刚落，一个巨浪打来，把划船的桨打断了。于是爷爷说：“乖孙啊，桨完了。” ,0,0,0,1561792680000
5214692898,请叫我网游君,:很久很久以前，有一个老渔夫带着他孙子出海捕鱼，没想到碰上了海啸，孙子很担心，就对他爷爷说：“爷爷要刮大风了，我们回去吧。”可是他爷爷不答应：“乖孙啊，爷爷什么风浪没见过，一定会没事的。”话音刚落，一个巨浪打来，把划船的桨打断了。于是爷爷说：“乖孙啊，桨完了。” ,0,0,0,1561792680000
1574271523,北京的每一天,:很久很久以前，有一个老渔夫带着他孙子出海捕鱼，没想到碰上了海啸，孙子很担心，就对他爷爷说：“爷爷要刮大风了，我们回去吧。”可是他爷爷不答应：“乖孙啊，爷爷什么风浪没见过，一定会没事的。”话音刚落，一个巨浪打来，把划船的桨打断了。于是爷爷说：“乖孙啊，桨完了。” ,0,0,0,1561792680000
5081910679,海外装饰Mr7,:很久很久以前，有一个老渔夫带着他孙子出海捕鱼，没想到碰上了海啸，孙子很担心，就对他爷爷说：“爷爷要刮大风了，我们回去吧。”可是他爷爷不答应：“乖孙啊，爷爷什么风浪没见过，一定会没事的。”话音刚落，一个巨浪打来，把划船的桨打断了。于是爷爷说：“乖孙啊，桨完了。” ,0,0,0,1561792680000
3665595590,德首Mr7,:很久很久以前，有一个老渔夫带着他孙子出海捕鱼，没想到碰上了海啸，孙子很担心，就对他爷爷说：“爷爷要刮大风了，我们回去吧。”可是他爷爷不答应：“乖孙啊，爷爷什么风浪没见过，一定会没事的。”话音刚落，一个巨浪打来，把划船的桨打断了。于是爷爷说：“乖孙啊，桨完了。” ,0,0,0,1561792680000
3829128149,西安生活本地资讯,:很久很久以前，有一个老渔夫带着他孙子出海捕鱼，没想到碰上了海啸，孙子很担心，就对他爷爷说：“爷爷要刮大风了，我们回去吧。”可是他爷爷不答应：“乖孙啊，爷爷什么风浪没见过，一定会没事的。”话音刚落，一个巨浪打来，把划船的桨打断了。于是爷爷说：“乖孙啊，桨完了。” ,0,0,0,1561792680000
5083241283,舒志帅,:很久很久以前，有一个老渔夫带着他孙子出海捕鱼，没想到碰上了海啸，孙子很担心，就对他爷爷说：“爷爷要刮大风了，我们回去吧。”可是他爷爷不答应：“乖孙啊，爷爷什么风浪没见过，一定会没事的。”话音刚落，一个巨浪打来，把划船的桨打断了。于是爷爷说：“乖孙啊，桨完了。” ,0,0,0,1561792680000
,剧透娱乐,:很久很久以前，有一个老渔夫带着他孙子出海捕鱼，没想到碰上了海啸，孙子很担心，就对他爷爷说：“爷爷要刮大风了，我们回去吧。”可是他爷爷不答应：“乖孙啊，爷爷什么风浪没见过，一定会没事的。”话音刚落，一个巨浪打来，把划船的桨打断了。于是爷爷说：“乖孙啊，桨完了。” ,0,0,0,1561792680000
5224310915,我的宠物小马甲,:很久很久以前，有一个老渔夫带着他孙子出海捕鱼，没想到碰上了海啸，孙子很担心，就对他爷爷说：“爷爷要刮大风了，我们回去吧。”可是他爷爷不答应：“乖孙啊，爷爷什么风浪没见过，一定会没事的。”话音刚落，一个巨浪打来，把划船的桨打断了。于是爷爷说：“乖孙啊，桨完了。” ,0,0,0,1561792680000
1072851165,双剑向天,二战中的美军飞行员喜欢在飞机机身上涂鸦，画什么的都有，真是一点也不正经。也正是这些看上去吊儿郎当不正经的美国大兵，干掉了德意日法西斯，拯救了整个世界。二战美国大兵真的不正经 把军机画成了这样 ,0,0,0,1561791720000
2609855755,力源sone,“C罗评书第十二回”来啦：2004年欧洲杯C罗崭露头角，但决赛遗憾落败。19岁C罗留下了伤心的泪水，隔着眼泪看世界，整个世界都在哭。2004年年底印度尼西亚发生严重海啸，一个只有7岁的小男孩在灾难发生21天后奇迹生还，而C罗也与这个小男孩就此结缘。这一次依旧在评书当中插了很多视频资料和照片，以更好地还原C罗的故事。欢迎收看,0,0,0,1561791300000
,方格_,:当我放弃蜷成一团静候布洛芬起作用，选择端坐起来冷静仔细地感受和分析痛经之痛，我通过转换为旁观的第三视角而暂时摆脱了疼痛主体的身份，由此获得了拒绝完全受疼痛摆布的机会，连疼出来的汗似乎都有意识了。如果可以为痛经之痛找一个物理喻体，那应该是海啸。一开始海水抬升隆起，被整体推移向前，第一波海啸抵达我的小腹深处，痛感骤升，巨浪冲击着我的腰部和膝盖，同时沿着四肢传向指尖足尖，脚趾头疼到下意识卷曲。与平日里进退有序的海浪不同，海啸因水体巨大而稳定持久，疼痛不曾退潮，它久留此地且能量无穷，人无计可施只求自保，连灾难善后都没心思想。,1,1,4,1561791240000
3083675110,微博赛事,“C罗评书第十二回”来啦：2004年欧洲杯C罗崭露头角，但决赛遗憾落败。19岁C罗留下了伤心的泪水，隔着眼泪看世界，整个世界都在哭。2004年年底印度尼西亚发生严重海啸，一个只有7岁的小男孩在灾难发生21天后奇迹生还，而C罗也与这个小男孩就此结缘。这一次依旧在评书当中插了很多视频资料和照片，以更好地还原C罗的故事。欢迎收看,10,2,0,1561791120000
6643345087,anda娇,:那一刻你心里有场海啸，可你静静站着，什么都没说....... ,6,0,2,1561790760000
2683317841,姚蕊丶蜜爱绝伦,:#邓伦[超话]# @邓伦 尽全力去喜欢你♡哪怕山崩海啸，哪怕这一生孤独终老，也愿有那样的时光，最美的悸动，也有你迷人的浅笑，今生为你驻足在此，只为追寻你的气息，走过你曾走过的沧海浮华，愿此生在你的身后默默相伴，一段距离，一场来自属于你的心动.惊鸿一瞥皆是你♡你的眼睛里好似有着这世间最美的风景，我想用一生去凝视你的目光，想将世间所有的情话都诉说与你，也想拼尽全力去保护你，即便青丝白发，遍体鳞伤，因为你值得拥有世间所有的美好，因为你是我心尖上的那个他,14,1,22,1561790460000
6895151136,壁纸库集,":#女生头像[超话]#"" 暗恋是风 喜欢是海啸 爱是海可人是孤岛 "" ",0,0,0,1561789680000
3297475522,进静听,:成年人心里的海啸，静静地没让别人知道。 ,0,0,0,1561789500000
5605049398,最荒凉不过人心63,:那一刻你的心里有场海啸可你静静站着没有让任何人知道 ,0,0,0,1561789440000
2280237085,苗霖66,:“C罗评书第十二回”来啦：2004年欧洲杯C罗崭露头角，但决赛遗憾落败。19岁C罗留下了伤心的泪水，隔着眼泪看世界，整个世界都在哭。2004年年底印度尼西亚发生严重海啸，一个只有7岁的小男孩在灾难发生21天后奇迹生还，而C罗也与这个小男孩就此结缘。这一次依旧在评书当中插了很多视频资料和照片，以更好地还原C罗的故事。欢迎收看,391,137,85,1561788540000
6188521223,用户6188521223,:我免费围观了 @涨涨麻麻 的回答，问题价值 68.00 元，快来一起围观~ 微博问答:请问妈妈，2018年股市会暴跌吗？十年一个轮回的金融海啸是否已悄然而至？ ,0,0,0,1561788360000
,留一点白_,:梦到一家人还有亲戚坐轮船突发海啸在船舱内眼看海水越来越高直到没顶内心既恐慌又安定结果轮船瞬间加速前进我坐在最顶端依次往下是父母和亲戚镜头一转船和人都在岸上不幸的是有人遇难有人生还后发现亲人离去的悲恸画面很残忍有断头有直接僵死在座位上而我的亲人们全部失踪神情呆滞地看着身旁发生的一切一转头醒了。,1,0,1,1561788300000
2610056722,曾经济青飞驰,日本11年311大地震！实拍海啸全过程！从风平浪静到水漫金山，这汽车可惜了！ 泰沉默的微博视频 ,0,0,0,1561788060000
3928781913,一罐苏打-,:等到黑夜翻面之后 会是新的白昼等到海啸退去之后 只是潮起潮落别到最后你才发觉 心里头的野兽 还没到最终就已经罢休 石家庄·裕彤国际体育中心 一罐苏打-的秒拍视频 ,1,0,0,1561787700000
6433029441,NYDYXJYDXF,:“这一刻 我的内心有一场海啸 可是我静静的站着 没让任何人知道” ,0,0,0,1561787340000
5181019571,伱的仙女啊,:见到你的那一刻心里有场海啸可我没让任何人知道. ,0,0,0,1561786440000
6522425303,平价唐璜,#麦的垛[超话]# 麦的垛朱尼尔的微博视频 ,0,0,0,1561786380000
2336011443,N滴小姐姐,#影视剧花式表白##摩登兄弟[超话]#刘宇宁这种表白方式，你喜欢吗？[米奇比心]喜欢宁哥这甜蜜的味道，和措不及防给我的微笑。,0,0,0,1561786320000
3031578034,大脸海豹,:老老实实的待在家里天上不会掉钱给你但可能遇上地震海啸等各种自然灾害这个世界上，努力不一定会有收获但不努力一定没有收获不要总是白日做梦，总是羡慕别人好好努力，机会是给有准备的人的 韩国·首尔延世大学 ,3,0,0,1561786080000
6505366449,Tiffany-yung1020,我发表了头条文章:《爱黄子韬，爱CPOP，让海浪啸了》 爱黄子韬，爱CPOP，让海浪啸了 ,0,0,0,1561785900000
6785686618,大粪味的小仙女,:暗恋是风 喜欢是海啸 爱是海 可人 是孤岛 ,2,0,0,1561785900000
5341990668,小乔公子爱乔叔,:http://t.cn/AiCecEjy,0,0,0,1561785480000
6681465964,MD_刘宇宁的大白牙,#摩登兄弟刘宇宁新歌# 。#刘宇宁孤独的人在哪里# 。#全世界最好的摩登兄弟[超话]# 我喜欢你，不是一见钟情，也不能说停就停。@MD_摩登兄弟 马来西亚泷包_Ms_莉玲的微博视频 ,0,0,0,1561785360000
6238037055,iambigSBiambigSB,#麦的垛[超话]# 麦的垛朱尼尔的微博视频 ,0,0,0,1561784940000
5276157891,17年的葫芦,受到SK-II的邀请。翻唱一首由John Legend创作的主题曲《Oh Pitera》。你们能不能听到甜蜜发酵的感觉呢。 接下来。听我唱。和我一起遇见生命中的“神仙水”。 Oh Pitera ,0,0,0,1561784580000
5569895361,活在虚妄里,:此时此刻 脑海里又爆发了山洪海啸，无声无息的，又把自己杀死了，我不知道我有多少个我，我知道我把自己杀死了很多次 ,0,0,0,1561784520000
,宇滟,:“我心里有一场海啸，但是我静静地站着，没有让任何人知道。” ,1,0,2,1561784100000
2364218925,小李小李可耐无比,:当代上网准则：闭嘴闭嘴闭嘴当代网民现状：海啸一样来，海啸一样走，留下满目疮痍，没人在意,1,0,0,1561783920000
3209736177,xixikogu,:喝了两杯奶茶 胃里像大海海啸一样 晃荡 ,0,0,0,1561783800000
3069932515,萌萌哒小胖_居,:#朱一龙井然# ,4,0,3,1561783500000
2336011443,N滴小姐姐,▹摩登兄弟刘宇宁《中国话》……扁担宽 板凳长扁担想绑在板凳上扁担宽 板凳长扁担想绑在板凳上全世界都在学中国话孔夫子的话 越来越国际化全世界都在讲中国话我们说的话 让世界都认真听话……#金曲奖#  | #我的拿手金曲#  | 音乐摩天轮的秒拍视频 ,0,0,0,1561783380000
2610466072,Tannnpoop-yaya,:没有人知道你心里有一场海啸～ ,1,0,1,1561783080000
5707068146,小啊肥啊居啊,:昨晚做梦梦到我和一群小伙伴在楼下和一只小野猫玩 我抱起了她 给她挠头 她笑了 有个人欺负小猫 过一会小猫的哥哥们来了 我们都吓的跑开 当我跑上高层时 其中一个突然跳上来爪子上是鲜血要杀我 我吓的和他说了一遍又一遍没有伤害她 才放过我 我去了一个四周靠海的住家户 正和房主感叹着景色的美好 却突然地震 海水在晃动 我看向另一边的窗户也是无尽的海洋 房主让我跑不要管他 我跑到楼下 正下雨 看到王yin 和她一起打伞 看到姥姥在雨中发抖 害怕 我和姥姥一起跟着大家快跑 跑向远离海边的地方 过了一会 我问她知道怎么回事mo 她忘记了 就在海啸来的那一刻我醒了 人类在自然面前是多么渺小 不身临险境永远体会不到你有多害怕 不要等到你离家人越来越远才意识到该珍惜🙏,0,0,0,1561783080000
2987957471,小欣欣的大太阳,:我的心里有一场海啸，但我静静地站着，没有让任何人知道。 ,1,0,0,1561782840000
,八酱吃不饱,:两个人都互相对对方有海啸一样的欲望，但始终压抑着没法释放只能在幻想中排解自己的焦虑。至于为什么不确立关系，因为恋爱关系对他们来说已经是肤浅且世俗不堪的关系了。我见到的危成二人是这样的。 ,1,0,0,1561782240000
7118311686,极地漫游·翟潇闻,:#翟潇闻[超话]# | #R1SE翟潇闻# 190430 岛“喜欢是海啸”@R1SE-翟潇闻 ,176,29,16,1561782180000
6740783006,Souris慕斯,:#黄婷婷一生有你# 缘分让我们相遇乱世以外命运却要我们危难中相爱也许未来遥远在光年之外我愿守候未知里为你等待我没想到为了你我能疯狂到山崩海啸没有你根本不想逃我的大脑为了你已经疯狂到脉搏心跳没有你根本不重要 ,0,0,0,1561781940000
,跑者子牛,:2018年美国开始加息后，港元先后流出约1000亿元，银行体系结余下降至500多亿元。这些数据，最近让部分“专家”大呼“港元危矣”，有人甚至呼吁沽空港元。本牛觉得挺搞笑，网上专家还是读书太少了。事实上，自2008年金融海啸后，大量热钱涌入香港，总数达到1.3万亿元，香港金管局为了应对热钱压力，采取措施，收回大量热钱让其不在市场上流通。美国加息后，至今流出的1000亿资金，只是流入的1.3万亿热钱零头。香港依然拥有1.6万亿港元的外汇基金票据、债卷作为货币基础。港元稳得很。,22,6,6,1561781520000
3486037997,弥德胜,【预计一米高海啸正抵达日本西部沿岸 日媒：很危险 请别大意】日本西部沿海18日晚发生6.8级地震并引发海啸。目前，预计一米高的海浪正陆续抵达日本山形，新潟，石川等地海岸。日本媒体播报称，一米高的海浪十分危险，切勿大意，呼吁民众立即远离海岸线。 ,1,0,0,1561781400000
6535282514,wh19930502,:#黄子韬[超话]# [給你小心心]#Z.TAO的MV合伙人# [給你小心心]#遇见子韬，共享浓醇好时光# [給你小心心]親愛的海浪兄弟前幾天QQ投票的團結 努力 堅持讓我們驕傲我知道投票第二階段沒有韬大家還有點情緒失落現在 又有一次團結給韬做數據的機會讓我們再一次海浪成為海嘯帶話題#Z.TAO的MV合伙人# 並艾特@好时巧克力官方微博 轉發👉http://t.cn/AipWJJiP來吧 海浪加油[加油][加油][加油]爭取7/9前轉發破百萬次成功解鎖[加油][加油][加油]@猜猜下个会是谁 #AI-猜猜下个会是谁[音乐]##错-猜猜下个会是谁[音乐]# 黄子韬 hzt🌊🌊🌊,55,8,53,1561781280000
5941454525,月色白了树梢,:#父母抓阄决定谁陪女儿走下去##我为什么要学医# 有时候，总是在想，我为什么要学医，很多时候，会感觉到累和辛苦。看到一些医患纠纷，还会有迷茫。可是，每次看到这种新闻的时候，内心就会有一场海啸，肆意流淌。冲刷掉一切的负情绪，让我的内心更加纯粹。因为我知道，我学医，就是为了能尽自己的全力，让#父母抓阄决定谁陪女儿走下去# 这种事情，更少的发生，就是为了，让这人间疾苦，多三分温暖，多一分希望。 http://t.cn/z8Ll9rV,3,0,0,1561781220000
5656491832,观望中的晓,:心动是一种什么感觉？“想戴上最美的面具，又想卸下所有的伪装。”“虽不能至，心向往之”“小鹿乱撞，眼里只有他，”“女为悦己者容”“你的心里掀起一场海啸，可你静静地，没有让他知道”“内心暗流涌动，表面平静无波”“跟你聊天的时候，好像说的每一句话都需要深思熟虑，但是又好像说每一句话都没过脑子……”“ 那么多人在一起，我只看见了你。”“控制自己不要盯着你看，转移视线到别处。在跟别人聊天的时候，用余光看你的位置”“ 控制自己离你远一点，如果一群人站一起聊天就尽量让自己站的远一点。”“想要变成更好的人，然后以毋庸置疑的姿态站在他的身旁。”“汹涌人潮，我一眼就看见了她，也只看见了她”,0,0,0,1561781100000
3906467505,Hilo_7,:格林海啸🔒了 ,0,0,0,1561780980000
6266908206,最青睐的玉兔,:女生网名：我的眼睛会笑山河星辰皆于你兔子尾巴掉了想看星星落入凡间的心动这人间烟火啊山海藏意深偏偏为你一惊鸿你像一场海啸备忘录里的鱼图源头像库 侵删 ,56,6,1,1561780980000
1247059162,鱼罐头柒拾叁,5年1.897亿！据著名NBA记Woj报道，勇士计划在自由球员市场开启后给克莱汤普森提供五年1.897亿美金的顶薪合同。勇士方面希望双方在自由球员市场开启后尽快达成协议！看来稳了！#NBA吐槽大会# ,1,0,0,1561780860000
1118722347,驱驰与得闲,日本科普一米的海啸能有多大的威力？视频直观易懂 七色的偽物人形的秒拍视频 ,0,0,0,1561780800000
6791608280,船之海04-18,#你男朋友的备忘录#一个妹子发现了男朋友的备忘录，泪目,0,0,0,1561780560000
3081454372,是你的阳仔,:海啸的意思换我来说吧你是场海啸别人都在逃我迎了上海浪不回头我却无法平静怪我 ,4,0,1,1561779960000
6800666489,幸运本星__,受到SK-II的邀请。翻唱一首由John Legend创作的主题曲《Oh Pitera》。你们能不能听到甜蜜发酵的感觉呢。 接下来。听我唱。和我一起遇见生命中的“神仙水”。 Oh Pitera ,0,0,0,1561779840000
6341710403,田高数i,:海啸退去🌊  水花依旧💦 ,0,0,0,1561779660000
5167484748,吴牛喘月洪水泛滥干旱无水,:吴牛喘月之无数之无时无刻无动于衷安居乐业精益求精传宗接代搞大之无数大之外宇宙和宇宙之银河系之太阳系之地月系之一滴水皆是水上搞乎 无时无刻 无搞无 吴牛喘月乎无时无刻无搞无“无时无刻特洛伊木马搞由降水量蒸发量如抽地下水发地面升降地震海啸乎无搞无风调雨顺无搞无五谷丰登无搞无国泰民安搞无乎,0,0,0,1561779300000
3196956374,龙泉杨树,日本科普一米的海啸能有多大的威力？视频直观易懂 七色的偽物人形的秒拍视频 ,0,0,0,1561778280000
2287810601,Eil-何小杰先森,:那一刻你心里有场海啸，可你静静站着，没有让任何人知道。  深圳·深圳海岸城 ,2,0,0,1561778220000
6879617038,-乔酌泡酒-,#ONER沙雕名场面合集# 全程高能的九分钟，我笑到方圆百里都要靠助听器生活哈哈哈哈哈哈哈哈哈哈哈哈哈哈哈哈，这一整个团看起来都好像不太正常的亚子！,0,0,0,1561777260000
6524412770,DIY小百科,:你们见过冰海啸吗！？大自然的力量真是太可怕了！@油兔不二字幕组 DIY小百科的微博视频 ,0,0,0,1561777200000
1864112301,Trista的七秒钟,:多事的2019年中，内心如海啸山崩 ,0,0,0,1561777140000
2659403683,烟台开发区旅游,:#烟台开发区##马家沟# 马家沟生态旅游景区🎉🎉仙境水乐园🎉🎉开园倒计时！水乐园集海浪、海啸池漂流河、水寨、冲天回旋高速滑梯、彩虹滑梯、亲子滑梯 ,1,0,0,1561777140000
6473375326,池欢ing,:我知道有时失望不是当下发生了多大的事，是此前发生的所有种种失望在这一刻像海啸般向你扑来，委屈和难过就一拥而上，是意难平，万般酸涩在外人看来稀松平常，可你心里知道不是那样的，不是。 ,0,0,0,1561776600000
5614618420,奶油绝配,#东北男明星日常# 他们都是吃段子长大的吗哈哈哈哈哈哈哈哈哈哈哈哈哈哈哈我真的笑得脑银子疼,0,0,0,1561776600000
7094861891,尾戒的爱丶spohia_,":#军事#千万吨核弹在水下深藏,能激起百米高海啸,美军反导无法拦截 尾戒的爱丶spohia_的微博视频 ",0,0,0,1561776300000
5757604494,Kris_Miss凡,:水花大旗永不倒库里 汤普森如果杜兰特能留下 海啸一直在 也多好啊。 ,0,0,0,1561776240000
1769861804,我不适合地球,【日本3.11海啸全纪录】回顾2011年311日本大地震，生命在自然灾害面前显得如此脆弱地面开裂，房屋倒塌，警笛四起，伴随着人们的惊叫声，地震引发海啸惊人的破坏力……宛如末日   #影视#  影娱榜的微博视频 ,0,0,0,1561775880000
6438512808,小鱼儿的情书,:那一刻你心里有场海啸，可你静静站着，没有让任何人知道。 ,0,0,0,1561775700000
6493944368,我好像是个菜鸟喔,Brian Windhorst：我被告知杜兰特在周末也能得到5年顶薪合同#NBA吐槽大会##金州勇士# ,0,0,0,1561775700000
7033544149,本尚书院,:生命犹如大海，涨潮、退潮。涨潮的时候被称为“成长”。退潮的时候被称为“退行”。你如果只要成长，只要不断成长——那就是说，你要发动一场海啸？,0,0,0,1561775700000
7051419377,心有不甘雪柳,:真爱是场华丽的冒险，在这个旅程之中，我们会遇见湛蓝的星辰，也会遇见可怕的海啸。爱个人，付出多少真心才能让对方知悉。不到最鲜血淋漓，也不会食髓知味。命里有你，冷暖自知。能做的，唯有不悔。 ,0,0,0,1561775220000
3289504292,小王老师爱吃鱼,请不要只在地震来临时才记起它们的好。,0,0,0,1561775100000
6721354689,是刺猬喔,:山崩海啸没有你根本不想逃,0,0,0,1561774980000
,三行情书,:#三行情书[超话]#,28,3,2,1561774980000
5976143546,zhao8157,当年日本海啸未对外公布的一段视频，在大自然的面前，人类实在太渺小！ 罗志渊的微博视频 ,0,0,0,1561774860000
1953239252,阿拉雷恩,【梵高名画成真？美国女子拍下罕见“海啸云”】近日，美国女子杭特在美国弗吉尼亚州拍到史密斯山上方浮现一幅罕见奇景。当她仰望天际时，惊见一排波浪型的卷云在天空浮现，美如图画。据了解，这种独特的现象俗称“海啸云”，有人说，印象派大师梵高的著名画作《星空》，创作灵感即可能来自“海啸云”。#微·奇观##气象♥生活#  http://t.cn/AipMlyVj,1,0,0,1561774620000
5289374617,芝士土豆多拿,:人的身体里每一个细胞会不会就是一个独立的生命，有皮肤有大脑会思考，只是它们的语言和我们不太一样，而是通过其他介质来交流。我们身体里的血管就是它们的交通网，干细胞是它们的妈妈或者外婆、曾外婆……，红细胞是搬运工人，白细胞是机动警察。身体受伤的时候，对他们来说就是发生了像海啸一样的自然灾害，很多细胞失去了自己的家人。细胞们会不会也有心事呢。,1,0,3,1561774560000
5749058473,守约LOVE,:那一刻你心里有场海啸，可你静静站着，没有让任何人知道。 ,2,1,1,1561774380000
5613612217,好运天,:doki一下 | 【阮经天】你是恢弘诗章，你是星辉晴朗，你是海啸中鲸鱼的脊梁。你是夜色将至时微光，让人甘愿披荆斩棘前往#全世界最帅的阮经天# @腾讯视频 http://t.cn/Ai04wplc ,0,0,0,1561774320000
5126429866,李菁aj,":""那一刻你心里有场海啸 可你静静站着 没有让任何人知道"" ",6,0,2,1561774140000
2057367683,申健999,"日本重启“商业捕鲸"",国际环保团体呼吁G20领袖谴责日本残忍猎杀鲸鱼！G20在28、29日于大阪召开高峰会，20国领导人的讨论焦点都围绕于于贸易谈判、地区冲突以及环境气候等，而其中让大家最关注的焦点之一，就是日本将于下周起不顾各国领袖及环保人士反对，再度开启“商业捕鲸""。日本于2018年9月就曾向国际捕鲸委员会（IWC）提出重启商业捕鲸，并定下每年可捕捞配额，因遭到国际捕鲸委员会（IWC）否决，最后决定退出IWC。日本绿色和平组织表示，以现代船队及捕捞技术，相信很快就会因过度捕捞，而让许多鲸鱼物种消失。#G20峰会# 动保团体国际人道协会（Humane SocietyInternational）会长卜洛克（Kitty Block）严厉谴责日本退出IWC，重启商业捕鲸是一种短视近利，且藐视各国对动保的努力。卜洛克也与动保人士包含人类学家珍古德（Jane Goodall）等联合向G20领袖发函，希望让日本知道捕鲸是与时代脱节的行为，呼吁他们停止商业捕鲸。#日本恢复商业捕鲸#",0,0,0,1561773840000
5660462326,程年韬,我发表了头条文章:《爱黄子韬，爱CPOP，让海浪啸了》 爱黄子韬，爱CPOP，让海浪啸了 ,0,0,0,1561773660000
2308461063,鋆国王,:“那一刻你的心底有一场海啸 而你静静的站着没有让任何人知道”  ,0,0,0,1561773600000
1655930013,青春就是一走一过,当年日本海啸未对外公布的一段视频，在大自然的面前，人类实在太渺小！ 罗志渊的微博视频 ,0,0,0,1561773540000
6850176867,探路者285596,当年日本海啸未对外公布的一段视频，在大自然的面前，人类实在太渺小！ 罗志渊的微博视频 ,0,0,0,1561773420000
6523500281,C米加,我发表了头条文章:《爱黄子韬，爱CPOP，让海浪啸了》 爱黄子韬，爱CPOP，让海浪啸了 ,0,0,0,1561773360000
3790724810,Rylynn-小奋豆,:#NBA吐槽大会#克莱快回来吧 kd快回来吧 一起快乐篮球 一起海啸组合吧[加油]#克莱汤普森回来了吗##杜兰特回来了吗# ,2,0,0,1561773300000
2181305860,就是不昵称,当年日本海啸未对外公布的一段视频，在大自然的面前，人类实在太渺小！ 罗志渊的微博视频 ,1,0,0,1561773060000
6031652150,风华绝代的考研狗,:#小说推荐[超话]##言情小说推荐# 我的老公是地球作者：梦廊雨文案舒乐是一个普普通通的女孩子，某天她在回家途中捡到一个神秘男子，从此便过上了幸福快乐的生活.......舒乐(╯‵□′)╯︵┻━┻幸福快乐个毛线，你见过谁家男朋友生气=火山爆发，愤怒=八级地震，抑郁=台风海啸，不开心=冰河世纪的！！！某天，舒乐和公司同事吃了一顿饭，当天傍晚各大新闻台便开始播放关于美国黄石公园火山有爆发迹象的新闻。舒乐：“大佬我错了！！！！”和世界恋爱之后每天都在拯救他呢——小剧场一：某天在热带雨林寻找乱砍乱伐者的舒乐：“那些人到底在哪里？”世界：“我不知道！”舒乐：“这是你的身体！！！”世界：“你感冒了会知道病毒在你身体哪个地方肆虐么？”舒乐：“……”小剧场二某天，舒乐突发奇想，询问起男友的过去：“你有没有喜欢过什么？”世界：“几百亿年前的算不算？”舒乐咬牙：“算”世界：“有。”舒乐:“后来呢？”世界：“地球进入冰川世纪”舒乐：“......”这个星球到底经历过几次冰川世纪！！！其实这是一篇环保文，胆大包天女主x世界意识男主内容标签： 情有独钟 穿越时空 甜文 爽文搜索关键字：主角：舒乐，世界 ┃ 配角：配角要啥名 ┃ 其它：别打扰我跟世界谈恋,1,0,6,1561773060000
2520860270,我之赤子心,当年日本海啸未对外公布的一段视频，在大自然的面前，人类实在太渺小！ 罗志渊的微博视频 ,0,0,0,1561773000000
5941694207,泓森映画ForestStudio,:见到你那一刻我心里有场海啸可我静静站着没有让任何人知道妆发：雅雅摄影：杨洁后期：杨洁#陈情令 服化道# ,3,1,0,1561772940000
6700205925,朝朝唯一,:#韬斯曼[超话]# [给你小心心]#黄子韬[超话]#,8,1,18,1561772760000
3139831751,晴天的蓝翎,:那一刻你心里有场海啸，可你静静站着，没有让任何人知道。 ,0,0,0,1561772640000
3932988059,豪放女good,抱歉，作者已设置仅展示半年内微博，此微博已不可见。 ,0,0,0,1561772520000
3769702793,灿若明眸,当年日本海啸未对外公布的一段视频，在大自然的面前，人类实在太渺小！ 罗志渊的微博视频 ,0,0,0,1561772520000
,罗志渊,:当年日本海啸未对外公布的一段视频，在大自然的面前，人类实在太渺小！ 罗志渊的微博视频 ,24,12,9,1561772160000
,于潇童_昆布友道kungfubrand,:回笼觉窗外巨大的噪声山崩海啸般破窗而入惊醒随手拽起被子掩在头上抓狂太阳迫不及待撩开帘子灼热的强光刺在脸上让人无处闪躲不敢直视… ,0,0,0,1561771980000
3819479067,三宝胖仔,#朱一龙2019相伴相守# 快递被取回来放在柜子上两天才发现，啊啊啊啊啊真过分,0,0,0,1561771500000
3769770307,F一川烟草,:#朱一龙代言可口可乐#  🍉 #畅爽好喝，让夏天更带劲# 『朱一龙』你是恢弘诗章，你是星辉晴朗，你是海啸中鲸鱼的脊梁。你是夜色将至时微光，让人甘愿披荆斩棘前往。@朱一龙 可口可乐的秒拍视频 ,19,0,33,1561771380000
3845515194,一个叫无花的无辞,给亲友西域靓仔@陆劫 的截图，喵盒成衣是真滴A，全包西域圣子，非常suai[加油] ,4,0,13,1561771260000
5386376700,韬韬也叫我妹妹,"#黄子韬[超话]#[音乐]#遇见子韬,共享浓醇好时光# 一百万的转发难不难？谁有这个发言权？我们海浪可不可以自己动起来！金主爸爸原博http://t.cn/AipWJJiP  请带话题#Z.TAO的MV合伙人#  并 @好时巧克力官方微博 每人每天50条，一周的时间，足够了！！！金主爸爸的sj给不给？？兄弟们加油。就是干！ 快消品的转发就是为了宣传品牌，和我们冲销量是不冲突的，巧克力本来就不贵，我们能做的是，用桃子的影响力去给品牌带来热度，带来更大的市场！！ 这是品牌方看中的！",0,0,0,1561771200000
5577646140,情感箴言,:那一刻你心里有场海啸，可你静静站着，没有让任何人知道。 ,37,28,0,1561771140000
1118669294,cynthia6892,#夏日时光# 【梵高名画成真？美国女子拍下罕见“海啸云”】近日，美国女子杭特在美国弗吉尼亚州拍到史密斯山上方浮现一幅罕见奇景。当她仰望天际时，惊见一排波浪型的卷云在天空浮现，美如图画。据了解，这种独特的现象俗称“海啸云”，有人说，印象派大师梵高的著名画作《星空》，创作灵感即可能来自“海啸云”。http://t.cn/AipMlyVj,0,0,0,1561771020000
6855696962,一杯菊花茶茶,#摩登兄弟[超话]# 365天 你还差几天。 ,0,0,0,1561770900000
6700205925,朝朝唯一,我发表了头条文章:《爱黄子韬，爱CPOP，让海浪啸了》 爱黄子韬，爱CPOP，让海浪啸了 ,0,0,0,1561770240000
3802450474,張涪钠,:7.6号见@吴海啸Tsunami @音乐人前男友 ,0,0,3,1561769820000
1618140814,唐微,:#朱一龙井然# ⚡#朱一龙2019相伴相守# 『朱一龙』你是恢弘诗章，你是星辉晴朗，你是海啸中鲸鱼的脊梁。你是夜色将至时微光，让人甘愿披荆斩棘前往。朱一龙活粉的小尾巴 积分@朱一龙 ,1,0,5,1561769760000
3759003453,凉凉柒,:成年人心里的海啸，静静地没让别人知道。,1,0,0,1561769460000
1842207595,活力阿俊,【梵高名画成真？美国女子拍下罕见“海啸云”】近日，美国女子杭特在美国弗吉尼亚州拍到史密斯山上方浮现一幅罕见奇景。当她仰望天际时，惊见一排波浪型的卷云在天空浮现，美如图画。据了解，这种独特的现象俗称“海啸云”，有人说，印象派大师梵高的著名画作《星空》，创作灵感即可能来自“海啸云”。#微·奇观##气象♥生活#  http://t.cn/AipMlyVj,1,0,1,1561768680000
,于东平html5,":世界上最大的海啸, 高达23米直接掩埋了30万人, 8个国家同时受到威胁 世界上最大的海啸, 高达23米直接掩埋了30万人, 8个国家同时受到威胁 @优酷 ",1,0,0,1561767900000
1669372500,菜花缭乱,:梦:去海边玩，碰到地震，还有海啸。为了躲海啸，先是溜到房顶，然后步行去到另一个叉叉景点，这个景点是坐缆车🚡到一个高峰。然后我的梦就在完成坐缆车的测试前，醒了emmmm ,0,0,0,1561767300000
5893672350,sumitingPeng,:荷兰弟霸气保护女粉丝！网友：荷兰弟真的是个正能量的人！    本文由看艳姐讲影视独家发布！想了解更多娱乐资讯吗？点击关注，谨防迷路！今天，小编要给小伙伴们分享的是：荷兰弟霸气保护女粉丝！网友：荷兰弟真的是个正能量的人！跟小编来看一下吧！荷兰弟霸气保护女粉丝！网友：荷兰弟真的是个正能量的人！说到荷兰弟，相信大家应该都很熟悉吧！2012年，汤姆·赫兰德主演的首部电影《海啸奇迹》上映，他凭该电影获得第84届美国国家评论协会奖最具突破男演员奖。1996年出生的赫兰德出演过2012年的《海啸奇迹》，在片中的优异演技让许多人印象深刻。演过《跳出我天地》音乐剧的他跳舞不错，动作戏应没问题。荷兰弟好拉好感，太有男友力了吧！粉丝被黄牛贩子推搡，荷兰弟当场发怒：“你们再敢推她，我就把你们的海报都给丢了！”还拨开人群跑去安慰粉丝：“没事，有我呢！”据说最后荷兰弟真的把票贩子海报都扔了。对此有网友表示：”小荷也太好了吧！28号零点小蜘蛛看起来呀“，”他真的很好啊，小荷真的是很好一小孩啊“，”真的是我喜欢的蜘蛛侠是我喜欢的荷兰呀“，”小荷人太好了，我愿来世成为你的妹妹啊“，”一直都觉得他是一个非常耿直的人“。演过《跳出我天地》音乐剧的他跳舞不错，动作戏应没问题。为了得到蜘蛛侠的角色，这只英国小鲜肉还经历了一系列复杂苦难的试镜。如果赫兰德在Instagram上秀出的惊人表演（后空翻）要暗示点什么的话，那就是这只小蜘蛛的动作戏将会游刃有余，相当精彩 。好了，今天小编就给小伙伴们分享到这里，大家对于”荷兰弟霸气保护女粉丝！网友：荷兰弟真的是个正能量的人！“有什么意见或者建议可以在留言区畅所欲言哦~荷兰弟霸气保护女粉丝！网友：荷兰弟真的是个正能量的人！喜欢小编的请分享、点赞、关注哦，小编会持续更新~#荷兰弟保护粉丝#,0,0,0,1561767120000
6205430677,视频格,:【日本3.11海啸全纪录】回顾2011年311日本大地震，生命在自然灾害面前显得如此脆弱地面开裂，房屋倒塌，警笛四起，伴随着人们的惊叫声，地震引发海啸惊人的破坏力……宛如末日 http://t.cn/AipXgPr0 http://t.cn/RDWCiN7 ,2,3,0,1561766520000
6539681172,时尚真女神,:【日本3.11海啸全纪录】回顾2011年311日本大地震，生命在自然灾害面前显得如此脆弱地面开裂，房屋倒塌，警笛四起，伴随着人们的惊叫声，地震引发海啸惊人的破坏力……宛如末日 http://t.cn/AipXgPr0 http://t.cn/Ez2S784 ,0,0,0,1561766520000
6536834655,天天爱电影,:【日本3.11海啸全纪录】回顾2011年311日本大地震，生命在自然灾害面前显得如此脆弱地面开裂，房屋倒塌，警笛四起，伴随着人们的惊叫声，地震引发海啸惊人的破坏力……宛如末日 http://t.cn/AipXgPr0 http://t.cn/RDWCiZh ,0,0,0,1561766520000
6536825124,电影天天欣赏,:【日本3.11海啸全纪录】回顾2011年311日本大地震，生命在自然灾害面前显得如此脆弱地面开裂，房屋倒塌，警笛四起，伴随着人们的惊叫声，地震引发海啸惊人的破坏力……宛如末日 http://t.cn/AipXgPr0 http://t.cn/RDWCJyf ,0,0,0,1561766520000
6536821149,每日看电影,:【日本3.11海啸全纪录】回顾2011年311日本大地震，生命在自然灾害面前显得如此脆弱地面开裂，房屋倒塌，警笛四起，伴随着人们的惊叫声，地震引发海啸惊人的破坏力……宛如末日 http://t.cn/AipXgPr0 http://t.cn/RDWCJZU ,0,0,0,1561766520000
6537202110,爱电影匠,:【日本3.11海啸全纪录】回顾2011年311日本大地震，生命在自然灾害面前显得如此脆弱地面开裂，房屋倒塌，警笛四起，伴随着人们的惊叫声，地震引发海啸惊人的破坏力……宛如末日 http://t.cn/AipXgPr0 http://t.cn/RDWCJWh ,1,0,0,1561766520000
6537113439,电影兴趣菌,:【日本3.11海啸全纪录】回顾2011年311日本大地震，生命在自然灾害面前显得如此脆弱地面开裂，房屋倒塌，警笛四起，伴随着人们的惊叫声，地震引发海啸惊人的破坏力……宛如末日 http://t.cn/AipXgPr0 http://t.cn/RDWCxNV ,0,0,0,1561766520000
6536744107,电影上映推荐,:【日本3.11海啸全纪录】回顾2011年311日本大地震，生命在自然灾害面前显得如此脆弱地面开裂，房屋倒塌，警笛四起，伴随着人们的惊叫声，地震引发海啸惊人的破坏力……宛如末日 http://t.cn/AipXgPr0 http://t.cn/RDWCMlS ,0,0,0,1561766520000
6536748195,电影兴趣酱,:【日本3.11海啸全纪录】回顾2011年311日本大地震，生命在自然灾害面前显得如此脆弱地面开裂，房屋倒塌，警笛四起，伴随着人们的惊叫声，地震引发海啸惊人的破坏力……宛如末日 http://t.cn/AipXgPr0 http://t.cn/RDOMp6x ,0,0,0,1561766520000
6508520365,影视菌的秘密,:【日本3.11海啸全纪录】回顾2011年311日本大地震，生命在自然灾害面前显得如此脆弱地面开裂，房屋倒塌，警笛四起，伴随着人们的惊叫声，地震引发海啸惊人的破坏力……宛如末日 http://t.cn/AipXgPr0 http://t.cn/RDOMNrA ,0,0,0,1561766520000
6537118659,大电影推荐,:【日本3.11海啸全纪录】回顾2011年311日本大地震，生命在自然灾害面前显得如此脆弱地面开裂，房屋倒塌，警笛四起，伴随着人们的惊叫声，地震引发海啸惊人的破坏力……宛如末日 http://t.cn/AipXgPr0 http://t.cn/RDOMpQZ ,1,0,0,1561766520000
6508507092,电影小酱,:【日本3.11海啸全纪录】回顾2011年311日本大地震，生命在自然灾害面前显得如此脆弱地面开裂，房屋倒塌，警笛四起，伴随着人们的惊叫声，地震引发海啸惊人的破坏力……宛如末日 http://t.cn/AipXgPr0 http://t.cn/RDOMNuI ,1,0,0,1561766520000
6508264517,大电影之我见,:【日本3.11海啸全纪录】回顾2011年311日本大地震，生命在自然灾害面前显得如此脆弱地面开裂，房屋倒塌，警笛四起，伴随着人们的惊叫声，地震引发海啸惊人的破坏力……宛如末日 http://t.cn/AipXgPr0 http://t.cn/RDOMN9F ,0,0,0,1561766520000
6195592382,瘾性乔木,:我心里有一场海啸但我只是静静站着  没让任何人知道嘿，生日快乐吖～,2,0,2,1561765380000
6874273313,超话5_小辫儿张云雷粉丝团,:#小辫儿张云雷[超话]#[心]#张云雷[超话]# 等到黑夜翻面之后会有新的白昼等到海啸退去之后只是潮起潮落@小辫儿张云雷 ,406,21,53,1561765020000
1854942004,Celia喵喵酱,:又是严重失眠 挣扎到四点才睡 六点又醒 梦到了海啸 好累 延安 ,0,0,3,1561764720000
5351293145,翔阳而生CPOP,:#黄子韬冲浪专区[超话]#亚榜两首歌可以同时打都是韬韬的音乐都是韬韬的心血#AI-猜猜下个会是谁[音乐]# 可以第二为什么#错-猜猜下个会是谁[音乐]# 却到了十以外,18,0,32,1561764240000
3200640633,惊奇先sen,:Nba始终是一门生意，是个商业联盟，他并不是灌篮高手，永远只有31本漫画，队服永远也不会变化，他们只有一个共同点那就是，青春都会留下遗憾，都有伤病，这也许是魅力所在吧，不管KD去留，祝他康复，据说小道消息，他已经和篮网达成协议！但是始终喜欢海啸瘸子驰骋疆场,2,0,0,1561764120000
5249582925,lhlsocute,:呵呵，我男朋友的点赞,4,0,1,1561763100000
5679369679,亲下不行吗,:风从海上来卷起海啸，于是再路过河水时就懂得小心翼翼 ,0,0,0,1561762380000
,雪馨陈,:#朱一龙代言可口可乐# ,17,0,10,1561761780000
5167484748,吴牛喘月洪水泛滥干旱无水,:吴牛喘月之无数之无时无刻无动于衷安居乐业精益求精传宗接代搞大之无数大之外宇宙和宇宙之银河系之太阳系之地月系之一滴水皆是水上搞乎 无时无刻 无搞无 吴牛喘月乎无时无刻无搞无“无时无刻特洛伊木马搞由降水量蒸发量如抽地下水发地面升降地震海啸乎无搞无风调雨顺无搞无五谷丰登无搞无国泰民安搞无乎,0,0,0,1561760820000
2543691727,Abbey_喵咕,:非常清晰真实的梦中梦…第一层 儿时一个人在家里午休 做梦 被惊醒后去别的屋子看 这时爸妈已经回家了并也在午休  阳光很好 世界一片祥和第二层 梦中骑着初中时代上学的自行车 想去某个地方 突然下雨 地震 海啸 地球正在瓦解 于是想尽办法逃生 躲过一劫 骑上车去安全地带 以防下一次事故 路途中遇到人类的暴乱 世界末日就要来临 自己却骑不快,1,0,1,1561760160000
6409254138,每晚和你说晚安,:成年人心里的海啸，静静地没让别人知道。,102,23,1,1561757160000
2833987841,小肖真可爱,":""暗恋是风喜欢是海啸爱是海可人 是孤岛"" ",8,0,12,1561756740000
3218625915,幻谲,:残月如血，生出三生的碎花，被揉碎了洒落地上。折叠昨日的苍凉，晾晒着阴影里的故事，苦涩苍天，浪迹流年。一沧海啸卷起一页风沙，吞噬着星空秋灵的晨曦，夜幕下，风情一纸、空文醉花。沉黑的盖瓦、耸立的马头，莽莽苍苍的过往，欣欣怡悦中流淌着一江两岸的低低的声响。浅浅的黄晕里漫回低落一枚枚银沟，流年着季节的音律，感受着时光的风雨。,0,0,0,1561756140000
1275910523,hety0705,:我做噩梦了，梦到火山爆发了，梦里我是睡着的，也做着梦，但是醒了，然后发现天空不对劲，没多久就有一个火柱子一样的在很远出喷出，而且声音特别特别大，喷出火柱的频率特别快，是世界性的灾害，之后整个城市都被冲垮，有的房子倒了，我看着眼前的一切，吓傻了，还有我的车车，梦里冲的渣渣都不剩，我们为了逃生跑去很高的地方，一层一层的爬楼，最后在顶楼等着最后的营救，我和他们说我车还没开过呢，就没了，他们说咱们够幸运活下来了，我想想也是，但是很心疼，之后正常生活了，老爸问我再买个啥车，我说不买了，我四处找我的老蓝，但是发现大街上所有的日系车都没了，就剩大众别克啥的了，回家我还跟老妈说呢，看来还是德国车结实啊。我做恶梦总是全屏的窗户，所以我很害怕，我总会看到全景模式，亲眼目睹一切，上次我还做梦看到眼前的海啸，那浪花又高又大的过来！我外落地窗前看着，因为海天一色，那恐怖的感觉现在想想还是后怕，然后海啸定格在了我家窗前，我拉开窗帘，整个海高高的固定在我眼前，我当时心里特别压抑，海和天没有边界的，太大太宽广而且波浪的花纹都有，有种它即将冲向我的感觉，所以很憋屈很压抑的景色！今天我还做个梦，梦到了我小学最好的朋友吴佳奇，之后又梦到了王晓倩，梦里小倩和我都因为工作太累哭了。现在我醒了，感觉估计还是我最近太累吧，所以做噩梦，而且做的都是这种好累又爬楼梯又哭又丢东西的梦，醒来之后发现是梦。真的开心多了,1,0,6,1561755960000
5523571753,我还可以啊-,:那时我的心里有一场海啸可我静静地站着没有人知道. ,7,0,0,1561755780000
6524415638,奇趣科普读物,:#天文#如果月球旋转速度加快，会对地球有什么影响？网友：天天有海啸？ 奇趣科普读物的微博视频 ,0,0,0,1561755600000
