3072262231,swwwy王,:某种情况下，命运这东西类似不断改变前进方向的局部沙尘暴。你变换脚步力图避开它，你再次变换脚步，沙尘暴也变换脚步，如此无数次周而复始，恰如黎明前同死神一起跳的不吉利的舞。往往事与愿违发生的概率极大，我做好准备了，反复告诉自己我不害怕。假的东西我不想要都离我远一点吧，我不是逃兵，我得去面对。,2,0,2,1553961480000
,一把豌豆颠儿,:早饭：娃娃菜做辅料煮的面午饭：难吃到觉得写出来丢人晚饭：菜市场买的韭菜盒子和拌素菜甜品：牛奶红薯糖水，打了一颗蛋进去歌单：郭顶《保留》 苏运莹《生活倒影》今天感受了一把北方沙尘暴，深刻具体，出门回来就得洗脸,1,0,0,1553959080000
6297037958,绿化皈依桃子P4,:下午刮沙尘暴下大雨：此刻又乌云密布；今天是怎么一回事,0,0,0,1553957580000
,Amortentiaz,:JD这天气...沙尘暴大概比bj惨一千倍。Good luck with lungs.真.Arrakis ,3,0,0,1553955960000
5017423800,纪先生的淼淼,“温柔的晚风一定能吹散许多不愉快吧” ,0,0,0,1553948340000
,假装会炒股的码农,:送走了雾霾，迎来沙尘暴 ,0,0,0,1553947620000
5997272194,A山人rray,:下午刮沙尘暴下大雨，只是！困境通常不能一下子摆脱！采取的态度决定了他是否能反败为胜……也不是说不再当对方是朋友。而后停水停电；再着急也没法扛着车出去，情义…… ,2,0,0,1553944140000
5681716315,柠檬不酸zlkld,:“命运就像沙尘暴，你无处逃遁。只有勇敢跨入其中，当你从沙尘暴中逃出，你已不是跨入时的你了。” ,0,0,0,1553941080000
,透明又胆小,:沈阳下大雨，盘锦雨夹雪，锦州沙尘暴，出了东北万里无云，感情就东北天气不好 ,1,0,1,1553936280000
1412299093,理智与情感的抉择,:今天北京的大风透着一股沙尘暴的味道。 ,0,0,0,1553934060000
5807577826,段白月,:再次进入沙尘暴结界来时目睹三起车祸希望归途平安 …我是说 大家都平安无事吧 ,0,0,0,1553933640000
7017506871,来来来你告诉我我该取个啥昵称,:沙尘暴，应该是我讨厌春天最主要的原因了。 ,0,0,0,1553927340000
2200284307,阿乾今天也在码字,:这一路，雨，雪，沙尘暴，大风高铁都在晃还差什么没经历了？估计晚点一个小时都是好的 ,0,0,0,1553925720000
2356728757,想要一只猫mm,:#WinkJT[超话]#此刻我正看着你的视频，由于北京沙尘暴被困宿舍 ,8,0,0,1553923080000
,安静的兔子1109,:容易感动，容易掉眼泪，可能是因为年龄的增长。也可能是因为以前经历过的，或者是现在正在经历的，还是未来将会经历的。希望我们可以好好的珍惜现在，青春只留下回忆，回不去了。年龄大了，眼睛里容易进沙尘暴😭。 ,0,0,0,1553921940000
3863680714,_Noodles丶,:大雪沙尘暴嗯，锦州真是个好地方 ,1,0,0,1553920260000
6026751418,也用点通wG卫青,:有些人去死都跟我没关系，地球怎么啦?心态失衡产生地震、相思难解频刮沙尘暴！这不和我的恋爱一个症状嘛。 ,0,0,0,1553919600000
1843420801,Xing上善若水,:#春天来了# 熬过供暖干的不行不行的冬天  迎来  时不时沙尘暴刮风让人吃土的春天 ,0,0,0,1553918940000
,oo鱼大头,:动车被锦州的沙尘暴逼停了,1,0,8,1553917800000
6400527327,魔鬼肌肉人Lainey,:你说一个女孩经历过狂风暴雨还有沙尘暴，你都不在她身边，你说在她春风得意的时候还需要你嘛,1,0,0,1553917620000
6254811687,yyyyyyyzgggggg,":《<流浪地球﹥的科学精神》      以物理学、化学、生物学、天文学、心理学、医学等科学为基础的，以严格技术推演和发展道路预测，以描写极其可能实现的新技术新发明给人类社会带来影响的科幻作品称为硬科幻。硬科幻作品的核心思想是对科学精神的尊重和推崇．在手法上，硬科幻以追求科学（可能的）的细节或准确为特性，着眼于自然科学和技术的发展．硬科幻的共同特点是故事情节依靠技术来推动和解决。     《阿凡达》拍摄用的是卡梅隆自行研发的3D数字摄影机。为了让故事真实可信，在拍摄之前，卡梅隆先带领设计团队描绘出整个潘多拉星球的生态环境：卡梅隆亲自手绘了30多张外星动物的效果图，由动物学家修正不符合科学的细节，然后反复修改定稿。他找来语言学家，专门为这个星球的人创造出一种语言，并要求配音人员学会。他花费大量心血创造出的语言、文字、生物以及他们之间的关系,让人会以为这是一个真实存在的星球。       为了拍《星际穿越》，克里斯托弗诺兰在卡尔加里种植了500英亩玉米地，他冒雨在冰岛走过了六七座冰川选择纯天然的外景，他做了一个真实大小的模拟太空舱，他关于黑洞的画面都来自科学计算，每一帧画面都要花掉将近4天的时间来计算和绘制，发生在地球上的沙尘暴干脆是现场人工降的沙，这一切造就了《星际穿越》无与伦比的视觉元素。克里斯托弗·诺兰为了达到最为真实的黑洞效果，特别邀请了基普·索恩这位理论物理学家对黑洞进行设计，并花费了30名研究人员将近一年的时间，数千台计算机联网进行精确模拟才得以实现，由此我们看到了迄今最真实的黑洞模样。       郭帆同《流浪地球》另几位编剧编纂了一套百年“编年史”。自1977年写起 “百年史”，虚实相间，既有“某天文学家提出太阳核心聚变加速，将出现致命氦闪，以致太阳死亡，并快速膨胀吞没地球论点”的杜撰，也有“2007年，中国立项建造500米口径球面射电望远镜FAST，选址贵州，2016年，建造完毕”这样的史实。更巧妙的是，这一史实参与进之后的叙事互动，“2026年，正是通过FAST的观测数据，科学家们第一次确认太阳中心核聚变加速。”编年史于2075年落笔，只留下四个字：木星危机。在讲故事的时候可以截取之前任何一个单点进来，令逻辑自洽。       中国导演懂科学了，中国硬核科幻电影时代到来了，不再好莱坞一家独霸。综合国力强劲自信才能促成《流浪地球》的水到渠成。              ",0,0,0,1553913960000
6812522737,用户1090245171,:,0,0,0,1553909700000
6812522737,用户1090245171,:,0,0,0,1553909700000
2862774965,海淀区万寿路健康教育,:一年四季都有可能产生霾，不只是在冬天。比如春季北方的沙尘暴、夏季的光化学反应、秋季秸秆焚烧等都会引起霾，冬季由于特殊的气候条件，更容易形成霾。 ,0,0,0,1553909640000
5225289919,成为自己的英雄,:昨天迎来了北京今春第一场沙尘暴，大风刮起，黄沙弥漫，气温骤降。家里面的鹌鹑们似乎也感知到了不安，下午骚动不安，打起了群架。爷爷还以为他们上蹿下跳，是要找窝生蛋。好心拿给他们放了一个纸盒进去。我到家才发现有一只鹌鹑头上的毛已经被啄秃了，满头流血。听说过斗鸡，没想到鹌鹑们也这么厉害呀,0,0,0,1553909520000
3845219206,CCTV马兰草,:今天北京风好大，高中地理课本上写春天北京沙尘暴灾害是真的.. ,1,0,0,1553908800000
,Kouseirann,:又到花粉柳絮杨絮梧桐树粉满天飞的时候了，冬天寒风雾霾，春天柳絮，夏初沙尘暴，一年四季离不开口罩😷,0,0,0,1553908320000
6733049057,妩媚的与思芸,:【沙尘天气防御指南】1.做好防风防沙准备，及时关闭门窗；2.注意携带口罩，纱巾等防尘用品，以免沙尘对眼睛和呼吸道造成损伤；做好精密仪器的密封工作；3.把围板、棚架、临时搭建物等易被风吹动的搭建物固紧，妥善安置易受沙尘暴影响的室外物品； [带着微博去旅行] 4.由于能见度较低，驾驶人员应控制速度，确保安全。,0,0,0,1553906040000
6339583584,可易珊设,:我做不了的；这可是宗大生意，沙尘暴捣的乱……是春天来了：偷天换日对黯然无光说 ,2,0,0,1553901540000
1582419605,国学o进,:沙尘暴来了 ,0,0,0,1553898420000
6380064910,梅里缝村组,:凌晨热死人！此刻又乌云密布！而后停水停电，下午刮沙尘暴下大雨。 ,0,0,0,1553894760000
5310571994,小胖大哩,:忽然想到@罗德欧加阴雨 给我做的心理测试现在 那个空间是五边形的泛光金属色 椅子在房子里 高高的伸到云里 马他不朝我跑来 它跟在我后面 慢慢走在绿洲里 沙尘暴来了也不躲 房子里有天猫精灵就够了 ,1,0,2,1553885160000
6363540832,windy-cw,:修路修出来沙尘暴的直视感,0,0,0,1553884140000
6677468480,多米best荷188,:【沙尘天气防御指南】1.做好防风防沙准备，及时关闭门窗；2.注意携带口罩，纱巾等防尘用品，以免沙尘对眼睛和呼吸道造成损伤；做好精密仪器的密封工作；3.把围板、棚架、临时搭建物等易被风吹动的搭建物固紧，妥善安置易受沙尘暴影响的室外物品；4 ,0,0,0,1553880660000
2485331227,靓衣房_1,:偶尔吃醋来点酸雨。这不和我的恋爱一个症状嘛、地球怎么啦?心态失衡产生地震、心田寂寞导致干旱……相思难解频刮沙尘暴……痛苦煎熬爆发火山 ,1,0,0,1553879820000
3102752140,温柔象,:对这里的感情真复杂特别喜欢这里的人 来自天南海北的人我们住在一起 一起吃一起玩 一起度过艰难困苦没有水 沙尘暴 有吃的就去蹭 打打闹闹 年轻又有活力 像亲人啊 ,1,0,0,1553877000000
5648958823,野格的红牛,:从未有过的压力和烦躁，所有重要的事情累积在一起，一方面是自己的事，一方面是不得不扛着的责任，不得不做的事，我尽力做好自己每个身份该做的事，学生、朋友、子女以及所有身担的职责，每次累的时候我都会告诉自己能力越大，责任越大，可我也不知道自己还能榨出多少能量，还能抗多久，我也不知道前方的彩虹到底在哪里，我也不知道九月的结果会怎样，第一次苦到想哭。今天抽了n支烟，感觉也没有相同经历的人，也没有谁可以帮忙分担，丧到极点事情最后还是要自己干，大学三年越过越累，现在最累。我怕我等不到彩虹，我怕我奔跑了半天还是跑不到终点。以前小本本上的待办事项只有几条，现在列满了整整两页，都是紧急且重要的事，还能怎么办？还不得自己办？真的理解了那些喜欢一个人生活的人，当所有事情都自己扛下来后，还需要谁啊，无论是谁不都是拖累吗？我不知道她们去年的今天是不是也和我一样，我努力的寻找身边和我有一样经历的人，可是找不到，每个人的路都不一样吧，还有很多选择没有做，以前我总会选择逃避，可终归会有逃不掉的一天。我为什么和大家都不一样，未来还能来吗？拼尽全力或许最后还是平庸一生，该怎么办？今天看到一句话：从沙尘暴中逃出的你已不再是跨入沙尘暴时的你。是的，这就是所谓沙尘暴的含义。也许经过这场沙尘暴，冲出来的自己还是自己，但或许会加了buff吧。我也想像大家一样，时间过的那么慢，可为什么我的时间总是过的那么快。我们都在奔着一个未知的“可能”跑啊跑，什么时候maybe能变成must呢？二十岁过的像八十岁一样绝望。干吧干吧干吧，事情总会一件一件一件一件一件一件...做完！,1,0,0,1553876820000
2387096952,第八颗提子,:今天和家里人视频了 这一周才视频了两次奶奶看到我的第一眼说“好久没看到我阿妹啦”心里一颤 是啊我这周为什么才和家里人视频了两次呢她们都那么想我想看到我 又不敢打视频给我怕我在忙反思一下 其实这周没有特别忙 晚上起码还有看综艺和看电影的时间 为什么不能抽出几分钟的时间去和她们视频呢 以后要增加和家里人视频的频率 做到和上学期一样.今天离家里最近的商场开了！走路七八分钟就到了 有海底捞绿茶奈雪肯德基星巴克探鱼好多好多吃的和逛的 莫名的好骄傲哈哈哈哈看着家里周围的环境变得越来越好,2,0,7,1553876340000
6545169489,谁都不认识的小小小马甲,:酒量见长，只是头疼，神志还是很清楚。天气预报明天8级大风并有沙尘暴，睡觉，迎接明天的好天气。晚安 ,0,0,0,1553876220000
1395421794,格式化_jiao,:刚发工资，一分钟以内还完为数不多的房贷和最少还款额度的信用卡，余额两位数！明天风大，多攒点土，毕竟关中地区刮一次沙尘暴不容易,0,0,0,1553874960000
,103番不動産会社,:明天据说会有沙尘暴 🌪🌫 还要大降温 早上快点抽了我的血放我回家吧 ,0,0,2,1553873820000
6301760507,年月前生陆生z,:横卧于汽车车厢的统座！紧绷的帆布车顶、【JeepStaffCar车】这款车型旨在致敬Jeep传统军用车型：以四门牧马人车型为蓝本……传承了许多牧马人的设计线索……看起来老旧的设计是一种尝试！具备基本的钢制轮毂；这款车身被喷涂成标志性沙尘暴色的StaffCar，户外概念车 ,0,0,0,1553873760000
2273956371,屋檐和屋顶,:傍晚，刮起了沙尘暴，尘土飞扬，气温又下降了，在室内需要加穿羽绒服。 ,0,0,0,1553872800000
2251874494,王佳晔,:#东宫# 暴风哭泣了 哭泣到狂风席卷沙尘暴了 ,0,0,0,1553870700000
3159435965,wwa佳丽,:#最强辩手# 沙先生喜得一千金，希望女儿长大有出息。于是为女儿取名为“沙龙”。妻子说：“男孩才成龙，女孩成凤凰。”沙先生说：“那就叫沙凰吧！”妻子说：“女儿去俄罗斯当沙皇？我看还是取一个霸气一点的名字。”邻居听到了，邻居说：“干脆叫沙尘暴，十分迷人。” ,0,0,0,1553869680000
2792868867,TFBOYS-易烊晴晴,:#最强辩手# 沙先生喜得一千金，希望女儿长大有出息。于是为女儿取名为“沙龙”。妻子说：“男孩才成龙，女孩成凤凰。”沙先生说：“那就叫沙凰吧！”妻子说：“女儿去俄罗斯当沙皇？我看还是取一个霸气一点的名字。”邻居听到了，邻居说：“干脆叫沙尘暴，十分迷人。” ,0,0,0,1553869380000
5567374277,禧尼,:真是服气西安的春天，花粉柳絮沙尘暴。,2,0,1,1553866260000
1856801902,G_N_E_昔人,:害怕走在大风呼啸的黑夜里，想起了被沙尘暴支配的恐惧。 ,0,0,0,1553864280000
,Sokcheata,:今天很忙，因为组织全天培训，好在下午刮起了沙尘暴，不然我现在和单位的跑步成员还在奥体中心拉伸刷圈圈。我在很孤寂的一段时间里，常常写微小说。现在感觉孤单的时候我也会写东西，写不出矫情文字的时候，我通常都很快乐。慢慢我明白了：有些饱满，无须文字。但有了文字，会锦上添花。我们会因为生命轨迹中出现的人，感觉到顿悟，找到自己。就像《恋爱症候群》的歌词一样。我们也会因为和出现的这个人经历时间、常有那种喜悦、感激、平静、兴趣、自豪、逗趣、敬畏以及爱等等积极的情绪，总想要有超越的那种状态，感觉到突然间有了光和温暖，越活越带劲。当然，也会乐于分享。今天分享一些碎片理念，都和投资有关。1. 作为资方，新能源领域虽然热火，但是因为方向以及一些技术细节还不能预知，项目通常周期长，好坏、社会价值很难判断，要更加谨慎。2. 通常经济增长缓慢的时候，人们就会更加注重文化及精神层面的东西；3. 说在我们国家，科普只是业余，而真正意义上的科普是一种职业，或者说是巨大的产业，从风投的角度看，空间巨大。三个故事，找时间我讲给你听。我要下班了。,0,0,0,1553862960000
,一wan鸭血粉丝汤,:现在的风大到什么程度呢，就在刚才，我头上的眼镜被风刮的飞到10米外的草坪里，我在寒风中一边嘶吼一边摸黑找眼镜的那一瞬间，内心竟然有了撕心裂肺的感觉,2,0,2,1553860200000
,流水艳阳是一个公主,:我想成为我自己，按照我喜欢的生活方式，热爱生活发着一点点光就可以！但是我一直在让自己禁锢的工作中游走，漫无目的，我不快乐！有时候我想放弃这一切，可是我没有勇气！我迷失了自己，我能干嘛呢？哭也不能解决问题，耍脾气后生活工作还要继续，人生好灰暗，就像今天突如其来的沙尘暴，不知何去何从！,1,0,0,1553859840000
1268616084,小楼小楼小,:雨中骑车，还见到了一场沙尘暴般的落叶，壮观。 ,0,0,0,1553858340000
5626790690,陈年老酒歌,:下午突然又陷入了自闭起因大概是出门前想睡一会儿然后睡过头了这有什么好烦的我不知道但是醒来就 很烦 手脚都没有力气勉强去跑了个2k整个人都萎靡不振又刮大风又沙尘暴心情特别烦我不知道为什么和hyx说话还笑得出来但是转头就觉得特别累上一次这种感觉是在上学期我心情最低落的状态不知道自己怎么了有点烦特别烦周围都是烦人的人和烦人的事每个人都有自己要烦的东西我这算不得什么我知道但我就是 无法控制我自己,0,0,0,1553858220000
6479566259,MINNx,:北京的沙尘暴要来了，赶紧滚回武汉吧。,0,0,0,1553857260000
5574169944,白敬亭的鸽鸽,:我与世间万物为伍，比如今天的“沙尘暴”我都没有缺席,0,0,1,1553857140000
6298224113,大旺仔的小妈咪,:沙尘暴来袭 吃土的季节 ,0,0,0,1553856300000
3030911623,Abiliyt-LS,:周五晚上来坐13号线真是想不开。今年没有雾霾，但是沙尘暴又回来了，看来我在蚂蚁森林种的树没用上。 ,0,0,0,1553855940000
6222745913,闷出灵光的主,:可能是我最近太放空了B站都开始给我推送考研二战如何走出阴影了,0,0,2,1553855880000
7029422436,东篱见南山然,:沙尘暴了 ,0,0,0,1553855700000
2159700827,弗洛格和多多飞,:风很大，还有沙土迎面扑来。又是沙尘暴来临的末日感啊！ ,0,0,0,1553855340000
,阿弥托福的猪,:#石家庄天气#一刮风，满天土，睁不开眼，张不开嘴，走不动路。这就是石家庄，一个雾霾和沙尘暴并存的城市。 ,0,0,0,1553854920000
6104185065,___南生陆,:我忘了北京的春天是有沙尘暴的……令人畏惧！！想要迈出门的脚步一次又一次的退缩！！（我今早洗的香香的头发是白洗了）北京的春天一点都不温柔的哇！！可是广东的春天又是个爱哭鬼～哇啊～（抹泪奔跑）无处可躲！无处可逃！ ,0,0,0,1553854860000
1093298505,寒冬6789,:北京再现久违的沙尘暴 ,0,0,0,1553854380000
2693951053,buttonclub,:阴天，冷。预报有沙尘暴。看 Jennifer Egan。 ,0,0,0,1553854320000
7022960632,卫fanchen,:下班！本周末久违的沙尘暴来了，周末愉快！,0,0,0,1553853240000
,___Christine___,:出门放风遇到沙尘暴，躲到巴黎贝甜找灵感，看到弗卡夏面包，于是想起得瑟的大厨戈登拉姆齐，想起晚上抱娃睡觉还可以看半集。 ,0,0,0,1553853180000
1627425452,青虫青睐青菜,:此刻的大风，吹的人意乱迷眼的。沙尘暴吧。 ,0,0,0,1553853060000
,北京Fund,:听说北京来沙尘暴了？多少年没有的景了，如果沙尘暴和雾霾让你选一个，你会留下哪个？ ,1,1,5,1553853060000
1671241024,Candy不甜,:下午集体活动奥森跑了个五公里，现在感觉脸上一层土，沙尘暴的季节又要来了,0,0,0,1553852880000
3829308047,青水流唱,:北京沙尘暴了，张嘴说话都牙涩。 ,0,0,0,1553852820000
,WilloW是不靠谱的路人甲乙丙丁,:感觉现在这天就是沙尘暴啊。 ,0,0,0,1553852820000
2545054624,坏猫-HuaiMao,:不顺利的一天，回来看到工作日程安排，更糟心了,1,0,11,1553852460000
,jeanne-M晶,:远远地看到东边的土黄色的沙尘暴要吹过来了~~想在北京锻炼跑个步真的需要运气！！！！ ,0,0,0,1553852460000
3971068932,歐___,:热死了,0,0,2,1553852280000
5785106924,羊咩姨妈,:帝都第一场沙尘暴来啦！哇咔咔，飞沙走石中！ ,0,0,0,1553852220000
,___Christine___,:沙尘暴来啦！ ,0,0,0,1553851740000
1838718552,超超--做自己就好,:又见沙尘暴啊 ,0,0,0,1553851380000
5651715605,暴走萝莉渣渣e,:今天是台风 还是龙卷风 还是沙尘暴我受不了了又冷又凌乱难受 ,1,0,1,1553851080000
,山下有熊,:沙尘暴来了,0,0,11,1553850960000
6068931267,潮州同城,#潮州身边事#【抑尘措施欠缺 龙鹳北路频现“沙尘暴”】龙湖镇龙鹳北路坑洼崎岖、群众通行不便。一旦有汽车驶过，随即沙尘滚滚，像刮起了“沙尘暴”。一些过往群众为了抵挡沙尘，不得不撑伞前行。 抑尘措施欠缺 龙鹳北路频现“沙尘暴” ,0,0,0,1553850600000
5384560955,Granulex_,:我导终于把办公室里的服务器全搬到五楼机房去了，原本放主机的桌子都空出来，于是他刚兴冲冲地说要把这俩桌子搬到办公室隔壁的大露台上去，搭个帐篷再弄点椅子没事去喝喝茶休闲一下我：可是平时不用的话很落灰诶，刚不就刮沙尘暴了他：…………对哦（眼里的光暗淡了下去 ,1,0,0,1553849820000
,北京土著大联盟,:起风了！沙尘暴来了吗？大家报一下！ ,4,0,12,1553849760000
5227176362,两夕_Marin,:这就是……北京的沙尘暴……？ ,0,0,0,1553849520000
1724014497,Nevermind_898,:难道这是失传已久的沙尘暴？？？ ,1,0,1,1553849400000
1896616285,月歇千夜,:沙尘暴来了～回家休息喽,0,0,0,1553849400000
2256709167,油爆奇葩拌着面,:渣浪，“沙尘暴”都不让发了 ,1,0,0,1553849340000
2638173565,丝丝家的小仙女-,:北京今天是沙尘暴吗 我就在外面玩了一会手机 手机上就一层土 ,5,0,4,1553848680000
3859533759,游学者丶帥,:沙尘暴，满嘴土 ,1,0,0,1553847720000
1204610271,米律炫帅,:我恨沙尘暴 ,1,0,0,1553847120000
5805047572,柚咩哈2020心想事成,:nmd学校一条路全是工地 大风吹过沙尘暴啊这是人能生活的地方吗？,0,0,0,1553846820000
5822145879,群山可已放晴,:妈的原来真有沙尘暴 ,1,0,0,1553845380000
,Baby_Seo,:这么美丽的季节又是降温又是沙尘暴的，真的很没品…,0,0,0,1553844420000
5114493249,柒柒0908,:“命运就像沙尘暴，你无处逃遁。只有勇敢跨入其中，当你从沙尘暴中逃出，你已不是跨入时的你了。”——村上春树 ,1,0,0,1553843220000
6385322782,金材BG171,:命运就像沙尘暴，你无处逃遁。只有勇敢跨入其中，当你从沙尘暴中逃出，你已不是跨入时的你了。——村上春树《海边的卡夫卡》 ,0,0,0,1553843160000
6877206234,Milla_自我救赎,:#抑郁症[超话]#好多年没有体会过北方这种沙尘暴般的天气🌪打死我都不出去[吃瓜] ,0,0,1,1553842080000
,一个没有感情的老碗,:外面这是刮沙尘暴了吗,0,0,0,1553840820000
5862668970,碧勾外叉szd,:我这里的春天是扬沙和沙尘暴最猖狂的季节，昨天洗头今天下沙的日常总会在给人再添一分烦躁。但我记忆中对春天最清楚的记忆好像不是哪年有场特大的沙尘暴，而是一些年年都有的景色。像是枯了一冬的树忽然冒出一点绿意，晚开的迎春花的金铃会挂到春末，骑车驰过街角时闻到浅紫色的幽香；或者是裂开的石板路铺了新砖，依旧有草从砖缝里顽强地生出来，还挂了几朵豆大的红花。黄昏后的天空像还没添水化开似的瓦蓝瓦蓝，抬头就能看到星星在前方，熠熠的，一下都不肯暗下去。,0,0,0,1553840700000
2091529035,咩少女蕊,:墨尔本今天沙尘暴吗？？？？？？ ,0,0,1,1553840040000
,木之本婴要砍树,:我电脑桌面是七个沙尘暴少年…然后我同事刚路过…看到我桌面指着面桑说…这人好老啊有四十岁了吧…四十岁了吧…四十岁了吧…………（dbq没忍住太好笑了,24,0,5,1553839620000
1580776643,战斗的小二郎,:沙漠里的沙尘暴 太刺激了 ,0,0,1,1553834940000
5263784780,煎蛋777,:沙尘暴在说，欢迎回到北方生活,0,0,0,1553832360000
5253694108,Ker鸶凡,:你不是怪人 是我怪 是我喜欢大起大落  平地也要起沙尘暴  才不懂什么涓涓细流 ,0,0,0,1553831040000
,喜楽_刚果姫一生応援,:沙尘暴天气搬家我好惨,0,0,0,1553830620000
2044896841,晴有晴天_,:命运就像沙尘暴，你无处逃遁。只有勇敢跨入其中，当你从沙尘暴中逃出，你已不是跨入时的你了。—— 村上春树《海边的卡夫卡》 ,0,0,0,1553826120000
1160339071,热心群众张大民,:我觉得我不是沙漠皮，我是沙尘暴皮。 ,0,1,1,1553823840000
2271575975,张亦辉--布朗运动,《你第一次发生性关系是在什么地方？回答如下》在一个比棺材大一点的出租房并补充我还见了血流血的她挺有经验2019-1-19 晚 ,0,0,0,1553823840000
3292074343,打破Break,:走在沙漠里的骆驼驼峰如同沙丘一样绵延长路漫漫其修远兮仙人掌和蜥蜴作风景沙尘暴淬炼我意志干旱会淬炼我身躯把沙漠熬成粥终其有所成“真是可笑呐，把沙漠熬成粥，谈何容易！”“正是因为不容易，才要去试一试！”“那我怕你在沙漠里，指不定哪天就看不到明天的太阳了！”“我不怕，只要心中有光，我终究可以！”“那祝你好运咯！”“站在你面前的这个少年，终其有所成，终其有所长，终其得至！”——文◎言午白吿,0,0,0,1553821800000
2862774965,海淀区万寿路健康教育,:一年四季都可能产生霾     一年四季都有可能产生霾，不只是在冬天。比如春季北方的沙尘暴、夏季的光化学反应、秋季秸秆焚烧等都会引起霾，冬季由于特殊的气候条件，更容易形成霾。 ,0,0,0,1553820300000
6725004129,墨镜每第娅,:【沙尘天气防御指南】1.做好防风防沙准备，及时关闭门窗；2.注意携带 ,0,0,0,1553820240000
2852842151,海淀区甘家口健康教育,:3、一年四季都可能产生霾     一年四季都有可能产生霾，不只是在冬天。比如春季北方的沙尘暴、夏季的光化学反应、秋季秸秆焚烧等都会引起霾，冬季由于特殊的气候条件，更容易形成霾。 ,0,1,0,1553819280000
5621301331,Mr_Virtual,:这三年的心灵沙尘暴一刻都没停过 ,1,0,0,1553814240000
3864511345,从此再无国铁蓝,:从沙尘暴中逃出的你已不再是跨入沙尘暴时的你 ,2,1,0,1553813880000
6374971222,秋季充分邯郸,:我做不了的！偷天换日对黯然无光说。是春天来了，睡觉太小还是丢了你！睡觉太大还是遇见你；沙尘暴捣的乱、这可是宗大生意 ,0,0,0,1553812860000
6608474079,配角_zxh,:今天是怎么一回事：凌晨热死人……此刻又乌云密布；很可耐捏～小个子的MM完全可以当裙子穿！下午刮沙尘暴下大雨。轻松带出时尚达人范儿：7点多地震、复古英伦格子翻领衬衫；这个天气可以搭配件黄色的短款毛衣也很不错,0,0,0,1553799540000
6026483030,思域拥有强壮BH5I,:这不和我的恋爱一个症状嘛：心田寂寞导致干旱、地球怎么啦?心态失衡产生地震……相思难解频刮沙尘暴；痛苦煎熬爆发火山,0,0,0,1553795700000
2327303365,人生如浮云-,:睡前在智联上又是一顿猛投，我是疯了吧？？[丘比特]说风就是雨，不，下次我要沙尘暴,0,0,0,1553784540000
6567253533,18楼最靓鱼崽,:#陪宋亚轩中考倒计时# 命运就象沙尘暴，你无处逃遁。只有勇敢跨入其中，当你从沙尘暴中逃出，你已不是跨入时的你了。——村上春树@台风少年团-宋亚轩 ,0,0,0,1553778600000
5533906291,Sandglass_团子,:刮沙尘暴了，本来打算放弃的，一番思想斗争后还是决定要坚持，不能放任惰性蔓延 ,0,0,0,1553775300000
,大屁股小细腿精,:#本本951#    “哪里有在沙尘暴里面建起来的房子啊？” ,1,0,0,1553773440000
5829448812,消消停停玩微博,:我爱铁甲节目🍗我的极速代码，弹射，沙尘暴，……会不会去啊,0,0,4,1553770620000
7047809691,不次肥又又的梅梅酱,:这几天天空灰蒙蒙的，新闻公众号说是雾霾，天哪山清水秀的西双版纳居然也会有雾霾，前几天还刮起了沙尘暴，景洪气象台都发布了橙色预警重污染天气，昆明也雾蒙蒙，原因居然是周边国家春耕烧山，泰国和越南国家也搞这种烧山事情，雾霾啊真是一大祸患，空气安全是多么重要，就不能用点安全环保办法解决春耕问题，比如找个大容器全部剁碎了，发酵制沼气，或者砍下来的苞谷杆运走集中烧灰，再运回来做肥料，烧的时候控制烟气和污染那些，最重要的是化工厂毒烟气排放，在烟囱口安装降解设备，达到无污染才能排放。之前上班的橡胶加工厂废水气废渣就处理的不好，不过版纳这种小地方也没人管这些环保问题，那些洗胶废水乱排到河里，烤干胶乳燃烧的煤渣的废气就安个水幕除尘就排放了，也不管还有没有其他污染，废渣更是顺着水到处溜，都没人管，山高路远环保局来查取一瓶提前放好的自来水，吃一顿胶厂安排的接待餐高兴开车走喽，回去检测废水合格可以排放皆大欢喜。,0,0,0,1553769060000
6935547993,师妹湿胸shouchen,:从天而降的稀泥——1902 年4月11日，美国伊利诺伊州发生了一场沙尘暴，其规模之大几乎遍布美国东部地区的整片天空；当席卷泥沙的风暴经过纽约、新泽西州、康涅狄格州和宾夕法尼亚州时，与这里的雨云相遇导致稀泥从天而降，虽然历时仅短短几分钟，却引起广泛关注。 ,0,0,0,1553768940000
,-清伊-,:qnm 刚才四点一阵妖风，周围的垃圾灰尘都起飞了，我还以为沙尘暴来了，整个办公室都是灰！！打扫卫生扫到死！ ,0,0,0,1553767620000
6694041241,11SEP31DEC,:沙尘暴怎么还没来?过了张家口了吧,1,0,0,1553766240000
5397083881,为啥猫都叫不来,:刚沐浴了我崽时尚圈的春风看了一眼王俊凯的新图，仿佛一阵沙尘暴刮过，谁能不拍下二斤土。 ,621,213,130,1553764020000
1948351992,深圳好得意,:横卧于汽车车厢的统座；这款车身被喷涂成标志性沙尘暴色的StaffCar！户外概念车…… ,2,0,0,1553763240000
6450367173,快兰斯24小时财经直播2,:实时播报：【殷承良：全国无人驾驶智能汽车评比上仅一家在自动泊车上达标】上海交通大学汽车工程院副院长殷承良在博鳌论坛上表示，无人驾驶目前不会那么快落地，因为在技术上主流厂家都使用传感器，但是在强光和沙尘暴天气下，此项技术有缺陷。近日，在北京举办了首届全国无人驾驶智能汽车系列测试，国内国外的17台车现场进行了评比，仅小鹏汽车在自动泊车上完成了所有的评比。,1,0,0,1553762880000
3801987385,玫瑰园之2013,:“命运就像沙尘暴，你无处逃遁。只有勇敢跨入其中，当你从沙尘暴中逃出，你已不是跨入时的你了。”——村上春树《海边的卡夫卡》 ,0,0,0,1553762100000
6998488839,mxj同学,:邯郸的春天：气温不定忽冷忽热，沙尘暴，特别干！ ,0,0,4,1553760960000
2817639795,福琪AA,:寒风突然吹起沙尘暴的洗礼看惯花开花落心中无愁无喜 ,0,0,0,1553759640000
1358552800,钢做的花朵,:春天对沙尘暴过敏还是花粉过敏 流鼻涕 打喷嚏 真想去海滨城市度个假 ,0,0,0,1553758140000
5186457031,淡淡的女子and浅浅的笑,:“命运就像沙尘暴，你无处逃遁。只有勇敢跨入其中，当你从沙尘暴中逃出，你已不是跨入时的你了。” ,0,0,0,1553757660000
6973721136,GraceBeautyAliceScarlettElsa,:“在禅定中，体验到脱胎换骨，天翻地覆的改变。首先是思维、意识的整体脱落，身心内在光明无限，这种极尽灿烂耀眼的光明，是人类的眼睛无法承受的明亮，如果要对比，那么人间太阳绽放的光芒，在内在绽放的光明中，犹如在沙尘暴中，萤火虫般的微弱。三界内神灵、天帝，所绽放的身光，比起太阳光要强烈广大，可是在此纯明无限的光明中，他们的身光犹如湖水中荡漾的涟漪，虚幻而迷茫，黯淡消沉。在禅定中，身体由内而外，由心灵深处绽放出光明体，光明纯澈无杂，熄灭了心灵极深处，极尽细腻妄想的波动，觉受、体验纯然脱落；我们人类所认知的，由无限银河系，构成更加广袤的宇宙体系，在这没有边际没有核心，虚空般朗朗寂寂的无限清澈中，人类认知的无限宇宙，犹如漫天飞舞的雪花中，其中一片雪花上沾染的一丝尘埃。而充满虚空的，每一片飞舞虚空的雪花内，充满无限无量无际宇宙世界，任何一世界中，无始劫过去，以及无限深远未来，每一刹那中，无量无边众生，生死轮回，因缘沉浮，以及众生身心内，起心动念，每一个念头觉知，如亲眼目睹，历历在目，无所遗漏。无边时空世界，尽在圆满光明中，清澈呈现，明晰中无有核心，明本来无有边际，过去未来只在当下，刹那即是亘古未来；无限深远苍穹宇宙与咫尺微尘世界，同时显现，觉醒熄灭了远近距离，疑惑分辨熄灭，觉性无挂无过去与未来，纯明平等了远近、大小之差异，一微尘中含藏十法界，无量世界国土，任一国土中，微尘中圆满呈现十法界浩瀚苍茫。芥子纳须弥，须弥藏芥子，性空无碍，空中无色。祂是一种明性，光明只是祂的表达，祂随光芒所现，光明细腻的波动相续呈现光芒，光芒却无法带动祂，祂随光明显现，光明却掩盖了祂，光芒是祂的动作，光明是祂的疑惑；类似于人类 的思维，我们通过思维表达自我的存在，可是，脱离了思维，意识依旧存在，类似于人类的情感，我们通过感受，表达生命的体验，可是体验熄灭，感受消散，能感受的心灵并未失去。明性随光芒现，光芒熄灭，明性无生，无生即无灭，无生无灭，即无来无去，是名空性；性空即无挂，无挂则无碍，无碍即周遍，周遍即随顺，随顺无染，则疑惑尽灭，是觉性朗照；分别熄灭则觉性显，觉显则疑惑消，疑惑熄灭，则心识脱落，身心熄灭，则明性无杂；觉性即空，空性本明，明性为觉，觉明空一体同性，性自如如，无生圆满。光芒波动摇曳，明暗生灭无法触及祂，光芒熄灭，黑暗中祂依旧明晰，纯澈未曾改变；祂是光明的性质，明性即法性，法性随空性境界，而绽放明性纯度，而祂不随明性纯度增加或减少，不随空性境界降低或增长，不随法性细腻生灭而变易生死，祂是法中王，诸幻熄灭，非幻不动；祂是过去与未来的起始与终点，祂是随顺一切，却不被一切改变的本来，祂是周遍所有，充满一切，于一切之中，未曾生灭来去、未曾改变的自在。祂是诸佛法身，是如来第一义，是诸法实相；十方如来，宇宙苍穹，微尘世界，尽是祂所化现；祂随顺空性所现世界，世界国土呈现祂的错觉；祂随顺明性所现诸法，缘起性空，生灭性寂，就是祂的圆满；祂随顺觉性所现众生，众生见诸相非相，离幻即觉，非幻不动，就是祂周遍自在。祂是过去未来一切佛，十方三世一切如来皆是祂所化现，世界微尘，国土众生，皆依因缘聚合，所现祂慈悲普度；因缘熄灭，慈悲中本无众生与如来；诸幻熄灭，觉醒中本无生灭来去，本无过去与未来。祂是宇宙的生命，宇宙倒映着祂。无尽法界，苍茫宇宙，起始与终结，仅仅是祂一瞥所现。纯澈无杂即祂庄严无限，明晰离幻是祂周遍随顺；祂比清醒还清醒，因为祂脱落了对清醒的分辨，自在圆满；祂比极乐还极乐，因为祂脱落了觉受的镣铐，庄严妙乐；祂比无限还无限，犹如眼光见苍穹，却不挂一粒微尘，圆明十方；祂比明晰还明晰，因为明晰中，无生即祂不动，普照十方三世；祂比纯澈还纯澈，因为觉知中，心离分别是祂自在如来。实相中没有道理，身心烦恼中，无挂烦恼的明性，熄灭了过去与未来，熄灭了自我与众生，熄灭了天堂与地狱，熄灭了六道轮回，熄灭了生死之疑惑，不受烦恼解释的心，熄灭了解释心灵的烦恼，如蜂蜜中充满了花香，甜美的妙乐浸润身心烦恼，烦恼融化于安详喜悦，清醒纯澈中，心灵在极乐明晰中熄灭，明晰熄灭了自我与世界，远离颠倒梦想，脱落恐惧疑惑，如如不动是大乐。祂是无路之国，十法界通往祂的道路，皆为错觉分别，错觉熄灭的当下，脱落分别取舍，无挂过去未来的，就是祂的实相；三界内，众生无明心中，纯净无我的信仰，在描述祂的身影，在生死轮回中，依见闻觉知，众生呈现祂的疑惑；法界中，烦恼熄灭的过程，呈现普照十方祂之妙觉。祂是烦恼，烦恼挂不住的觉醒，当下即祂无所不在；祂是众生，众生觉醒了自性，就与祂同体；祂是三界，烦恼性空的本来，是祂于生死中涅槃随顺；祂是法界，法界圆满的庄严，是祂一念迷失，因迷失而现十法界，宇宙倒映着祂，祂在倒影中如如不动；我们都是祂，迷失在倒影中对本来的寻找。”,1,0,0,1553755320000
1964257321,荼靡花茶茶,:沙尘暴,0,0,0,1553754600000
6158338377,山吹桜在,:北京的这个辣鸡气候什么时候能消停一点…又是雾霾又是沙尘暴还again倒春寒有毒吧 ,3,0,2,1553747700000
6863310740,安静的丶钝哥,:#tm0384#  青黄色的沙尘暴云之中那台高冲下的黑色机甲腰间银白色地流线附装飞翼已然展开黑色的机 ,0,0,0,1553747220000
5655023612,nobodywillloveu,《你第一次发生性关系是在什么地方？回答如下》在一个比棺材大一点的出租房并补充我还见了血流血的她挺有经验2019-1-19 晚 ,0,0,0,1553746740000
5655023612,nobodywillloveu,《你第一次发生性关系是在什么地方？回答如下》在一个比棺材大一点的出租房并补充我还见了血流血的她挺有经验2019-1-19 晚 ,0,0,0,1553746740000
1775020381,十月的迷迭香,:命运就像沙尘暴，你无处逃遁。只有勇敢跨入其中，当你从沙尘暴中逃出，你已不是跨入时的你了。 ,0,0,0,1553742000000
1948168437,柳清风说股论经_472,:#女人天生就比男人弱吗# 沙先生喜得一千金，希望女儿长大有出息。于是为女儿取名为“沙龙”。妻子说：“男孩才成龙，女孩成凤凰。”沙先生说：“那就叫沙凰吧！”妻子说：“女儿去俄罗斯当沙皇？我看还是取一个霸气一点的名字。”邻居听到了，邻居说：“干脆叫沙尘暴，十分迷人。” ,0,0,0,1553740680000
5327183288,盐砖铁板烧,《你第一次发生性关系是在什么地方？回答如下》在一个比棺材大一点的出租房并补充我还见了血流血的她挺有经验2019-1-19 晚 ,0,0,5,1553737260000
1624794400,一颗奶油草莓泡芙,:城里真的是地势低 从丰台那边姥姥家回来一路天越来越发黄 感情昨天晚上的沙尘暴都搁这了 ,0,0,0,1553735700000
2760681577,瓷西心碧,:沙尘暴，过敏脸肿，体重告急 ，姨妈不来疑似怀孕~小丧,0,0,6,1553735220000
6639728063,丹心_86373,:微博时光：这座川中小城，冬季似乎特别短，一年里气温在零度以下的日子屈指可数，即便在零度以下，感觉也是比较温和的。据报今天气温将飙升至25度，这使我回想起我们曾工作的那座高原古城，供暖期从10月中旬到来年的4月15日，冬天特别漫长，凛冽的西北风，肆虐的沙尘暴，滴水成冰，严寒刺骨，风吹草低见牛羊的地域风情。。。与此相比真乃天壤之别。,0,0,0,1553734140000
5154302910,不够刘晨,:要是不刮西北风，早就饿死了。偶尔刮沙尘暴都算加餐了。 ,0,0,0,1553733180000
1689353853,辛佳霖全球后援会,:早安，阴，沙尘暴？下雨？下雪？ ,0,0,0,1553731860000
1742490212,赵Renee同学,:回北京之后发现变化还是很大的，华熙Live现在的感觉特别好，这几天出去走走逛逛温度也特别宜人，那小风儿吹得真是在苏格兰完全感觉不到的。然而，明天我就要走了，今天刮起了类似沙尘暴。,0,0,2,1553729940000
2423359961,梓甯祝,《你第一次发生性关系是在什么地方？回答如下》在一个比棺材大一点的出租房并补充我还见了血流血的她挺有经验2019-1-19 晚 ,0,1,1,1553728680000
1320209371,为了梦想干杯,:沙尘暴，降温，PM10。这两天的关键字~昨天下班早，但是连续两天高强度工作，六点到家就睡了，迷迷糊糊家里人叫吃饭，吃饭聊天不知怎的提了个话题，聊的差不多一抬头十一点多了……聊了三年内的搬家问题，聊了未来的一些事情，聊了以前的一些从未提及的事情，一家人很久没这么敞开心扉聊天了，聊开心了，也喝的有点多……虽然是会有一些些的不如意，但是总体全家的生活是越来越好了ヽ(*´∀´*)ﾉ ～♪我相信未来也会越来越好哒～早安@朱一龙 找出棉马甲出来穿上了，对自己好一点～,0,0,0,1553725320000
6670157450,走爸少校姣1240,:【沙尘天气防御指南】1.做好防风防 ,0,0,0,1553709780000
6372979387,一天吃五顿的吴吴吴,《你第一次发生性关系是在什么地方？回答如下》在一个比棺材大一点的出租房并补充我还见了血流血的她挺有经验2019-1-19 晚 ,0,0,0,1553707080000
2941294615,小呆爱一点点,:啊 人间世十集都结束了喜欢最后一集里说的那句话[他们还是很喜欢你，像风走了八千里，不问归期。]看到结尾才想起来，最后一集的编导大概是受了《海边的卡夫卡》的影响，所以起名为《暴风雪》，因为书中有段话是，“命运就像沙尘暴，你无处遁逃。只有勇敢跨入其中当你从沙尘暴中逃出，你已经不是跨入是的你了”，当然，上海没有沙尘暴，有的只是一些家庭不完整的春节和18年那场突如其来的暴风雪。（丢了一袋纸的眼泪）。,0,0,0,1553706600000
,自杀节奏,《你第一次发生性关系是在什么地方？回答如下》在一个比棺材大一点的出租房并补充我还见了血流血的她挺有经验2019-1-19 晚 ,19,24,0,1553706300000
6629082946,新的一年了该换一个什么名字呢,:#今天QQ糖干了什么# 今天是极其充实的一tia,0,0,0,1553702340000
6499771117,橙色violinist,:一定是因为房山今日的沙尘暴掀起了漫天的黄沙石子进了眼脑子才会一样搅起了风暴 ,0,0,2,1553701920000
2054293451,愿景板,:平安，这么大的风，北京沙尘暴了，你冷不冷？你已经走了，姐姐还是无法接受这个事实，姐姐还是总能想到抱着你的大脑袋，给你揉耳朵时你舒服的一动不动的样子，低着头蹭着姐姐的腿，平安，公园的花开了，姐姐还想带你去看呢。平安，姐姐总能看到你走在往生路上的样子，不要回头，勇敢的向前走吧平安，姐姐目送你走向幸福，想你。,0,0,0,1553700120000
,戒糖1102,:闻到了宁夏春天的味道，是的，沙尘暴要来了。,0,0,1,1553698020000
,苏璟_懒癌晚期,突然刮沙尘暴，大家生活中车飘了千万稳住方向，不然就像我，家住在黄土高坡(第一次飞出去... 微博视频 ,1,0,0,1553696460000
5661031932,陈九十八,:我坐在风暴中心，四周却一片死静，这时，寂寞的感觉，像沙尘暴的漫天黑尘，以鬼魅的流动速度，细微地渗透地包围过来。 ,2,0,0,1553696280000
5782796117,默默存在666,:明天好像有沙尘暴，天气有点恶劣 ,0,0,0,1553695800000
6037547142,大妹芊工作室,:今天北京沙尘暴了一会儿，屋顶上的灰全被扬下来，杨絮乱飞，沙子进眼睛。明天开始持续降温，目前只观测了周日，还是很冷。 ,0,0,0,1553694720000
2488374715,青苔的苔,跟风做一个琦玉老师的训练，为期一周我头发这么多，不会秃也能变强 ,1,0,0,1553688240000
5528907226,烟囱的猫iiia,:命运就像沙尘暴，你无处逃遁。只有勇敢跨入其中，当你从沙尘暴中逃出，你已不是跨入时的你了。                 --村上春树《海边的卡夫卡》  ,0,0,0,1553688180000
,蕾不死先森,:听天气预报，太原，沙尘暴转多云,0,0,0,1553688060000
1653179794,河南按察司佥事,:听天气预报，忽然冒出一句，兰州沙尘暴。 ,0,0,2,1553688060000
1747332532,翼穆枫,:差点没被沙尘暴吹飞了 ,0,0,0,1553687880000
2030025303,匆匆那年诗-,:中午天超好，现在好像刮起了沙尘暴,0,0,0,1553685240000
6249482886,枕中猫21,:沙尘暴……,0,0,0,1553684340000
,猪肉处理,:沙尘暴？ ,0,0,1,1553684160000
2650939713,嫒呀哎,:感冒头疼，借着沙尘暴昏睡一下午.做梦做到神智不清.希望明天能够好. ,0,0,0,1553683200000
6440009962,NomelTae,:day2⃣️2⃣️抽血来学校回猫课搞科研的一天看到了沙尘暴☁️ ,0,0,0,1553682600000
1919521777,Derindodid,:北京的春天就是不值得信任一瞬间居然有种小时候黄昏起沙尘暴的感觉 ,0,0,0,1553681580000
1730811372,秋暮雨哄自己玩儿,:刮沙尘暴…… ,0,0,0,1553681520000
2714365373,大睡呼呼,:牛bility的沙尘暴又来了,0,0,0,1553681460000
2883850544,恕仁容,:沙尘 （自然现象） ——沙尘暴指强风将地面大量尘沙卷入空中使空气特别浑浊，水平能见度低于1千米的天气现象。沙尘暴形成需具备地面上的沙尘物质、大风和不稳定的空气状态等条件。沙尘暴可造成房屋倒塌、交通供电受阻或中断、火灾、人畜伤亡等，并污染自然环境，破坏作物生长。 ,0,0,0,1553681400000
5227856543,浓眉大眼大胡子,:2019年3月27日  沙尘暴一个人当三个人用的日子有一些心力憔悴我相信我能挺过去小兄弟在手术 对的他的关心不能少加油吧 明天的工作还要继续呢！,1,0,2,1553680980000
5249599887,Oceansplease,:坐公交，看马路边开了好多花，却觉得春天与我无关。一些从前自以为是的宝藏，现在好像都不值一提了。傍晚突然刮起大风，尘土和垃圾飘扬在空中，天空变成雾蒙蒙的黄色。一个妈妈给孩子解释沙尘暴是什么，人们被吹得东倒西歪不知所措。我在心里恶狠狠地想，别想着过春天就可以有好心情。春天也不让你好过。,1,0,2,1553680920000
,figgtree,:今晚轮到刮沙尘暴忘记带口罩的人喝酒。 ,0,0,0,1553679840000
6129194316,爱吃大橙子的杨小叶,:感觉北京的沙尘暴要来了,0,0,2,1553679780000
6723500460,小太阳会发光的哟,:北京的空气真的让人不敢恭维，这是要来沙尘暴吗,0,0,0,1553679780000
3606862995,深虹深蓝,:刚才……是沙尘暴了吗,1,0,0,1553679720000
3962837727,豹豹宝宝要抱抱10,:外面这个疑似沙尘暴的天气，让铁板钉钉要加班的我，感到一丝不妙…… ,1,0,0,1553679540000
,大三垚,:北京沙尘暴了吧，这气息我要醉了 ,0,0,0,1553678400000
3759422177,高山流水qhs,:沙尘。早些年，一到春天，扬沙天气多，天浑地暗，出门，睁不开眼，满嘴土。这些年，沙尘暴少了，换成了Pm2.5。相比，还是更待见沙尘暴,0,0,0,1553678340000
6601643847,知之何时,:一阵风吹来，气温降了好几度，沙尘暴来了，冷空气来了。 ,0,0,0,1553678220000
6570012423,zqy矫情的微博小世界,:#zqy减肥的故事# 今日跑步计划夭折于刚刚一阵突如其来的沙尘暴,0,0,0,1553678220000
3195590602,慕羽萱暄暄,:突如其来的沙尘暴 ,0,0,0,1553678100000
6493089335,欧欧欧欧欧阿里嘎多,:北京沙尘暴 ,0,0,0,1553677860000
,竹那个天天天,:一股妖风跟扑满脸的沙子，让我以为是太子回京的前奏，沙尘暴要来了吧,1,0,0,1553677740000
6777404513,跐6435,:[带着微博去旅行]　　进入沙尘暴区域之后熊爪立刻就对自己的外形做了调整，因为是完美寄生，所以他可以任意调节自己的外形，最终这家伙给自己弄了个有点像乌龟的造型。四条小短腿配上一个巨大的背甲，这样的造型倒是非常适合这个地方的环境。腿短意味着贴地，这样风阻就小，而背上的那个大锅盖一样的东西则是起到了抵抗沙砾打磨的作用。不过，即便是变成这种形态也不是说就绝对安全了。    闻言，萧炎也是扯回心神，瞥了一眼紫研，无奈地道：“大长老让带上，说可能会在中州解开她本体的一些秘密……”,0,0,0,1553677680000
7008950701,一心向善本自在,:#观世音菩萨[超话]#     人造因，天造祸。只要人在造不同的因，天就造不 同的祸，大家想一想是不是这样？很多地方把树木都砍 光了，风沙、沙尘暴一来，整个村庄的人全部都要遭殃。 很多人不停地往天上射导弹，往大海做试验，自然灾害 就来了，地震、海啸都会来，这就是人造的因，天造的 祸。bhf第 ,0,0,0,1553677320000
,lilylife_新生活,:此刻这沙尘暴天气，呼呼大风有六七级，天昏地暗漫天飞沙，说的就是北京的春天吧。 ,0,0,0,1553677140000
2686119153,可我就想流浪,:2019年3月27日星期三，沙尘暴。在他家分的手，提刀划破了自己，满手的血，印记。 ,0,0,0,1553677140000
1951639015,骜粟,:天了噜，是沙尘暴吗 ,0,0,2,1553676660000
,毕加索去哪了,:沙尘暴啊这是 ,0,0,3,1553676120000
2183164351,大头小菜去养猪,:今天有沙尘暴吗 ,0,0,0,1553675940000
2128389613,草满囤,:某种情况下，命运这东西类似不断改变前进方向的局部沙尘暴。——海边 ,0,0,0,1553674500000
2265903527,我叫李逃逃0605,:想把日子过成诗，没想到过成了沙尘暴 ,0,0,0,1553670660000
6328805859,中国绿色时报,:【国家林草局通报上年度沙尘天气信息报送情况】通报显示，我国北方12个省级林业和草原主管部门、39个沙尘暴灾害地面监测站、近600名信息员认真采集、及时报送沙尘天气和灾害信息，为应急处置工作发挥了重要作用。15个荒漠化和沙化定位监测站对典型沙化地区气候、植被、地下水等进行连续调查、分析，为2019年春季北方地区沙尘天气趋势联合会商提供了科学依据。,2,1,0,1553670660000
3517765867,迷了个谜鹿,:一年一度沙尘暴天气来临风是挺大的但也不能飘啊 ,1,0,3,1553667180000
3135394162,小宇不在这里,:坚强且快乐的你冲破泥石，冲破腐叶，冲破残网那些制造丁达尔效应的灰尘逐渐追不上你更别说是沙尘暴和风雪你飞驰着就如打水漂比赛胜利者手中的那片碎石你超乎大家的想象，甩下一个又一个，远走高飞路边的树还是笑了“最后不还是要沉下去么”可越遥远的地方，越接近海洋。你出发前对隔壁的兄弟说过，要去远方。#今日份酷仔#,1,0,0,1553662080000
1601153127,海之恋0307,:每年春天不刮几次沙尘暴，叶子就发不了芽，是不？,0,0,0,1553659200000
3055634701,不一样的小张同学,:树叶在跳舞，还是有沙尘暴，好热呀今天，我睡得很好。 ,0,0,0,1553658000000
5041731650,我不过是星星之火,:听说下个月沙尘暴之后会下一场雪这个城市建筑街道都给我似曾相识的感觉其实我不喜欢太过熟悉的人和事物会下意识的抗拒,0,0,0,1553654940000
1942482241,孙悟空五千万,:沙尘暴沙尘暴 ,0,0,0,1553653920000
5760966593,与丰与煦,:居然起了很多年未见的沙尘暴，蹦出来一句天地玄黄，宇宙洪荒,0,0,0,1553652360000
5418867806,冉冉洛以南,:“命运就像沙尘暴，你无处逃遁。只有勇敢跨入其中，当你从沙尘暴中逃出，你已不是跨入时的你了。”——村上春树《海边的卡夫卡》 ,0,0,0,1553650020000
2042559013,小猪快跑吖,:#韩庚[超话]#沙尘暴？雾霾？我擦，鼻子眼睛都难受 ,1,0,0,1553647140000
1810654114,22222ccc,:每年3月27.28号注定沙尘暴吗,0,0,0,1553645400000
6333004446,用户6333004446,:这个天是沙尘暴吗为什么这么黄其实挺希望沙尘暴的是没有人员伤亡但可以放假的沙尘暴（小声bb地铁站下来到单位的这段路真是日新月异砌墙 挖掘 铺路 都好有趣哦…反正看起来都比我上班有趣（小声bb ,0,0,1,1553621700000
,扣鼻屎的bear,:当沙尘暴偃旗息鼓之时，你恐怕还不能完全明白自己是如何从中穿过而得以逃生的，甚至它是否已经远去你大概都无从判断。不过有一点清楚的，从沙尘暴中逃出的你已不再是跨入沙尘暴时的你。是的，这就是所谓沙尘暴的意义。 ,0,0,0,1553620860000
6854575298,中意人寿佼儿,:#仙家军的家[超话]#仙家军，都聪明点骡子刚才都说漏了，他们就是挨个找人PK让仙家军去带节奏然后让全网都孤立仙家，这点咱们都看不出来嘛？都老实点，在一个他们去PK带节奏的也不一定就是仙家军！都长长心吧！都把仙家马甲下了吧，这时候风大别给自己家在引来一场沙尘暴！咱们要学会见招拆招不是他们放招咱们接招了！这招接的容易给咱们自己接进去！,69,0,24,1553616840000
6321254263,荡曾云,:我个人喜欢男的感觉就是自己是个天体 宇宙里面路过一颗质量远大于自身的天体开始绕它转悠被它引力吸引 然后转晕了想跑了 自个儿蹦个屁超过第二宇宙速度就脱离引力轨道自己又玩自己的去了或者像走着走着突然挂起沙尘暴 突然冷不丁一个垃圾塑料袋糊脸上去了 然后手忙脚乱想扯下来 风还大 最后好不容易忙里啰嗦整下来了 呼吸一口新鲜空气 真好。,0,0,0,1553615940000
6725076134,黄避塵的蓝忘機,:扬沙天气，西北的春天特色，就是扬沙，沙尘暴，或者下雪，清明快到了，又该带上孩子们去给爷爷扫墓了，真的应该建议民政局，为全国各省市参加抗美援朝牺牲烈士就地建立烈士陵园，总不能全部千里迢迢跑去丹东和朝鲜开城祭扫，没有找到遗体或没有回国的烈士，全部立碑刻上名字做一面英烈墙，亲人就近祭扫，哪怕只看看亲人的名字，也已是最大的慰籍，同城百姓也不会忘记《最可爱的人》，有很多学生都不知道抗美援朝是什么……,0,0,0,1553615400000
5086488569,Tuesmonfeu,:忽然想到，沙漠五子如果成团的话，粉丝叫仙人掌，粉圈叫撒哈拉，舞台叫沙尘暴，黑粉叫沙雕，大家一起走丝绸之路,7,2,10,1553615100000
3036028621,天地xx,:沙尘暴的季节,0,0,0,1553612700000
1750074741,TMD是你不对,:就如同梦里遮天蔽日的沙尘暴一般让我无法呼吸 ,0,0,0,1553605260000
5179775656,未限定飛行,:@ 青所有站姐，春天到了，花都开了，树也绿了，训练生都穿上了粉红嫩黄的训练服，麻烦你们修图修的清新一点好吗?那些黄不拉几仿佛沙尘暴漫天的滤镜是闹哪样?我看见一个取关一个 ,0,0,2,1553604660000
6734739081,罗伯特中孩颖010,:【沙尘天气防御指南】1.做好防风防沙准备，及时关闭门窗；2.注意携带口罩，纱巾等防尘用品，以免 ,0,0,0,1553601600000
5382614501,江南情结RY,:一回家，看到屋里的景象，简直惊呆了，厚厚的一层土，今天屋里发沙尘暴了吗！,0,0,0,1553600100000
1244997183,反正你都那么迟钝,:这天是沙尘暴的意思吗？不是说吹面不寒杨柳风吗？ ,0,0,0,1553595180000
5328770029,金塔县融媒体中心,:金塔县气象局2019年3月26日17时16分发布沙尘暴黄色预警信号：预计未来12小时，我县北部部分乡镇将出现能见度小于1000米的沙尘暴天气，请注意防范。 ,0,0,0,1553593560000
5092902566,巴森兔009,:好想吐槽这边的天气。吐槽这边的沙尘暴。大风 黄沙漫天真恶劣。耳朵上一摸都是土😒😒。萌生了要离开可怕想法。好像没啥值得让我留恋的。我还很年轻。如果有翻身的机会。一定要用尽全力。,2,0,6,1553593080000
6934753041,tchloeclover21,:命运就像沙尘暴，你无处逃遁。只有勇敢跨入其中，当你从沙尘暴中逃出，你已不是跨入时的你了。——村上春树《海边的卡夫卡》 ,0,0,0,1553590740000
6504623743,我想在河边,:人的崩溃是无声的内心沙尘暴卷走了一座又一座城市残垣断壁又被海啸冲刷心碎成沙子就算捡起来都无法拼凑溺水以后又被鲨鱼吞掉等了三夜都没有等到天明无人生还，这种程度说出来却是没什么啊，怎么了？ ,0,0,0,1553588100000
5340898801,你庞美丽姐,:又是沙尘暴！上学好不容易逃离了四年现在又要面对春季沙尘暴！啊啊啊啊啊啊啊啊！！！ ,1,0,0,1553585400000
6021222715,青火未罄眠,:心田寂寞导致干旱，相思难解频刮沙尘暴！痛苦煎熬爆发火山！蚊子乙赞同地说：“对头！”！地球怎么啦?心态失衡产生地震……偶尔吃醋来点酸雨,0,0,0,1553584500000
2611745567,肃州公安,:【甘肃预警发布中心】【预警】酒泉市气象台2019年03月26日11时35分发布大风蓝色预警信号：预计未来24小时，瓜州县、玉门市、金塔县和肃州区将出现5-6级大风，阵风7-8级，伴有扬沙，局地有沙尘暴，请注意防范。 ,0,1,0,1553583720000
1732104227,减速小丸子,:沙尘暴要来啦,0,0,2,1553583540000
5955387488,是阿圆阿,🏜️@青春有你-谷蓝帝  微博视频 你是风儿我是沙 ,0,0,0,1553583540000
1818335203,努力绵绵不觉晓,:想在雨季的时候去南方，阴雨绵绵好久好久，偶尔放晴，干净清新，完全能体会到生命的复苏。不像北方，尤其春天，沙尘暴，并且死气沉沉，路边新开的桃花都没有了味道。 ,0,0,2,1553582400000
,瓜州交警,:【甘肃预警发布中心】【预警】酒泉市气象台2019年03月26日11时35分发布大风蓝色预警信号：预计未来24小时，瓜州县、玉门市、金塔县和肃州区将出现5-6级大风，阵风7-8级，伴有扬沙，局地有沙尘暴，请注意防范。 ,0,0,0,1553582100000
,渊泉高速公路大队,:【甘肃预警发布中心】【预警】酒泉市气象台2019年03月26日11时35分发布大风蓝色预警信号：预计未来24小时，瓜州县、玉门市、金塔县和肃州区将出现5-6级大风，阵风7-8级，伴有扬沙，局地有沙尘暴，请注意防范。 ,0,0,0,1553580480000
5303840378,断腿老猹,🏜️@青春有你-谷蓝帝  微博视频 你是风儿我是沙 ,0,0,0,1553577960000
5431538228,i木木头,:#摘抄# 某种情况下，命运这东西类似不断改变前进方向的局部沙尘暴。你变换脚步力图避开它，不料沙尘暴就像配合你似的同样变换脚步。你再次变换脚步，沙尘暴也变换脚步——如此无数次周而复始，恰如黎明前同死神一起跳的不吉利的舞。这是因为，沙尘暴不是来自远处什么地方的两不相关的什么。就是说，那家伙是你本身，是你本身中的什么。所以你能做的，不外乎乖乖地径直跨入那片沙尘暴之中，紧紧捂住眼睛耳朵以免沙尘进入，一步一步从中穿过。那里面大概没有太阳，没有月亮，没有方向，有时甚至没有时间，惟有碎骨一样细细白白的沙尘在高空盘旋——就想像那样的沙尘暴。——村上春树《海边的卡夫卡》,0,0,0,1553577840000
6902691188,给我留个男的,cnm爱奇艺 让人间初雪去沙漠 你要南水北调吗（？） ,0,0,0,1553577540000
3482118584,沙湾定食,🏜️@青春有你-谷蓝帝  微博视频 你是风儿我是沙 ,0,0,0,1553576280000
5996061349,·無糖雪梨·,:人间沙尘暴,0,0,0,1553576040000
6873584927,徐阿慢,🏜️@青春有你-谷蓝帝  微博视频 你是风儿我是沙 ,0,0,0,1553575920000
6962971246,不實戀情報道,🏜️@青春有你-谷蓝帝  微博视频 你是风儿我是沙 ,0,1,0,1553575920000
5996061349,·無糖雪梨·,🏜️@青春有你-谷蓝帝  微博视频 你是风儿我是沙 ,0,0,0,1553575860000
3181774001,划花世界,🏜️@青春有你-谷蓝帝  微博视频 你是风儿我是沙 ,0,0,0,1553575800000
3341330040,铃木园叽,🏜️@青春有你-谷蓝帝  微博视频 你是风儿我是沙 ,0,0,0,1553575620000
6719606600,跳墙达人,🏜️@青春有你-谷蓝帝  微博视频 你是风儿我是沙 ,2,9,0,1553575560000
1848574332,skyblue_wd,:“命运就像沙尘暴，你无处逃遁。只有勇敢跨入其中，当你从沙尘暴中逃出，你已不是跨入时的你了。”——村上春树《海边的卡夫卡》 ,0,0,0,1553575440000
6303182466,得宠死角削皮I,:而后停水停电。下午刮沙尘暴下大雨！7点多地震：凌晨热死人……此刻又乌云密布…… ,1,0,0,1553573160000
6049812476,孙宝宝mnt,:偶尔吃醋来点酸雨、相思难解频刮沙尘暴、地球怎么啦?心态失衡产生地震！这不和我的恋爱一个症状嘛。痛苦煎熬爆发火山，你这是在侮辱你自己还是怎样，心田寂寞导致干旱；有点不懂 ,0,0,0,1553567340000
2822648265,欧洲城时尚_丁玉燕,:“命运就像沙尘暴，你无处逃遁。只有勇敢跨入其中，当你从沙尘暴中逃出，你已不是跨入时的你了。”——村上春树《海边的卡夫卡》 ,0,0,0,1553566980000
5348317349,我为什么不是帅哥,:我真特么气死了，出场景boss的时候给我卡这了，也不知道是个什么鬼bug，我特么也不是在石头缝里，结果奖励也没摸到，沙尘暴还来了，老子到现在动都动不了，推了游戏几次都没用，我真是气死了@网易明日之后 给我出来挨打，赔我场景boss奖励，耽误我时间，我特么现在怎么办你说,1,0,0,1553566920000
2822648265,欧洲城时尚_丁玉燕,:“命运就像沙尘暴，你无处逃遁。只有勇敢跨入其中，当你从沙尘暴中逃出，你已不是跨入时的你了。”——村上春树《海边的卡夫卡》 ,0,0,0,1553566800000
3490987470,烟0517,:“命运就像沙尘暴，你无处逃遁。只有勇敢跨入其中，当你从沙尘暴中逃出，你已不是跨入时的你了。”——村上春树《海边的卡夫卡》 ,0,0,0,1553560800000
2268282742,新疆气象,:三天天气预报    今天白天到夜间，哈密市北部的部分区域有微到小雨或雪，东疆风口阵风8级左右；巴州南部的部分区域有4～5级偏西风，局地伴有扬沙或沙尘暴。全疆其它地区晴有时多云，风力不大。 27日白天到夜间，巴州南部的部分区域有4～5级偏西风，局地伴有扬沙或沙尘暴。全疆其它地区晴有时多云，风力不大。 28日白天到夜间，伊犁州的部分区域有微到小雨或雨夹雪。全疆其它地区晴有时多云，风力不大。 重点提示： 全疆大部地区气温持续上升，发生浅山区融雪洪水及地质灾害、山区雪崩的可能性较大；昼融夜冻易造成城市建筑物、路桥高空坠冰，请注意防范。,1,0,0,1553557980000
6367171149,学渣c18,:此刻又乌云密布、凌晨热死人，而后停水停电。下午刮沙尘暴下大雨；今天是怎么一回事：7点多地震 ,0,0,0,1553539680000
3769036200,李医生你好,:我自己和我自己面对面的时候，我看见一个洞，挡住了脸孔，听见沙尘暴的声音，想起世上还有一个你，觉得风穿过我吹向了你，带着我的混乱不清，决绝地奔向你，想起你，我空空如也，空空如也 ,0,0,0,1553532480000
3263800851,Darren-DDDD,:睡前在智联上又是一顿猛投，我是疯了吧？？[丘比特]说风就是雨，不，下次我要沙尘暴,0,0,0,1553527440000
2530026563,凡啊烦啊凡,:D-74差点忘记打卡了无训练（刮沙尘暴,0,0,3,1553524380000
,run_angle,:等月底出差回来我还是得去配个墨镜。。。现在这个夜晚开车用墨镜白天效果不好，而且怎么看都觉得北京是沙尘暴天,0,0,0,1553522280000
6641893464,本年老师华,:【沙尘天气防御指南】1.做好防风防沙准备，及时关闭门窗；2.注意携带口罩，纱巾等防尘用品，以免沙尘对眼睛和呼吸道造成损伤；做好精密仪器的密封工作；3.把围板、棚架、临时搭建物 ,0,0,0,1553520300000
5184207582,萧问何,:“命运就像沙尘暴，你无处逃遁。只有勇敢跨入其中，当你从沙尘暴中逃出，你已不是跨入时的你了。”——村上春树《海边的卡夫卡》 ,0,0,0,1553519940000
3968005576,goodluck_清,:先生喜得一千金，希望女儿长大有出息。于是为女儿取名为“沙龙”。妻子说：“男孩才成龙，女孩成凤凰。”沙先生说：“那就叫沙凰吧！”妻子说：“女儿去俄罗斯当沙皇？我看还是取一个霸气一点的名字。”邻居听到了，邻居说：“干脆叫沙尘暴，十分迷人。 ,0,0,0,1553518080000
1372558151,该账号已被别扭星人占据,:今天说起刮沙尘暴的事儿 我说小学三年级的时候春天挂沙尘暴 班里就我一个人吃小饭桌 老师把我锁在教室外头 我端着我的小饭盆坐班门口吃 越想越心酸 现在都想哭 然后越想眼泪就出来了我妈听完了指着我骂窝囊废 一直骂我 到现在 ,0,0,0,1553514660000
3584542350,屁话大王脸脸,:极度不理智发言：蔡程昱发什么照片我都挺可以的（除了蒙了跟刮沙尘暴一样的滤镜的腹肌照） ,0,0,0,1553514300000
6739783540,马佳淑苑,:【沙尘天气防御指南】1.做好防风防沙准备，及时关闭门窗；2.注意携带口罩，纱巾等防尘用品，以免沙尘对眼睛和呼 ,0,0,0,1553514240000
1189103275,如语如行,:下班时风已经停了，天空明净。春天的大风一般都会在黄昏的时候停，也许入夜后又会刮起来，但此时一定会止息下来，它们也不忍破坏黄昏时的安详宁静。以前，像这样的大风天肯定会带来沙尘暴，而现在，不但沙尘暴很少见了，还能吹散雾霾，这样的春风才真好。 ,0,0,0,1553514120000
6723367795,罗伯特位从馥,:【沙尘天气防御指南】1.做好防风防沙准备，及时关闭门窗；2.注意携带口罩，纱巾等防尘用品，以免沙尘对眼睛和呼吸道造成损伤；做好精密仪器的密封工作；3.把围板、棚架、临 ,0,0,0,1553513760000
6914646508,喳喳_婆2,:命运就像沙尘暴，你无处逃遁。只有勇敢跨入其中，当你从沙尘暴中逃出，你已不是跨入时的你了。——村上春树《海边的卡夫卡》 ,0,0,0,1553512620000
3941726990,Cynthiabiubiubiu,:“当然，实际上你会从中穿过，穿过猛烈的沙尘暴，穿过形而上的、象征性的沙尘暴。但是，它既是形而上的、象征性的，同时又将如千万把剃须刀锋利地割裂你的血肉之躯。不知有多少人曾在那里流血，你本身也会流血。温暖的鲜红的血。你将双手接血。那既是你的血，又是别人的血。而沙尘暴偃旗息鼓之时，你恐怕还不能完全明白自己是如何从中穿过而得以逃生的，甚至它是否已经远去你大概都无从判断。不过有一点是清楚的：从沙尘暴中逃出的你已不再是跨入沙尘暴时的你。是的，这就是所谓沙尘暴的含义。”,0,0,0,1553509920000
2018451224,LLLunita,:沙尘暴天气下中东的印度人小孩还是在楼下空地玩的很疯 ,0,0,0,1553503260000
2280850905,DAVID_BRVAN,:今天刮轻度沙尘暴了，细沙粉尘！ ,0,0,0,1553500740000
6381736032,礼记局促中卫o,:我总觉得时间不够用！今天是怎么一回事，凌晨热死人；下午刮沙尘暴下大雨，此刻又乌云密布：7点多地震。 ,0,0,0,1553493480000
6022328191,随便吧就是想改个名,大家可以保护好他吗 那个ss也在机场,0,0,5,1553492460000
6936825302,momo8879t12,:命运就像沙尘暴，你无处逃遁。只有勇敢跨入其中，当你从沙尘暴中逃出，你已不是跨入时的你了。——村上春树《海边的卡夫卡》 ,0,0,0,1553484180000
5461691771,王爱民律师199901,:鄙人姓沙，喜得一千金，希望女儿长大有出息，于是想为女儿取名为“沙龙”。老婆：“男孩才成龙，女孩成凤凰。”我：“那就叫沙凰吧！”老婆：“女儿去俄罗斯当沙皇？我看还是取一个霸气一点的名字。”我：“干脆叫沙尘暴，十分迷人。 ,0,0,0,1553481660000
2862774965,海淀区万寿路健康教育,:一年四季都可能产生霾     一年四季都有可能产生霾，不只是在冬天。比如春季北方的沙尘暴、夏季的光化学反应、秋季秸秆焚烧等都会引起霾，冬季由于特殊的气候条件，更容易形成霾。 ,0,0,0,1553476320000
5609366962,WJFGYH,:命运就像沙尘暴，你无处逃遁。只有勇敢跨入其中，当你从沙尘暴中逃出，你已不是跨入时的你了。——村上春树《海边的卡夫卡》 ,0,0,0,1553469840000
2127778122,者尼不是Janine,:我也期待极端天气 但沙尘暴不算 ,0,0,0,1553468820000
1506521815,要努力长出小蘑菇丫,:从沙尘暴中逃出的你已不再是跨入沙尘暴时的你、 ,0,0,0,1553467560000
6521388566,mrhvi409,:凌晨热死人；而后停水停电：下午刮沙尘暴下大雨，今天是怎么一回事！ ,1,0,0,1553455020000
,刘硕烁,#北京春天的风有多大# 我发现之前拍过的几只大白猫，现在都变成大灰猫了，不得其解直到喂猫大妈告诉我，因为北京春天风大,0,0,1,1553448720000
6239261415,你猜猜看khayal,:命运就像沙尘暴，你无处逃遁。只有勇敢跨入其中，当你从沙尘暴中逃出，你已不是跨入时的你了。——村上春树《海边的卡夫卡》 ,0,0,0,1553446620000
5641419182,Jackyvany,:D~96③①我说我不喜欢辣，说自己是四川人带我体验辣美味,0,0,1,1553433840000
6935220139,天鹅村之旅07,:命运就像沙尘暴，你无处逃遁。只有勇敢跨入其中，当你从沙尘暴中逃出，你已不是跨入时的你了。——村上春树《海边的卡夫卡》 ,0,0,0,1553433780000
6677393155,商起宝贝毓,:【沙尘天气防御指南】1.做好防风防沙准备，及时关闭门窗；2.注意携带口罩，纱巾等防尘用品，以免沙尘 ,0,0,0,1553427780000
,武汉东湖学院广播台,:周一下午《体育沙尘暴》：赛场最真时刻：1.奥预赛-国奥5-0老挝迎开门红，张玉宁助攻林良铭破门，杨立瑜双响；2.友谊赛-阿根廷1-3委内瑞拉，梅西回归首秀告负，劳塔罗破门难救主；3.NBA常规赛-马刺105-111火箭，哈登61分封神之战拒绝逆转。  体育侃吧：哈登的十年磨一剑     动感快车：曲棍球。   播音：@张奕歆 @贺姗姗   编辑@贺姗姗,0,0,0,1553425200000
3268576114,泉林散人,:院长又问同样问题：脑电图、这款车身被喷涂成标志性沙尘暴色的StaffCar；医学院毕业生去某医院应聘！具备基本的钢制轮毂……户外概念车……”院长“欢迎你来我院工作、在患处涂抹点消毒液就可以了”院长摇头、【JeepStaffCar车】这款车型旨在致敬Jeep传统军用车型…… ,2,0,0,1553424540000
5596378658,布偶猫零度限量版,:从前有一群鸵鸟奔跑在一望无际的沙漠上，它们的目标是找到拥有水源的世外桃源，一路上它们经历了沙尘暴，还有同伴离去，但是它们没有退缩继续在这片未知的荒漠上奔跑着，但是领头的鸵鸟貌似迷失了方向，鸵鸟中有一部分鸵鸟说“往这个方向跑好像不是个很明智的选择，我们应该给领头的鸵鸟说一下让它改变方向”，但是它们的提议很快遭到了否决，其余的鸵鸟对它们说“不要试图去改变领头鸵鸟的想法，它比你想的清楚！”于是鸵鸟们纷纷蒙上了自己的眼睛，继续在这片荒漠上奔跑着，等待它们的会是什么呢？也许它们会渴死在这片沙漠里，也许它们会到达拥有水源的世外桃源，总之它们继漫无目的的在这片沙漠上奔跑着。,1,0,1,1553421780000
6217522191,上网冲浪的搬砖小陈,:elf的腮红好看是好看，但是飞粉程度就很沙尘暴样湿又野的腮红就不飞且好用 ,0,0,0,1553416920000
6335143384,夏日果汁柠檬520,:应该说我已经“老化”了。我经历过暴风雨，经历过沙尘暴。当我走出那片领域时，当它再来袭卷时，我就能看透它的真实面目。 ,0,0,0,1553413620000
2396823582,宝鸡文理学院物电学院团总支,:#物电院团总支# @助学部命运就像沙尘暴，你无处逃遁。只有勇敢跨入其中，当你从沙尘暴中逃出，你已不是跨入时的你了。——村上春树《海边的卡夫卡》 ,1,0,0,1553411820000
3709494971,_叶假假,:今天沙尘暴，我又歇逼了 ,0,0,0,1553409600000
1301890595,晚鸿秋鸣,【关于“聊城主任医师开假药”案侦办情况的通报】对“聊城主任医师开假药”问题，省委、省政府高度重视，省公安厅指导聊城市、东昌府区两级公安机关依法开展侦查调查，现已查清主要事实。3月24日，聊城市公安局东昌府分局依法对陈宗祥、王清伟作出终止侦查的决定。经查，2018年4月14日，患者王某禹因患小细胞肺癌和膀胱癌，入住聊城市肿瘤医院，同年11月10日因病去世。治疗期间，主任医师陈宗祥向王某禹之女王某青推荐未经批准的进口药“卡博替尼”，并让其自行购买。王某青请求陈宗祥介绍购买渠道，陈宗祥将购买过此药的病人家属王清伟介绍给王某青。应王某青之弟王某光请求，王清伟将为其父购买但未使用的1瓶“卡博替尼”转卖给王某光；后应王某光请求，王清伟又从段某真处帮其购买一瓶“卡博替尼”，共获利784元。依照《药品管理法》有关规定，“卡博替尼”为必须批准而未经批准进口的药品。陈宗祥向患者推荐“卡博替尼”并列入医嘱，违反了《执业医师法》相关规定。经多方查证，未发现陈宗祥从中牟利，与药品销售人员也不存在利益关联，没有证据证明王某禹死亡与该药有直接关系。其行为虽属违法，但尚不构成犯罪，聊城市公安局东昌府分局依法对陈宗祥作出终止侦查的决定。王清伟应王某光请求，转卖和帮助购买“卡博替尼”，并从中少量获利，但其行为情节显著轻微，危害不大，不认为是犯罪，聊城市公安局东昌府分局依法对王清伟作出终止侦查的决定。王某青在其父去世后，多次辱骂陈宗祥和院方工作人员，扰乱医院正常秩序，聊城市公安局东昌府分局决定对其予以训诫。另据侦查，段某真自2017年11月以来，大量代购、销售未经批准进口的境外药品并从中牟利，将另案处理。,0,0,0,1553409420000
1924138050,天堂凹_791,:睡前在智联上又是一顿猛投，我是疯了吧？？[丘比特]说风就是雨，不，下次我要沙尘暴,0,0,0,1553408460000
5649400492,喜欢你就眨眨眼,:这个小哥为什么要在大半夜刮沙尘暴的时候外出 是为了给了睿睿他们一个救人的机会让自己父亲帮他们吗 ,0,0,0,1553407560000
6275151514,小狗熊中狗熊大狗熊,:沙尘暴😱 ,0,0,0,1553407500000
3630604494,一触即发-核弹少女,:春天来了，又到了……沙尘暴的季节呜呜呜呜呜，为什么离开大西北来到大东北还是离不开被沙子糊脸的命运 ,0,0,0,1553402640000
5767996144,D潼小妞,:【JeepStaffCar车】这款车型旨在致敬Jeep传统军用车型：横卧于汽车车厢的统座、传承了许多牧马人的设计线索。以四门牧马人车型为蓝本；户外概念车……看起来老旧的设计是一种尝试、这款车身被喷涂成标志性沙尘暴色的StaffCar。紧绷的帆布车顶。具备基本的钢制轮毂…… ,0,1,0,1553393220000
6371988550,e19魔法袋1996,:具备基本的钢制轮毂……紧绷的帆布车顶……看起来老旧的设计是一种尝试、以四门牧马人车型为蓝本。这款车身被喷涂成标志性沙尘暴色的StaffCar；国足口号……横卧于汽车车厢的统座！户外概念车！【JeepStaffCar车】这款车型旨在致敬Jeep传统军用车型！传承了许多牧马人的设计线索…… ,1,0,0,1553392260000
5462540407,Mars棋文,:从天而降的稀泥——1902 年4月11日，美国伊利诺伊州发生了一场沙尘暴，其规模之大几乎遍布美国东部地区的整片天空；当席卷泥沙的风暴经过纽约、新泽西州、康涅狄格州和宾夕法尼亚州时，与这里的雨云相遇导致稀泥从天而降，虽然历时仅短短几分钟，却引起广泛关注。 ,0,0,0,1553389140000
2862774965,海淀区万寿路健康教育,:3、一年四季都可能产生霾     一年四季都有可能产生霾，不只是在冬天。比如春季北方的沙尘暴、夏季的光化学反应、秋季秸秆焚烧等都会引起霾，冬季由于特殊的气候条件，更容易形成霾。 ,0,1,0,1553387820000
6935998543,答大鬼1号1,:命运就像沙尘暴，你无处逃遁。只有勇敢跨入其中，当你从沙尘暴中逃出，你已不是跨入时的你了。——村上春树《海边的卡夫卡》 ,0,0,0,1553387220000
6934334375,孤独的柄凉皮9,:命运就像沙尘暴，你无处逃遁。只有勇敢跨入其中，当你从沙尘暴中逃出，你已不是跨入时的你了。——村上春树《海边的卡夫卡》 ,0,0,0,1553373720000
6647695276,手班的爱婵,:【沙尘天气防御指南】1.做好防风防沙准备，及时关闭门窗；2.注意携带口罩，纱巾等防尘用品，以免沙尘对眼睛和呼吸道造成损伤；做好精密仪器的密封工作；3.把围板、棚架、临时搭建物等易被风吹动的搭建物固紧，妥善安置易受沙尘暴影 ,0,0,0,1553365260000
3888954098,烤肉面片,:经历过沙尘暴和潮女野🐔洗礼的表示这根本弱爆了,0,0,2,1553359680000
5608075056,桃浪月九,:今日份沙雕: 先护发素后洗发水？？？,0,0,0,1553357040000
5292420017,旺仔牛奶咋了,:什么时候才能穿上我买的小裙子呀不要再刮沙尘暴了吧感觉喉咙里都是沙子可是沙尘暴要持续到五六月呀怎么办啊啊啊前天买的书今天就看完了我就说我看书速度太快了买书一点都不划算可是还是很想看怎么办啊啊啊啊啊啊啊 ,0,0,0,1553353980000
2629020620,凰兮凰兮-,:爱情来的太快就像龙卷风走的也快就像沙尘暴,0,0,0,1553347020000
5307695940,cchinmmm,:吐槽一下…黄金瞳？？一直生活在沙漠里的人是如何说服自己在沙尘暴的半夜骑着心爱的骆驼离家出走的？？以及，沙尘暴后他们开车走的那条路是不是太干净了？敢情公路是开过光吧，风沙都绕着你走？台词…20分钟后车那里见，你们下车走了几分钟？返回车20分钟，这都走不出去多远好吗，真的是来找人的吗？主角光环亮瞎了眼。这个剧，剧情什么的且不说，拍着玩的吗？一段一段的，转景的连贯性一点没看到…突兀，也不知是导演的责任大还是编剧or剪辑的责任了。,0,0,0,1553332740000
2701537293,看清你的态度,:这款车身被喷涂成标志性沙尘暴色的StaffCar！紧绷的帆布车顶，传承了许多牧马人的设计线索、最帅的Remix；【JeepStaffCar车】这款车型旨在致敬Jeep传统军用车型。横卧于汽车车厢的统座！ ,0,1,0,1553332320000
5674884933,XiAoDoNgXi_,:成年人的崩溃确实是无声的内心沙尘暴卷走一座又一座城市残垣断壁又被海啸冲刷心碎成沙子就算捡起来都根本没法拼溺水了以后又被鲨鱼吞掉等了三夜都没有等到天明无人生还    这种程度说出来的却是没什么啊    怎么了                             ——杨美味 ,0,0,0,1553330880000
5385198822,废人王rt,:练车场被风吹得跟沙尘暴一样,0,0,0,1553326620000
6688428410,中观要靠谱鱼200811,:【沙尘天气防御指南】1.做好防风防沙准备，及时关闭门窗；2.注意携带口罩，纱巾等防尘用品，以 ,0,0,0,1553326020000
,潍坊市图书馆,:#潍图心语# 命运就像沙尘暴，你无处逃遁。只有勇敢跨入其中，当你从沙尘暴中逃出，你已不是跨入时的你了。——村上春树《海边的卡夫卡》 ,0,0,0,1553320800000
6905689783,QPeakYee8,:命运就像沙尘暴，你无处逃遁。只有勇敢跨入其中，当你从沙尘暴中逃出，你已不是跨入时的你了。——村上春树《海边的卡夫卡》 ,0,0,0,1553311800000
6647469573,谷映蝶201808,:人家都踏春去了，新疆到处都光秃秃的，除了沙尘暴还是沙尘暴,0,0,0,1553311140000
6026712866,宇宙不知名角落,:我身处沙尘暴之中 ,0,0,0,1553309340000
3931666968,kanye,:这个国家的文化是真的土 土到骨子里的土 土到把干净的文化强奸一遍的土 沙尘暴、蝗虫一般的土 通过网络 生活方式 话语 精神吞噬你 包裹你 我恨 我痛恨 ,13,1,0,1553307420000
6767942515,禛禛啊啊啊,:#看晴儿老佛爷就哭了#眼里进了沙尘暴,0,0,0,1553307300000
3553964882,刘梦涵阿·,:博主发布情绪敏感黄色沙尘暴预警 ,4,0,4,1553304240000
6611766788,醒着做梦_lani,:横卧于汽车车厢的统座；这款车身被喷涂成标志性沙尘暴色的StaffCar！如果世界只剩1分钟；如果世界只剩3分钟；我会说60次我爱你；我会和你一同回忆走过的风风雨雨、如果世界只剩10分钟……传承了许多牧马人的设计线索……紧绷的帆布车顶。 ,1,0,0,1553285880000
6594782248,穿过暖冬季节云1234,:【沙尘天气防御指南】1.做好防风防沙准备，及时关闭门窗；2.注意携带口罩，纱巾等防尘用品，以免沙尘对眼睛和呼吸道造成损伤；做好精密仪器的密封工作；3.把围板、棚架、临时搭建物等易被风吹动的搭建物固紧，妥善安置易受沙尘暴影响的室外物品； ,0,0,0,1553284860000
6935881542,冬储观大白菜15,:命运就像沙尘暴，你无处逃遁。只有勇敢跨入其中，当你从沙尘暴中逃出，你已不是跨入时的你了。——村上春树《海边的卡夫卡》 ,0,0,0,1553280180000
6935994667,cecilydaiQ5,:命运就像沙尘暴，你无处逃遁。只有勇敢跨入其中，当你从沙尘暴中逃出，你已不是跨入时的你了。——村上春树《海边的卡夫卡》 ,0,0,0,1553278680000
,失踪小星星,:#周末的夜晚# 今天沙漠风超级大，又要沙尘暴来袭。。。恐怕。。刚刚突然楼下起火了。可能有烟民吸烟乱扔烟头到垃圾堆，例如来自天朝、巴基或者菲菲的烟民。。如此没素质，，正常不过了。。导致垃圾堆在大风作用下，起火了。。社区一大堆印度居民立刻自发从家里带了灭火器，开始灭火。。此起彼伏的灭火器 嗤嗤呲呲的声音，，很快火就被控制住。幸好，没有惊动烟雾报警器，否则报警，就一堆警车要出动了。。#如果吸烟，请尊重别人；灭烟请灭彻底，这是基本常识#,1,0,1,1553276880000
6130809058,微生翽羽,:还是逃不掉哭成狗的命运今天我吃了好多东西，还看了花阿拉尔刮沙尘暴了，上课都要先擦桌子，不然就会坐一屁股灰以后点名都不会缺一个人了，可是网媒永远都是四十七个人，没有人会忘记你，每天都会多吃一点，多笑一下，多看一眼这个世界，替你活下去，活的无憾姑娘小小的可爱的南方姑娘一天八根香肠撑破了裙子的姑娘会很大声的叫我华华的姑娘带偏了全班湖南口音的姑娘很喜欢很喜欢哥哥的姑娘什么都没留给这个世界，什么都没留给我们因为答应了单姐要元气满满所以今天一整天都很开心可还是很想你，痛入骨髓，无法呼吸 你带了那么多特产回家，你坐了那么久的火车可还有期待，可还有挂牵你爱的人都笑了吗你还会难过吗湖水冷吗亲爱的，抱抱你好吗不哭了  乖 不可结缘啊不可结缘嘛可我还是很庆幸，有生之年遇到过你,1,0,0,1553275920000
6026978132,小耙耙耙ido,:偶尔吃醋来点酸雨！痛苦煎熬爆发火山：这不和我的恋爱一个症状嘛，相思难解频刮沙尘暴，地球怎么啦?心态失衡产生地震……心田寂寞导致干旱！ ,0,0,0,1553270340000
1942431844,佩小叶,:,1,0,0,1553261760000
6760896117,AAA黛顰,:最近新疆的沙尘暴风尘太大了，出去一会，鼻子里都是灰尘，我好想回去了，不想带新疆了。 ,0,0,0,1553257620000
2052488532,Juna-ly,:这个春天，关了2次壁挂炉，就感冒了2次，天气变化反复无常，什么时候沙尘暴才能过去，草绿天蓝花开呢？ ,0,0,0,1553250600000
2179863533,-笺墨-,:哈哈哈哈今天西北风5到6级，就呼呼的，我和姥姥聊天，我说“风这么大不是要刮沙尘暴了吧？”，我姥姥说“就是刮沙尘暴了呀”，我反驳她“没见沙子呀，空气特别好”，她说“全让树挡着了”,0,0,0,1553248620000
6484222635,attachmen6484222635,:你是风儿，我是沙，缠缠绵绵就成了,0,0,0,1553236260000
,写在手心里的字词句,:命运就像沙尘暴，你无处逃遁。只有勇敢跨入其中，当你从沙尘暴里逃出，你已不是跨入时的你了。 ,0,0,0,1553236140000
2398287851,乖乖猪-01,:#电视剧黄金瞳##张艺兴黄金瞳# 吐槽一下，阿来是生长在沙漠的人，他难道不知道要来沙尘暴了是不能进沙漠的吗？ ,0,0,0,1553231460000
2862774965,海淀区万寿路健康教育,:3、一年四季都可能产生霾     一年四季都有可能产生霾，不只是在冬天。比如春季北方的沙尘暴、夏季的光化学反应、秋季秸秆焚烧等都会引起霾，冬季由于特殊的气候条件，更容易形成霾。 ,0,0,0,1553214300000
5590217204,cooovy,:不可抗力有地震、海啸、沙尘暴，还有大姨妈…,0,0,1,1553213160000
3487551283,雨川杏,:凌晨热死人……下午刮沙尘暴下大雨、此刻又乌云密布、今天是怎么一回事！7点多地震，而后停水停电 ,2,0,0,1553211300000
6715357799,力能扛鼎的小摩托,:【沙尘天气防御指南】1.做好防风防沙准备，及时关闭门窗；2.注意携带口罩，纱巾等防尘用品，以免沙尘对眼睛和呼吸道造成损伤；做好精密仪器的密封工作；3.把围板、棚架、临时搭建 ,0,0,0,1553205780000
6628924099,浅风_sallyhuit,:看起来老旧的设计是一种尝试，这款车身被喷涂成标志性沙尘暴色的StaffCar。紧绷的帆布车顶……以四门牧马人车型为蓝本；我不需要多么完美的爱情：具备基本的钢制轮毂！我只需要有一个人永远不会放弃我 的人～～……户外概念车：传承了许多牧马人的设计线索。【JeepStaffCar车】这款车型旨在致敬Jeep传统军用车型！,1,0,0,1553198640000
6687651468,阳琬6687651468,:【沙尘天气防御指南】1.做好防风防沙准备，及时关闭门窗；2.注意携带 [加油] 口罩，纱巾等防尘用品，以免沙尘对眼睛和呼吸道造成损伤；做好精密仪器的密封工作；3.把围板、棚架、临时搭建物等易被风吹动的搭建物固紧，妥善安置易受沙尘暴影响的室外物品；4.由于能见度较低，驾驶人员应控制速度，确保安全。,0,0,0,1553193540000
5527667563,花卷卷不花,:D71凌晨说了我以为我绝对不可能说的话，感觉好像也没那么糟，不敢看回复，关了手机迷迷糊糊就睡着了，结果五点肚子就疼醒了，还是一天沙尘暴，爸比出差飞机晚了五个小时，还好最后顺利起飞了，我今天窝了一天，快递还没取。真的是体会不到吃鸡双排的乐趣，自己真是宛如智障,0,0,0,1553187720000
6611273867,飛鳥_vesin,:是谁在歌颂……你的荣光降下风霜！“远方，相思难解频刮沙尘暴！偶尔吃醋来点酸雨…… ,0,0,0,1553186460000
6790051766,用户6790051766,这是无意间的撩吗？ 还小不懂 微博视频 ,0,0,0,1553182920000
6788920543,用户6788920543,这是无意间的撩吗？ 还小不懂 微博视频 ,0,0,0,1553182620000
6788162433,用户6788162433_9287,这是无意间的撩吗？ 还小不懂 微博视频 ,0,0,0,1553182020000
